,Bureau of Meteorology station number,Rainfall amount (millimetres),Maximum temperature (Degree C),Minimum temperature (Degree C),Date,Temperature Range
0,9225,,,,1/01/1993,0
1,9225,,,,2/01/1993,0
2,9225,,,,3/01/1993,0
3,9225,,,,4/01/1993,0
4,9225,,,,5/01/1993,0
5,9225,,,,6/01/1993,0
6,9225,,,,7/01/1993,0
7,9225,,,,8/01/1993,0
8,9225,,,,9/01/1993,0
9,9225,,,,10/01/1993,0
10,9225,,,,11/01/1993,0
11,9225,,,,12/01/1993,0
12,9225,,,,13/01/1993,0
13,9225,,,,14/01/1993,0
14,9225,,,,15/01/1993,0
15,9225,,,,16/01/1993,0
16,9225,,,,17/01/1993,0
17,9225,,,,18/01/1993,0
18,9225,,,,19/01/1993,0
19,9225,,,,20/01/1993,0
20,9225,,,,21/01/1993,0
21,9225,,,,22/01/1993,0
22,9225,,,,23/01/1993,0
23,9225,,,,24/01/1993,0
24,9225,,,,25/01/1993,0
25,9225,,,,26/01/1993,0
26,9225,,,,27/01/1993,0
27,9225,,,,28/01/1993,0
28,9225,,,,29/01/1993,0
29,9225,,,,30/01/1993,0
30,9225,,,,31/01/1993,0
31,9225,0,,,1/02/1993,0
32,9225,0,,,2/02/1993,0
33,9225,0,,,3/02/1993,0
34,9225,0,,,4/02/1993,0
35,9225,0,,,5/02/1993,0
36,9225,23,,,6/02/1993,0
37,9225,4.6,,,7/02/1993,0
38,9225,0,,,8/02/1993,0
39,9225,0,,,9/02/1993,0
40,9225,0,,,10/02/1993,0
41,9225,0,,,11/02/1993,0
42,9225,0,,,12/02/1993,0
43,9225,0,,,13/02/1993,0
44,9225,0,,,14/02/1993,0
45,9225,0,,,15/02/1993,0
46,9225,0,,,16/02/1993,0
47,9225,0,,,17/02/1993,0
48,9225,0,,,18/02/1993,0
49,9225,0,,,19/02/1993,0
50,9225,0,,,20/02/1993,0
51,9225,0,,,21/02/1993,0
52,9225,0,,,22/02/1993,0
53,9225,0,,,23/02/1993,0
54,9225,0,,,24/02/1993,0
55,9225,0,,,25/02/1993,0
56,9225,0,,,26/02/1993,0
57,9225,0,,,27/02/1993,0
58,9225,0,,,28/02/1993,0
59,9225,0,,,1/03/1993,0
60,9225,0,,,2/03/1993,0
61,9225,0,,,3/03/1993,0
62,9225,0,,,4/03/1993,0
63,9225,0,,,5/03/1993,0
64,9225,0,,,6/03/1993,0
65,9225,0,,,7/03/1993,0
66,9225,0,,,8/03/1993,0
67,9225,0,,,9/03/1993,0
68,9225,0,,,10/03/1993,0
69,9225,0,,,11/03/1993,0
70,9225,0,,,12/03/1993,0
71,9225,0,,,13/03/1993,0
72,9225,0,,,14/03/1993,0
73,9225,0,,,15/03/1993,0
74,9225,0,,,16/03/1993,0
75,9225,0,,,17/03/1993,0
76,9225,0.8,,,18/03/1993,0
77,9225,1.6,,,19/03/1993,0
78,9225,1.4,,,20/03/1993,0
79,9225,0,,,21/03/1993,0
80,9225,0,,,22/03/1993,0
81,9225,0,,,23/03/1993,0
82,9225,0,,,24/03/1993,0
83,9225,2,,,25/03/1993,0
84,9225,0,,,26/03/1993,0
85,9225,0,,,27/03/1993,0
86,9225,0,,,28/03/1993,0
87,9225,0,,,29/03/1993,0
88,9225,0,,,30/03/1993,0
89,9225,0,,,31/03/1993,0
90,9225,0,,,1/04/1993,0
91,9225,0,,,2/04/1993,0
92,9225,5.2,,,3/04/1993,0
93,9225,1.4,,,4/04/1993,0
94,9225,2.6,,,5/04/1993,0
95,9225,0,,,6/04/1993,0
96,9225,0,,,7/04/1993,0
97,9225,0,,,8/04/1993,0
98,9225,1.8,,,9/04/1993,0
99,9225,0,,,10/04/1993,0
100,9225,2.6,,,11/04/1993,0
101,9225,0,,,12/04/1993,0
102,9225,0,,,13/04/1993,0
103,9225,0,,,14/04/1993,0
104,9225,0,,,15/04/1993,0
105,9225,0,,,16/04/1993,0
106,9225,0,,,17/04/1993,0
107,9225,1,,,18/04/1993,0
108,9225,0,,,19/04/1993,0
109,9225,0,,,20/04/1993,0
110,9225,0,,,21/04/1993,0
111,9225,0,,,22/04/1993,0
112,9225,0,,,23/04/1993,0
113,9225,0,,,24/04/1993,0
114,9225,0,,,25/04/1993,0
115,9225,0,,,26/04/1993,0
116,9225,0,,,27/04/1993,0
117,9225,0,,,28/04/1993,0
118,9225,0,,,29/04/1993,0
119,9225,0,,,30/04/1993,0
120,9225,0,,,1/05/1993,0
121,9225,33,,,2/05/1993,0
122,9225,0,,,3/05/1993,0
123,9225,0,,,4/05/1993,0
124,9225,0,,,5/05/1993,0
125,9225,0,,,6/05/1993,0
126,9225,0,,,7/05/1993,0
127,9225,0,,,8/05/1993,0
128,9225,0,,,9/05/1993,0
129,9225,0,,,10/05/1993,0
130,9225,0,,,11/05/1993,0
131,9225,0,,,12/05/1993,0
132,9225,0,,,13/05/1993,0
133,9225,0,,,14/05/1993,0
134,9225,0,,,15/05/1993,0
135,9225,0,,,16/05/1993,0
136,9225,0,,,17/05/1993,0
137,9225,9,,,18/05/1993,0
138,9225,12.6,,,19/05/1993,0
139,9225,1,,,20/05/1993,0
140,9225,0,,,21/05/1993,0
141,9225,0,,,22/05/1993,0
142,9225,0,,,23/05/1993,0
143,9225,0,,,24/05/1993,0
144,9225,0,,,25/05/1993,0
145,9225,0,,,26/05/1993,0
146,9225,2.2,,,27/05/1993,0
147,9225,34.4,,,28/05/1993,0
148,9225,35.8,,,29/05/1993,0
149,9225,1.6,,,30/05/1993,0
150,9225,0,,,31/05/1993,0
151,9225,0,,,1/06/1993,0
152,9225,3.4,,,2/06/1993,0
153,9225,0,,,3/06/1993,0
154,9225,0,,,4/06/1993,0
155,9225,0,,,5/06/1993,0
156,9225,0,,,6/06/1993,0
157,9225,0,,,7/06/1993,0
158,9225,0,,,8/06/1993,0
159,9225,8.4,,,9/06/1993,0
160,9225,0,,,10/06/1993,0
161,9225,0,,,11/06/1993,0
162,9225,0,,,12/06/1993,0
163,9225,0,,,13/06/1993,0
164,9225,0,,,14/06/1993,0
165,9225,0,,,15/06/1993,0
166,9225,25.2,,,16/06/1993,0
167,9225,0.6,,,17/06/1993,0
168,9225,3,,,18/06/1993,0
169,9225,0,,,19/06/1993,0
170,9225,0.6,,,20/06/1993,0
171,9225,0,,,21/06/1993,0
172,9225,0,,,22/06/1993,0
173,9225,0,,,23/06/1993,0
174,9225,0,,,24/06/1993,0
175,9225,0,,,25/06/1993,0
176,9225,0.6,,,26/06/1993,0
177,9225,0,,,27/06/1993,0
178,9225,15.6,,,28/06/1993,0
179,9225,5.8,,,29/06/1993,0
180,9225,1.2,,,30/06/1993,0
181,9225,0,,,1/07/1993,0
182,9225,12.4,,,2/07/1993,0
183,9225,0,,,3/07/1993,0
184,9225,3.8,,,4/07/1993,0
185,9225,0,,,5/07/1993,0
186,9225,0,,,6/07/1993,0
187,9225,0,,,7/07/1993,0
188,9225,0,,,8/07/1993,0
189,9225,1.6,,,9/07/1993,0
190,9225,0.2,,,10/07/1993,0
191,9225,11.2,,,11/07/1993,0
192,9225,24.6,,,12/07/1993,0
193,9225,0.2,,,13/07/1993,0
194,9225,1.8,,,14/07/1993,0
195,9225,2.6,,,15/07/1993,0
196,9225,6,,,16/07/1993,0
197,9225,0,,,17/07/1993,0
198,9225,0,,,18/07/1993,0
199,9225,0,,,19/07/1993,0
200,9225,0,,,20/07/1993,0
201,9225,0,,,21/07/1993,0
202,9225,6.4,,,22/07/1993,0
203,9225,0.6,,,23/07/1993,0
204,9225,0,,,24/07/1993,0
205,9225,3.6,,,25/07/1993,0
206,9225,7,,,26/07/1993,0
207,9225,2.8,,,27/07/1993,0
208,9225,3,,,28/07/1993,0
209,9225,22.2,,,29/07/1993,0
210,9225,9.2,,,30/07/1993,0
211,9225,4,,,31/07/1993,0
212,9225,0,,,1/08/1993,0
213,9225,0,,,2/08/1993,0
214,9225,0,,,3/08/1993,0
215,9225,11.2,,,4/08/1993,0
216,9225,0,,,5/08/1993,0
217,9225,16.8,,,6/08/1993,0
218,9225,15.6,,,7/08/1993,0
219,9225,1,,,8/08/1993,0
220,9225,6,,,9/08/1993,0
221,9225,0,,,10/08/1993,0
222,9225,0,,,11/08/1993,0
223,9225,13.6,,,12/08/1993,0
224,9225,1,,,13/08/1993,0
225,9225,0.4,,,14/08/1993,0
226,9225,19,,,15/08/1993,0
227,9225,10.2,,,16/08/1993,0
228,9225,0,,,17/08/1993,0
229,9225,0,,,18/08/1993,0
230,9225,0,,,19/08/1993,0
231,9225,0,,,20/08/1993,0
232,9225,0,,,21/08/1993,0
233,9225,0,,,22/08/1993,0
234,9225,0,,,23/08/1993,0
235,9225,0,,,24/08/1993,0
236,9225,14,,,25/08/1993,0
237,9225,0,,,26/08/1993,0
238,9225,0,,,27/08/1993,0
239,9225,0,,,28/08/1993,0
240,9225,41.8,,,29/08/1993,0
241,9225,6.6,,,30/08/1993,0
242,9225,1.2,,,31/08/1993,0
243,9225,0,,,1/09/1993,0
244,9225,0,,,2/09/1993,0
245,9225,0,,,3/09/1993,0
246,9225,15.8,,,4/09/1993,0
247,9225,0.2,,,5/09/1993,0
248,9225,2.8,,,6/09/1993,0
249,9225,16,,,7/09/1993,0
250,9225,10.8,,,8/09/1993,0
251,9225,0,,,9/09/1993,0
252,9225,0,,,10/09/1993,0
253,9225,0.6,,,11/09/1993,0
254,9225,0,,,12/09/1993,0
255,9225,0,,,13/09/1993,0
256,9225,0,,,14/09/1993,0
257,9225,1.2,,,15/09/1993,0
258,9225,5.4,,,16/09/1993,0
259,9225,4.2,,,17/09/1993,0
260,9225,2.8,,,18/09/1993,0
261,9225,0,,,19/09/1993,0
262,9225,0,,,20/09/1993,0
263,9225,0,,,21/09/1993,0
264,9225,0,,,22/09/1993,0
265,9225,4.1,,,23/09/1993,0
266,9225,0,,,24/09/1993,0
267,9225,0,,,25/09/1993,0
268,9225,0,,,26/09/1993,0
269,9225,4.8,,,27/09/1993,0
270,9225,0.4,,,28/09/1993,0
271,9225,2.4,,,29/09/1993,0
272,9225,11.2,,,30/09/1993,0
273,9225,,,,1/10/1993,0
274,9225,,,,2/10/1993,0
275,9225,,,,3/10/1993,0
276,9225,,,,4/10/1993,0
277,9225,,,,5/10/1993,0
278,9225,,,,6/10/1993,0
279,9225,,,,7/10/1993,0
280,9225,,,,8/10/1993,0
281,9225,,,,9/10/1993,0
282,9225,,,,10/10/1993,0
283,9225,,,,11/10/1993,0
284,9225,,,,12/10/1993,0
285,9225,,,,13/10/1993,0
286,9225,,,,14/10/1993,0
287,9225,,,,15/10/1993,0
288,9225,,,,16/10/1993,0
289,9225,,,,17/10/1993,0
290,9225,,,,18/10/1993,0
291,9225,,,,19/10/1993,0
292,9225,,,,20/10/1993,0
293,9225,,,,21/10/1993,0
294,9225,,,,22/10/1993,0
295,9225,,,,23/10/1993,0
296,9225,,,,24/10/1993,0
297,9225,,,,25/10/1993,0
298,9225,,,,26/10/1993,0
299,9225,,,,27/10/1993,0
300,9225,,,,28/10/1993,0
301,9225,,,,29/10/1993,0
302,9225,,,,30/10/1993,0
303,9225,,,,31/10/1993,0
304,9225,0.8,,,1/11/1993,0
305,9225,0,,,2/11/1993,0
306,9225,0,,,3/11/1993,0
307,9225,0,,,4/11/1993,0
308,9225,0,,,5/11/1993,0
309,9225,0,,,6/11/1993,0
310,9225,0,,,7/11/1993,0
311,9225,1.8,,,8/11/1993,0
312,9225,0,,,9/11/1993,0
313,9225,0,,,10/11/1993,0
314,9225,3,,,11/11/1993,0
315,9225,0,,,12/11/1993,0
316,9225,0,,,13/11/1993,0
317,9225,1,,,14/11/1993,0
318,9225,0.2,,,15/11/1993,0
319,9225,0,,,16/11/1993,0
320,9225,0,,,17/11/1993,0
321,9225,0,,,18/11/1993,0
322,9225,0,,,19/11/1993,0
323,9225,0,,,20/11/1993,0
324,9225,0,,,21/11/1993,0
325,9225,0,,,22/11/1993,0
326,9225,0,,,23/11/1993,0
327,9225,0,,,24/11/1993,0
328,9225,0,,,25/11/1993,0
329,9225,0.2,,,26/11/1993,0
330,9225,0,,,27/11/1993,0
331,9225,0,,,28/11/1993,0
332,9225,0,,,29/11/1993,0
333,9225,0,,,30/11/1993,0
334,9225,0,,,1/12/1993,0
335,9225,0,,,2/12/1993,0
336,9225,0,,,3/12/1993,0
337,9225,0,,,4/12/1993,0
338,9225,0,,,5/12/1993,0
339,9225,0,,,6/12/1993,0
340,9225,0,,,7/12/1993,0
341,9225,0,,,8/12/1993,0
342,9225,0.4,,,9/12/1993,0
343,9225,0.8,,,10/12/1993,0
344,9225,0,,,11/12/1993,0
345,9225,0,,,12/12/1993,0
346,9225,0,,,13/12/1993,0
347,9225,0,,,14/12/1993,0
348,9225,0,,,15/12/1993,0
349,9225,0,,,16/12/1993,0
350,9225,0,,,17/12/1993,0
351,9225,0,,,18/12/1993,0
352,9225,0,,,19/12/1993,0
353,9225,0,,,20/12/1993,0
354,9225,0,,,21/12/1993,0
355,9225,0,,,22/12/1993,0
356,9225,0,,,23/12/1993,0
357,9225,0,,,24/12/1993,0
358,9225,0,,,25/12/1993,0
359,9225,0,,,26/12/1993,0
360,9225,0,,,27/12/1993,0
361,9225,1.2,,,28/12/1993,0
362,9225,0,,,29/12/1993,0
363,9225,0,,,30/12/1993,0
364,9225,0,,,31/12/1993,0
365,9225,0,24,15.6,1/01/1994,8.4
366,9225,0,23.7,13.6,2/01/1994,10.1
367,9225,0,23.4,14,3/01/1994,9.4
368,9225,0,23.6,13.4,4/01/1994,10.2
369,9225,0,24.5,13.6,5/01/1994,10.9
370,9225,0,24.5,16.2,6/01/1994,8.3
371,9225,0,24.5,14.6,7/01/1994,9.9
372,9225,0,27.7,14.7,8/01/1994,13
373,9225,0,30.5,15.4,9/01/1994,15.1
374,9225,0,27.8,18,10/01/1994,9.8
375,9225,0,29.3,17.2,11/01/1994,12.1
376,9225,0,29.7,17.2,12/01/1994,12.5
377,9225,0,32.5,18.1,13/01/1994,14.4
378,9225,0,31.8,19,14/01/1994,12.8
379,9225,1.4,22.5,17.8,15/01/1994,4.7
380,9225,0,22.9,16.2,16/01/1994,6.7
381,9225,0,26.6,14.3,17/01/1994,12.3
382,9225,0,30.4,16,18/01/1994,14.4
383,9225,0,33.9,18.6,19/01/1994,15.3
384,9225,0,40.3,20.9,20/01/1994,19.4
385,9225,0,30.6,23.9,21/01/1994,6.7
386,9225,0,32,17.9,22/01/1994,14.1
387,9225,0,36.1,18.4,23/01/1994,17.7
388,9225,0,25.1,20.2,24/01/1994,4.9
389,9225,0.2,21.9,16.2,25/01/1994,5.7
390,9225,0,25.6,17,26/01/1994,8.6
391,9225,0,34,16.2,27/01/1994,17.8
392,9225,0,35.6,19.3,28/01/1994,16.3
393,9225,0,34.2,18.4,29/01/1994,15.8
394,9225,0,35.8,19.4,30/01/1994,16.4
395,9225,0,41.1,22.9,31/01/1994,18.2
396,9225,0,25.4,20.2,1/02/1994,5.2
397,9225,0,23.1,18.4,2/02/1994,4.7
398,9225,0,25.8,15,3/02/1994,10.8
399,9225,0,28.8,15.8,4/02/1994,13
400,9225,0,24.7,17.6,5/02/1994,7.1
401,9225,0,23.5,12,6/02/1994,11.5
402,9225,0,23.7,13.9,7/02/1994,9.8
403,9225,0.2,24,11.5,8/02/1994,12.5
404,9225,0,23.9,13.6,9/02/1994,10.3
405,9225,0,27.7,14.3,10/02/1994,13.4
406,9225,0,33.9,16.4,11/02/1994,17.5
407,9225,0,37.3,17.8,12/02/1994,19.5
408,9225,0,24.1,19.3,13/02/1994,4.8
409,9225,0,27.2,12.8,14/02/1994,14.4
410,9225,0,29.8,13.7,15/02/1994,16.1
411,9225,0,32.8,15.6,16/02/1994,17.2
412,9225,0,34,18,17/02/1994,16
413,9225,0,33.4,21.9,18/02/1994,11.5
414,9225,0,36.7,16.5,19/02/1994,20.2
415,9225,0,25.8,17.2,20/02/1994,8.6
416,9225,0,30.4,15,21/02/1994,15.4
417,9225,0,31.8,15.4,22/02/1994,16.4
418,9225,0,31.1,17.9,23/02/1994,13.2
419,9225,0,31.9,21.1,24/02/1994,10.8
420,9225,0,31.5,23,25/02/1994,8.5
421,9225,0,31.1,21,26/02/1994,10.1
422,9225,0,28.7,17.4,27/02/1994,11.3
423,9225,0,29.7,15.3,28/02/1994,14.4
424,9225,0,30.8,16.6,1/03/1994,14.2
425,9225,0,31.6,17.2,2/03/1994,14.4
426,9225,0,33.4,17.6,3/03/1994,15.8
427,9225,0,33.9,14.6,4/03/1994,19.3
428,9225,0,33.5,17.4,5/03/1994,16.1
429,9225,0,33.5,16.9,6/03/1994,16.6
430,9225,0,35.3,19.5,7/03/1994,15.8
431,9225,0,25.7,14.1,8/03/1994,11.6
432,9225,0,27.6,14.7,9/03/1994,12.9
433,9225,0,31.5,16.3,10/03/1994,15.2
434,9225,0,37.3,19.8,11/03/1994,17.5
435,9225,0,36.4,16.8,12/03/1994,19.6
436,9225,0,35.4,15.4,13/03/1994,20
437,9225,0,29.9,17.8,14/03/1994,12.1
438,9225,0,32.4,16.6,15/03/1994,15.8
439,9225,0,35.5,18,16/03/1994,17.5
440,9225,0,30.3,17.5,17/03/1994,12.8
441,9225,0,35.7,15.2,18/03/1994,20.5
442,9225,0,29.5,19.9,19/03/1994,9.6
443,9225,0,32,21.5,20/03/1994,10.5
444,9225,0,37.7,17.9,21/03/1994,19.8
445,9225,0.2,29,21.6,22/03/1994,7.4
446,9225,0,28,20.9,23/03/1994,7.1
447,9225,0,26.8,17.6,24/03/1994,9.2
448,9225,1.6,23.7,16.2,25/03/1994,7.5
449,9225,0,28.2,12.7,26/03/1994,15.5
450,9225,0,24.1,14.3,27/03/1994,9.8
451,9225,0.4,21.8,16.4,28/03/1994,5.4
452,9225,0,22.9,9,29/03/1994,13.9
453,9225,1.6,22,11.8,30/03/1994,10.2
454,9225,0,23.5,9.1,31/03/1994,14.4
455,9225,0,27,9.6,1/04/1994,17.4
456,9225,0,28,10.8,2/04/1994,17.2
457,9225,0,28.8,11.6,3/04/1994,17.2
458,9225,0,23.9,13.9,4/04/1994,10
459,9225,0,24.1,14.2,5/04/1994,9.9
460,9225,0,26.4,12.4,6/04/1994,14
461,9225,0,30.1,12.6,7/04/1994,17.5
462,9225,0,22.9,14.7,8/04/1994,8.2
463,9225,0,26,14.3,9/04/1994,11.7
464,9225,0,26.9,15.5,10/04/1994,11.4
465,9225,0,30.6,15.4,11/04/1994,15.2
466,9225,0,35.1,17.4,12/04/1994,17.7
467,9225,0,27,20.3,13/04/1994,6.7
468,9225,0,30.6,15.9,14/04/1994,14.7
469,9225,0,30.8,16.7,15/04/1994,14.1
470,9225,2.4,25.8,18.7,16/04/1994,7.1
471,9225,0,26,14.1,17/04/1994,11.9
472,9225,0,33.5,14.6,18/04/1994,18.9
473,9225,0,30.3,14.8,19/04/1994,15.5
474,9225,0,26.3,16.6,20/04/1994,9.7
475,9225,0,26.2,15.6,21/04/1994,10.6
476,9225,0,25.4,13.8,22/04/1994,11.6
477,9225,0,26.6,11.8,23/04/1994,14.8
478,9225,0,25.2,14.6,24/04/1994,10.6
479,9225,1.8,23.3,12.6,25/04/1994,10.7
480,9225,0,22.4,14,26/04/1994,8.4
481,9225,0,22.6,14.7,27/04/1994,7.9
482,9225,0,26.9,9.8,28/04/1994,17.1
483,9225,0,24.3,9.2,29/04/1994,15.1
484,9225,0,22.2,12.3,30/04/1994,9.9
485,9225,0,22.7,11,1/05/1994,11.7
486,9225,0,27.3,8.3,2/05/1994,19
487,9225,0,30.4,14,3/05/1994,16.4
488,9225,0,23.9,11.6,4/05/1994,12.3
489,9225,0,24.7,11.9,5/05/1994,12.8
490,9225,0,26,11,6/05/1994,15
491,9225,0,23.8,14.2,7/05/1994,9.6
492,9225,0,22.3,11.1,8/05/1994,11.2
493,9225,0,23.3,7.8,9/05/1994,15.5
494,9225,0,23.6,6,10/05/1994,17.6
495,9225,0,22.9,7.6,11/05/1994,15.3
496,9225,0,22.3,9,12/05/1994,13.3
497,9225,0,22.7,11.5,13/05/1994,11.2
498,9225,0,25.9,10.6,14/05/1994,15.3
499,9225,0,24.3,9.7,15/05/1994,14.6
500,9225,2,22.5,14.3,16/05/1994,8.2
501,9225,0,23.1,5.6,17/05/1994,17.5
502,9225,0,24.9,7.8,18/05/1994,17.1
503,9225,0,23.7,10.2,19/05/1994,13.5
504,9225,0,24,15.2,20/05/1994,8.8
505,9225,6.4,21.1,10.2,21/05/1994,10.9
506,9225,7.4,19.5,13.8,22/05/1994,5.7
507,9225,30.6,18.5,13.4,23/05/1994,5.1
508,9225,20.2,17.4,9.4,24/05/1994,8
509,9225,6.6,19.8,12.2,25/05/1994,7.6
510,9225,0.8,21.6,13.5,26/05/1994,8.1
511,9225,0,23.6,11,27/05/1994,12.6
512,9225,0,23.1,11.1,28/05/1994,12
513,9225,4,22.6,15.7,29/05/1994,6.9
514,9225,15.2,17.2,11.1,30/05/1994,6.1
515,9225,0.2,19.2,8.5,31/05/1994,10.7
516,9225,5,18.4,12.2,1/06/1994,6.2
517,9225,34.8,14.8,8.3,2/06/1994,6.5
518,9225,2.2,14.6,7.5,3/06/1994,7.1
519,9225,1,16,6.7,4/06/1994,9.3
520,9225,4.4,18,4.6,5/06/1994,13.4
521,9225,0,19.6,4.8,6/06/1994,14.8
522,9225,5,20.5,10.6,7/06/1994,9.9
523,9225,3.2,17,11.8,8/06/1994,5.2
524,9225,8.4,16.8,6.9,9/06/1994,9.9
525,9225,0,19.2,4.8,10/06/1994,14.4
526,9225,4.8,17.6,10.8,11/06/1994,6.8
527,9225,0,16.8,8.9,12/06/1994,7.9
528,9225,0.2,18.2,6.4,13/06/1994,11.8
529,9225,0,18.7,7.8,14/06/1994,10.9
530,9225,0,20.2,3.2,15/06/1994,17
531,9225,0,22.8,4.8,16/06/1994,18
532,9225,0,21.9,10.8,17/06/1994,11.1
533,9225,5.8,21,10.2,18/06/1994,10.8
534,9225,5,18.6,13.7,19/06/1994,4.9
535,9225,20.6,20.9,14.7,20/06/1994,6.2
536,9225,22.4,14.8,10.3,21/06/1994,4.5
537,9225,29.2,18.6,10.2,22/06/1994,8.4
538,9225,0.6,19.6,11,23/06/1994,8.6
539,9225,19.4,18.4,10.1,24/06/1994,8.3
540,9225,6.6,17.6,6.3,25/06/1994,11.3
541,9225,0.2,21.6,7.9,26/06/1994,13.7
542,9225,22.2,18.1,11.3,27/06/1994,6.8
543,9225,1.8,19.3,9.1,28/06/1994,10.2
544,9225,0,19.8,8.2,29/06/1994,11.6
545,9225,0.6,18.9,8.2,30/06/1994,10.7
546,9225,41.6,18.3,13,1/07/1994,5.3
547,9225,1.4,19.4,13.8,2/07/1994,5.6
548,9225,6,19.9,14.4,3/07/1994,5.5
549,9225,6.8,20.8,14.3,4/07/1994,6.5
550,9225,0,22.9,9.5,5/07/1994,13.4
551,9225,10.6,20.1,13,6/07/1994,7.1
552,9225,0.8,20.7,10.7,7/07/1994,10
553,9225,8.2,15.4,13.4,8/07/1994,2
554,9225,20.6,14,8.8,9/07/1994,5.2
555,9225,11.6,13.6,6.2,10/07/1994,7.4
556,9225,18.2,16.6,7.4,11/07/1994,9.2
557,9225,0,16.7,5.1,12/07/1994,11.6
558,9225,3.8,17,8.6,13/07/1994,8.4
559,9225,2.2,18.4,11.9,14/07/1994,6.5
560,9225,0,19.3,9.9,15/07/1994,9.4
561,9225,3,19.7,13,16/07/1994,6.7
562,9225,1.2,21.1,8.2,17/07/1994,12.9
563,9225,0,21.9,8,18/07/1994,13.9
564,9225,0.2,21.1,5.2,19/07/1994,15.9
565,9225,0,21.1,5.1,20/07/1994,16
566,9225,0,25.8,7.8,21/07/1994,18
567,9225,8,20.9,14.3,22/07/1994,6.6
568,9225,0.8,18.2,10.6,23/07/1994,7.6
569,9225,19.6,16.4,10.6,24/07/1994,5.8
570,9225,0,16.7,9.8,25/07/1994,6.9
571,9225,0,17.5,5,26/07/1994,12.5
572,9225,0,18,7.8,27/07/1994,10.2
573,9225,0.8,19.3,11.4,28/07/1994,7.9
574,9225,2,14.4,2.9,29/07/1994,11.5
575,9225,0,15.2,3,30/07/1994,12.2
576,9225,0,17,6.9,31/07/1994,10.1
577,9225,0,21.7,3.6,1/08/1994,18.1
578,9225,0,22.3,5.9,2/08/1994,16.4
579,9225,0,21.3,7.8,3/08/1994,13.5
580,9225,63.8,13.8,10.9,4/08/1994,2.9
581,9225,3.6,16.7,3.9,5/08/1994,12.8
582,9225,0,17.4,6.2,6/08/1994,11.2
583,9225,0,18.1,7.4,7/08/1994,10.7
584,9225,0,18.9,7.1,8/08/1994,11.8
585,9225,2.8,18.5,11.2,9/08/1994,7.3
586,9225,31.6,21.8,13,10/08/1994,8.8
587,9225,17.6,15.9,14,11/08/1994,1.9
588,9225,4.6,16.6,8,12/08/1994,8.6
589,9225,0,17.1,7.8,13/08/1994,9.3
590,9225,0,19,6,14/08/1994,13
591,9225,0,19.3,4.7,15/08/1994,14.6
592,9225,0,18.8,6.4,16/08/1994,12.4
593,9225,0,20.5,5.2,17/08/1994,15.3
594,9225,0,20.4,7.3,18/08/1994,13.1
595,9225,0,20.4,7.7,19/08/1994,12.7
596,9225,0,22.1,4.6,20/08/1994,17.5
597,9225,0,20.3,6.6,21/08/1994,13.7
598,9225,1.8,18.5,10.7,22/08/1994,7.8
599,9225,0,20.6,5.4,23/08/1994,15.2
600,9225,0,25.5,7,24/08/1994,18.5
601,9225,0,26,10.2,25/08/1994,15.8
602,9225,0,22.6,11.6,26/08/1994,11
603,9225,0.2,19.7,12.2,27/08/1994,7.5
604,9225,0,18.6,11.6,28/08/1994,7
605,9225,0.4,17.5,10.7,29/08/1994,6.8
606,9225,0,18.2,9,30/08/1994,9.2
607,9225,37.8,17,9,31/08/1994,8
608,9225,17,16.9,10.8,1/09/1994,6.1
609,9225,1.2,17.4,9.2,2/09/1994,8.2
610,9225,0.2,18.8,2.3,3/09/1994,16.5
611,9225,0,20.7,4.6,4/09/1994,16.1
612,9225,0,23.3,5.4,5/09/1994,17.9
613,9225,0,21.4,9.2,6/09/1994,12.2
614,9225,3.4,21.8,8.4,7/09/1994,13.4
615,9225,0,24.7,7.8,8/09/1994,16.9
616,9225,0,29.5,7.9,9/09/1994,21.6
617,9225,0.2,18.7,16.3,10/09/1994,2.4
618,9225,33.4,16.8,9.2,11/09/1994,7.6
619,9225,0,19.3,4,12/09/1994,15.3
620,9225,2,19.6,7.6,13/09/1994,12
621,9225,0,19.2,10.4,14/09/1994,8.8
622,9225,0,21.5,6.8,15/09/1994,14.7
623,9225,0,25.4,12.7,16/09/1994,12.7
624,9225,0,24.4,14.8,17/09/1994,9.6
625,9225,0,21.7,12.7,18/09/1994,9
626,9225,0,24.3,12.6,19/09/1994,11.7
627,9225,0,30.7,15.8,20/09/1994,14.9
628,9225,0,19.5,13.2,21/09/1994,6.3
629,9225,0,20.3,9.6,22/09/1994,10.7
630,9225,0,20.7,6.7,23/09/1994,14
631,9225,0,21.6,10.8,24/09/1994,10.8
632,9225,0,28.2,11.2,25/09/1994,17
633,9225,0,20.5,11.1,26/09/1994,9.4
634,9225,1.2,18.6,12.3,27/09/1994,6.3
635,9225,0,19.1,12.4,28/09/1994,6.7
636,9225,0,20,7,29/09/1994,13
637,9225,20.6,19.1,11.6,30/09/1994,7.5
638,9225,3.4,18.8,11,1/10/1994,7.8
639,9225,0.4,19.7,12.4,2/10/1994,7.3
640,9225,0.6,17.9,5,3/10/1994,12.9
641,9225,0,18.6,4.6,4/10/1994,14
642,9225,1.4,16.8,11,5/10/1994,5.8
643,9225,0,17.4,2.2,6/10/1994,15.2
644,9225,0,22.6,4.2,7/10/1994,18.4
645,9225,0,29,7.3,8/10/1994,21.7
646,9225,0,26.5,8.2,9/10/1994,18.3
647,9225,0,28.4,14.8,10/10/1994,13.6
648,9225,0,25.6,11.9,11/10/1994,13.7
649,9225,0.2,22.3,12.2,12/10/1994,10.1
650,9225,0,23.5,13.8,13/10/1994,9.7
651,9225,9.6,17.6,10.8,14/10/1994,6.8
652,9225,0.2,19,7.2,15/10/1994,11.8
653,9225,0,23.2,11,16/10/1994,12.2
654,9225,0,24.1,11.6,17/10/1994,12.5
655,9225,0,25.7,13.3,18/10/1994,12.4
656,9225,0,27.6,13,19/10/1994,14.6
657,9225,0,30.5,14.6,20/10/1994,15.9
658,9225,0,33.8,19.9,21/10/1994,13.9
659,9225,0,23.3,15.8,22/10/1994,7.5
660,9225,0,21.5,18,23/10/1994,3.5
661,9225,0,20.7,16.1,24/10/1994,4.6
662,9225,0,20,11.2,25/10/1994,8.8
663,9225,0,20.8,8.8,26/10/1994,12
664,9225,0,21,10.4,27/10/1994,10.6
665,9225,0,23.2,11,28/10/1994,12.2
666,9225,0,29.3,11.9,29/10/1994,17.4
667,9225,0,20.5,11.9,30/10/1994,8.6
668,9225,0,20.9,10.3,31/10/1994,10.6
669,9225,0,25.4,8.4,1/11/1994,17
670,9225,0,21.9,8.6,2/11/1994,13.3
671,9225,0,23.5,12.7,3/11/1994,10.8
672,9225,0,27,13.5,4/11/1994,13.5
673,9225,0,31.9,15.9,5/11/1994,16
674,9225,0,36.5,18.4,6/11/1994,18.1
675,9225,0,33.9,15.5,7/11/1994,18.4
676,9225,0,24.5,19.5,8/11/1994,5
677,9225,0,24.2,14.6,9/11/1994,9.6
678,9225,0,24.2,15.8,10/11/1994,8.4
679,9225,0,25.4,14.2,11/11/1994,11.2
680,9225,0,25.3,12,12/11/1994,13.3
681,9225,0,28.4,15,13/11/1994,13.4
682,9225,0,31.2,15.3,14/11/1994,15.9
683,9225,0,34,14.6,15/11/1994,19.4
684,9225,0,33.5,14,16/11/1994,19.5
685,9225,0,26.6,16.4,17/11/1994,10.2
686,9225,0,21.1,15.8,18/11/1994,5.3
687,9225,0,22.3,9.6,19/11/1994,12.7
688,9225,0,25.6,12.4,20/11/1994,13.2
689,9225,0,31.5,13.8,21/11/1994,17.7
690,9225,0,25.8,19.4,22/11/1994,6.4
691,9225,0,22.4,14.3,23/11/1994,8.1
692,9225,1.2,22.3,15,24/11/1994,7.3
693,9225,1,23.8,16.5,25/11/1994,7.3
694,9225,1.6,21.8,17,26/11/1994,4.8
695,9225,2.8,23.5,12,27/11/1994,11.5
696,9225,0,23.7,11.6,28/11/1994,12.1
697,9225,0,32.4,15.6,29/11/1994,16.8
698,9225,0,37.8,18.3,30/11/1994,19.5
699,9225,0,24.9,19.1,1/12/1994,5.8
700,9225,0,24.6,17.9,2/12/1994,6.7
701,9225,0,25.6,14.7,3/12/1994,10.9
702,9225,0,24.3,16.2,4/12/1994,8.1
703,9225,0,23.7,14.4,5/12/1994,9.3
704,9225,0,21.9,13.3,6/12/1994,8.6
705,9225,0,29,12.8,7/12/1994,16.2
706,9225,0,35.3,16.4,8/12/1994,18.9
707,9225,0,36.9,16.3,9/12/1994,20.6
708,9225,0,27.9,16,10/12/1994,11.9
709,9225,0,22.7,16.1,11/12/1994,6.6
710,9225,0,23.9,18.4,12/12/1994,5.5
711,9225,0,26.4,14,13/12/1994,12.4
712,9225,0,32.8,16.2,14/12/1994,16.6
713,9225,0,34.8,19.9,15/12/1994,14.9
714,9225,0,36.5,20.2,16/12/1994,16.3
715,9225,0,33.8,21.8,17/12/1994,12
716,9225,0,31.4,21.7,18/12/1994,9.7
717,9225,0,29.9,18,19/12/1994,11.9
718,9225,0,26.3,18.3,20/12/1994,8
719,9225,0,30.6,15.6,21/12/1994,15
720,9225,0,31.9,17.5,22/12/1994,14.4
721,9225,0,33.4,17.8,23/12/1994,15.6
722,9225,0,35.2,16.4,24/12/1994,18.8
723,9225,0,25.3,17.4,25/12/1994,7.9
724,9225,0,27,15.8,26/12/1994,11.2
725,9225,0,25.1,18.7,27/12/1994,6.4
726,9225,0,29.2,12,28/12/1994,17.2
727,9225,0,35.7,13.9,29/12/1994,21.8
728,9225,0,40.9,18,30/12/1994,22.9
729,9225,0,35.4,23.1,31/12/1994,12.3
730,9225,0,32.5,18.3,1/01/1995,14.2
731,9225,0,31.7,17.1,2/01/1995,14.6
732,9225,0,33.6,20.8,3/01/1995,12.8
733,9225,0,29.7,18.6,4/01/1995,11.1
734,9225,0,29.5,14,5/01/1995,15.5
735,9225,0,32.8,17.2,6/01/1995,15.6
736,9225,0,36.3,21.3,7/01/1995,15
737,9225,0,27,21.6,8/01/1995,5.4
738,9225,0,24.8,16.4,9/01/1995,8.4
739,9225,0,27.8,16.6,10/01/1995,11.2
740,9225,0,33.1,16.6,11/01/1995,16.5
741,9225,0,37.5,20.5,12/01/1995,17
742,9225,0,31.3,20.1,13/01/1995,11.2
743,9225,0,32.3,19.8,14/01/1995,12.5
744,9225,0,35.3,22.1,15/01/1995,13.2
745,9225,0,34.3,22.3,16/01/1995,12
746,9225,0,36.8,21.9,17/01/1995,14.9
747,9225,0,37,23.7,18/01/1995,13.3
748,9225,0,32.5,20.6,19/01/1995,11.9
749,9225,0,31.9,17.8,20/01/1995,14.1
750,9225,0,33.9,17.8,21/01/1995,16.1
751,9225,0,27.7,18.6,22/01/1995,9.1
752,9225,0,25.5,16.8,23/01/1995,8.7
753,9225,0,29.1,17.6,24/01/1995,11.5
754,9225,0,31.1,19,25/01/1995,12.1
755,9225,0,34.5,19,26/01/1995,15.5
756,9225,0,33.1,22.3,27/01/1995,10.8
757,9225,0,26,20.1,28/01/1995,5.9
758,9225,0,24,14.9,29/01/1995,9.1
759,9225,0,28.5,13.7,30/01/1995,14.8
760,9225,0,29,16.2,31/01/1995,12.8
761,9225,0,26.7,16,1/02/1995,10.7
762,9225,0,26.3,16.3,2/02/1995,10
763,9225,0,24.3,13.6,3/02/1995,10.7
764,9225,1.2,22.5,15.3,4/02/1995,7.2
765,9225,0,27.5,13.8,5/02/1995,13.7
766,9225,0,33.5,13.8,6/02/1995,19.7
767,9225,0,37.2,18.4,7/02/1995,18.8
768,9225,0,36.5,21.2,8/02/1995,15.3
769,9225,0,36.2,19.5,9/02/1995,16.7
770,9225,0,37,18.3,10/02/1995,18.7
771,9225,0,30.9,17.4,11/02/1995,13.5
772,9225,0,29,16.1,12/02/1995,12.9
773,9225,0,29.5,18.8,13/02/1995,10.7
774,9225,0,23.7,18.6,14/02/1995,5.1
775,9225,0,30.3,14.7,15/02/1995,15.6
776,9225,0,32.2,15.9,16/02/1995,16.3
777,9225,0,35.9,15.8,17/02/1995,20.1
778,9225,0,38.3,17.8,18/02/1995,20.5
779,9225,0,39.2,25.4,19/02/1995,13.8
780,9225,0,37.6,24.9,20/02/1995,12.7
781,9225,0,37.2,23.5,21/02/1995,13.7
782,9225,0,38.9,23,22/02/1995,15.9
783,9225,1.4,40.2,26,23/02/1995,14.2
784,9225,9.4,23.3,22.2,24/02/1995,1.1
785,9225,0,27.3,14.4,25/02/1995,12.9
786,9225,0,25.9,17.5,26/02/1995,8.4
787,9225,0,26.3,17.8,27/02/1995,8.5
788,9225,0,29.2,18.1,28/02/1995,11.1
789,9225,0,28.9,19,1/03/1995,9.9
790,9225,0,29.3,20.3,2/03/1995,9
791,9225,0,27.9,20,3/03/1995,7.9
792,9225,0,25.8,16.7,4/03/1995,9.1
793,9225,0,26.4,12.9,5/03/1995,13.5
794,9225,0,27.4,13.3,6/03/1995,14.1
795,9225,0,28.4,13.2,7/03/1995,15.2
796,9225,0,28.8,13.2,8/03/1995,15.6
797,9225,0,29.6,15.3,9/03/1995,14.3
798,9225,0,31.4,13.6,10/03/1995,17.8
799,9225,0,31.1,12.1,11/03/1995,19
800,9225,0,34.2,16.8,12/03/1995,17.4
801,9225,0,33.8,15.7,13/03/1995,18.1
802,9225,0,38.1,15.8,14/03/1995,22.3
803,9225,0,37.6,15.7,15/03/1995,21.9
804,9225,0,29.7,16.9,16/03/1995,12.8
805,9225,0,29.9,16.7,17/03/1995,13.2
806,9225,0,30.6,15.5,18/03/1995,15.1
807,9225,0,34.3,17.4,19/03/1995,16.9
808,9225,0,35.4,19.6,20/03/1995,15.8
809,9225,0,34,15.7,21/03/1995,18.3
810,9225,0,34.3,16.3,22/03/1995,18
811,9225,0,30.8,17.2,23/03/1995,13.6
812,9225,1.8,33.2,21.3,24/03/1995,11.9
813,9225,0,31.6,21.4,25/03/1995,10.2
814,9225,0,32.5,19.9,26/03/1995,12.6
815,9225,0,30.9,19.9,27/03/1995,11
816,9225,12.2,32.5,20.4,28/03/1995,12.1
817,9225,5,25.9,18.9,29/03/1995,7
818,9225,1,28.5,17.2,30/03/1995,11.3
819,9225,0,23.7,18,31/03/1995,5.7
820,9225,0,27.8,15,1/04/1995,12.8
821,9225,0,26.6,13,2/04/1995,13.6
822,9225,0,23.4,13,3/04/1995,10.4
823,9225,0,25.1,13,4/04/1995,12.1
824,9225,0,28.6,15,5/04/1995,13.6
825,9225,0,30.1,17,6/04/1995,13.1
826,9225,0,28.8,17,7/04/1995,11.8
827,9225,0,24.1,17,8/04/1995,7.1
828,9225,1.2,23.8,16,9/04/1995,7.8
829,9225,0,29.5,18,10/04/1995,11.5
830,9225,0,27.5,16,11/04/1995,11.5
831,9225,0,30.9,17,12/04/1995,13.9
832,9225,0,28.3,20,13/04/1995,8.3
833,9225,3.6,24.5,19,14/04/1995,5.5
834,9225,0.6,21.4,9,15/04/1995,12.4
835,9225,0,21.9,7,16/04/1995,14.9
836,9225,1.8,21.6,10,17/04/1995,11.6
837,9225,0,22.7,8,18/04/1995,14.7
838,9225,0,23.1,8,19/04/1995,15.1
839,9225,0,25.2,8,20/04/1995,17.2
840,9225,0,26.4,10,21/04/1995,16.4
841,9225,0,24.2,13,22/04/1995,11.2
842,9225,0,23.4,11,23/04/1995,12.4
843,9225,0,26.1,9,24/04/1995,17.1
844,9225,0,27.2,10,25/04/1995,17.2
845,9225,0,27.3,10,26/04/1995,17.3
846,9225,2.2,20,15,27/04/1995,5
847,9225,1.4,21.2,14,28/04/1995,7.2
848,9225,0,20.1,7,29/04/1995,13.1
849,9225,0,19.2,9,30/04/1995,10.2
850,9225,0,21.4,5,1/05/1995,16.4
851,9225,0,21.7,10,2/05/1995,11.7
852,9225,0,20.3,10,3/05/1995,10.3
853,9225,0,21.6,11,4/05/1995,10.6
854,9225,0,22.5,12,5/05/1995,10.5
855,9225,0,23,10,6/05/1995,13
856,9225,0,24.5,6,7/05/1995,18.5
857,9225,0,26.4,8,8/05/1995,18.4
858,9225,0,27.5,11,9/05/1995,16.5
859,9225,39.2,24.1,17,10/05/1995,7.1
860,9225,6.2,21.2,16,11/05/1995,5.2
861,9225,10.2,20,15,12/05/1995,5
862,9225,15.6,19.2,13,13/05/1995,6.2
863,9225,0,20.6,8,14/05/1995,12.6
864,9225,0,20.9,9,15/05/1995,11.9
865,9225,0,22.8,8,16/05/1995,14.8
866,9225,0,21.3,12,17/05/1995,9.3
867,9225,20.2,19.2,11,18/05/1995,8.2
868,9225,0,22,10,19/05/1995,12
869,9225,0,22.1,6,20/05/1995,16.1
870,9225,1.2,22,12,21/05/1995,10
871,9225,15,20.5,13,22/05/1995,7.5
872,9225,13.4,11.5,10,23/05/1995,1.5
873,9225,14.6,16.3,7,24/05/1995,9.3
874,9225,0.4,18.4,6,25/05/1995,12.4
875,9225,0,19.9,6,26/05/1995,13.9
876,9225,0,20.3,6,27/05/1995,14.3
877,9225,0.2,18.8,7,28/05/1995,11.8
878,9225,2.4,18.1,4,29/05/1995,14.1
879,9225,0,18.6,4,30/05/1995,14.6
880,9225,0,21,8,31/05/1995,13
881,9225,0,19.6,6,1/06/1995,13.6
882,9225,3.4,18.7,9,2/06/1995,9.7
883,9225,0,20.2,7,3/06/1995,13.2
884,9225,0,23.4,5,4/06/1995,18.4
885,9225,2.4,21.9,12,5/06/1995,9.9
886,9225,19.6,20.4,,6/06/1995,20.4
887,9225,25,19.8,14,7/06/1995,5.8
888,9225,26.4,14.6,9,8/06/1995,5.6
889,9225,36,13.6,7,9/06/1995,6.6
890,9225,2.6,14.2,2,10/06/1995,12.2
891,9225,0,16.4,1,11/06/1995,15.4
892,9225,0,17.4,2,12/06/1995,15.4
893,9225,0.6,17.3,6,13/06/1995,11.3
894,9225,0.2,18.3,5,14/06/1995,13.3
895,9225,0,18,3,15/06/1995,15
896,9225,0,18,3,16/06/1995,15
897,9225,0,17.1,2,17/06/1995,15.1
898,9225,0,17.4,5,18/06/1995,12.4
899,9225,0,16.4,12,19/06/1995,4.4
900,9225,5.4,15.4,12,20/06/1995,3.4
901,9225,0,19.9,11,21/06/1995,8.9
902,9225,0,17.2,13,22/06/1995,4.2
903,9225,5.6,19.9,12,23/06/1995,7.9
904,9225,2.6,18.8,11,24/06/1995,7.8
905,9225,11.2,15.7,13,25/06/1995,2.7
906,9225,4.8,16.2,6,26/06/1995,10.2
907,9225,4.2,16.7,8,27/06/1995,8.7
908,9225,0,16.6,3,28/06/1995,13.6
909,9225,0,17.9,4,29/06/1995,13.9
910,9225,0,18.5,7,30/06/1995,11.5
911,9225,0,18.9,5,1/07/1995,13.9
912,9225,0,19.8,6,2/07/1995,13.8
913,9225,0,19.4,7,3/07/1995,12.4
914,9225,0,21.7,4,4/07/1995,17.7
915,9225,0,20.7,8,5/07/1995,12.7
916,9225,14.6,17.3,9,6/07/1995,8.3
917,9225,1.2,18.9,10,7/07/1995,8.9
918,9225,47.2,15.6,11,8/07/1995,4.6
919,9225,10.6,16.3,10,9/07/1995,6.3
920,9225,1,18.7,10,10/07/1995,8.7
921,9225,18,20,12,11/07/1995,8
922,9225,5.8,18.8,13,12/07/1995,5.8
923,9225,12.6,18.8,8,13/07/1995,10.8
924,9225,7.4,17.6,11,14/07/1995,6.6
925,9225,11.4,15.3,9,15/07/1995,6.3
926,9225,16.6,15.1,6,16/07/1995,9.1
927,9225,0,17.3,6,17/07/1995,11.3
928,9225,0.4,18.2,8,18/07/1995,10.2
929,9225,0,15.3,11,19/07/1995,4.3
930,9225,29.2,16.6,10,20/07/1995,6.6
931,9225,21.2,16.7,10,21/07/1995,6.7
932,9225,1.2,15.9,10,22/07/1995,5.9
933,9225,0,18.6,6,23/07/1995,12.6
934,9225,2.4,18.1,9,24/07/1995,9.1
935,9225,32.4,17.2,10,25/07/1995,7.2
936,9225,2.2,18.8,10,26/07/1995,8.8
937,9225,2.2,19.9,11,27/07/1995,8.9
938,9225,0.6,20.2,10,28/07/1995,10.2
939,9225,24.6,15.4,12,29/07/1995,3.4
940,9225,14,17.9,9,30/07/1995,8.9
941,9225,1.8,17.6,10,31/07/1995,7.6
942,9225,0,17.2,,1/08/1995,17.2
943,9225,0,17.4,4,2/08/1995,13.4
944,9225,0,18.6,4,3/08/1995,14.6
945,9225,0,19.5,5,4/08/1995,14.5
946,9225,0,19.1,7,5/08/1995,12.1
947,9225,0,19.3,8,6/08/1995,11.3
948,9225,0,21.2,11,7/08/1995,10.2
949,9225,0,17,11,8/08/1995,6
950,9225,23.2,19.5,11,9/08/1995,8.5
951,9225,5.2,20,13,10/08/1995,7
952,9225,2,21.1,13,11/08/1995,8.1
953,9225,4.8,19,10,12/08/1995,9
954,9225,13.6,17.9,11,13/08/1995,6.9
955,9225,0,21.5,6,14/08/1995,15.5
956,9225,0,21.4,9,15/08/1995,12.4
957,9225,0,20.3,11,16/08/1995,9.3
958,9225,1.8,19.2,15,17/08/1995,4.2
959,9225,0,19.8,8,18/08/1995,11.8
960,9225,3.8,18.4,10,19/08/1995,8.4
961,9225,5.2,17.3,4,20/08/1995,13.3
962,9225,0.6,18.3,9,21/08/1995,9.3
963,9225,3.4,18.5,13,22/08/1995,5.5
964,9225,0.8,19.1,14,23/08/1995,5.1
965,9225,5.4,15.2,12,24/08/1995,3.2
966,9225,0.8,17.1,7,25/08/1995,10.1
967,9225,12.2,19.2,13,26/08/1995,6.2
968,9225,0,23,7,27/08/1995,16
969,9225,0,25.4,7,28/08/1995,18.4
970,9225,0,20,11,29/08/1995,9
971,9225,1,14.8,9,30/08/1995,5.8
972,9225,0,17.3,3,31/08/1995,14.3
973,9225,0,18.7,7,1/09/1995,11.7
974,9225,0,20.5,7,2/09/1995,13.5
975,9225,25.6,20,11,3/09/1995,9
976,9225,1.6,21.5,11,4/09/1995,10.5
977,9225,0.6,24.1,12,5/09/1995,12.1
978,9225,30.2,19.4,14,6/09/1995,5.4
979,9225,7.4,20,13,7/09/1995,7
980,9225,0,19.5,,8/09/1995,19.5
981,9225,0.4,19.1,13,9/09/1995,6.1
982,9225,0.2,19.8,7,10/09/1995,12.8
983,9225,0,21.5,7,11/09/1995,14.5
984,9225,0.8,19.7,12,12/09/1995,7.7
985,9225,10.2,17.8,7,13/09/1995,10.8
986,9225,0,19,7,14/09/1995,12
987,9225,0,21.1,7,15/09/1995,14.1
988,9225,0,25.2,7,16/09/1995,18.2
989,9225,0,19.7,13,17/09/1995,6.7
990,9225,1.6,20.3,15,18/09/1995,5.3
991,9225,2,20.5,11,19/09/1995,9.5
992,9225,1.2,18.6,13,20/09/1995,5.6
993,9225,0,19.6,6,21/09/1995,13.6
994,9225,0,20,9,22/09/1995,11
995,9225,0,21.9,9,23/09/1995,12.9
996,9225,0,26.5,11,24/09/1995,15.5
997,9225,0,20.7,12,25/09/1995,8.7
998,9225,0,23.1,10,26/09/1995,13.1
999,9225,0.6,21.1,14,27/09/1995,7.1
1000,9225,0,19.5,13,28/09/1995,6.5
1001,9225,1.4,18.7,9,29/09/1995,9.7
1002,9225,0,18.2,8,30/09/1995,10.2
1003,9225,0,21,7,1/10/1995,14
1004,9225,0,23.6,9,2/10/1995,14.6
1005,9225,0,24.8,7,3/10/1995,17.8
1006,9225,2.4,19.6,11,4/10/1995,8.6
1007,9225,1.4,20,12,5/10/1995,8
1008,9225,0.4,21.2,11,6/10/1995,10.2
1009,9225,0,21.9,9,7/10/1995,12.9
1010,9225,0,22.2,9,8/10/1995,13.2
1011,9225,0.2,19.1,12,9/10/1995,7.1
1012,9225,0.4,20.5,9,10/10/1995,11.5
1013,9225,4.4,19.1,13,11/10/1995,6.1
1014,9225,0,20.3,7,12/10/1995,13.3
1015,9225,0,24.8,11,13/10/1995,13.8
1016,9225,0,32,16,14/10/1995,16
1017,9225,0,23.7,12,15/10/1995,11.7
1018,9225,0,29,17,16/10/1995,12
1019,9225,5.2,20.1,17,17/10/1995,3.1
1020,9225,68.2,21.9,15,18/10/1995,6.9
1021,9225,0.8,20,11,19/10/1995,9
1022,9225,0,20.8,9,20/10/1995,11.8
1023,9225,0,22.2,10,21/10/1995,12.2
1024,9225,0,24.5,10,22/10/1995,14.5
1025,9225,0,27.3,11,23/10/1995,16.3
1026,9225,0,30.1,11,24/10/1995,19.1
1027,9225,0,25.2,9,25/10/1995,16.2
1028,9225,0,27.2,12,26/10/1995,15.2
1029,9225,0,29,15,27/10/1995,14
1030,9225,0,28.7,13,28/10/1995,15.7
1031,9225,0,25.2,13,29/10/1995,12.2
1032,9225,7.4,23.3,17,30/10/1995,6.3
1033,9225,1.2,22.2,17,31/10/1995,5.2
1034,9225,4.6,20.4,15,1/11/1995,5.4
1035,9225,0,20.7,13,2/11/1995,7.7
1036,9225,2.8,22.7,11,3/11/1995,11.7
1037,9225,0,28.5,13,4/11/1995,15.5
1038,9225,0,32.4,19,5/11/1995,13.4
1039,9225,1.6,22.7,17,6/11/1995,5.7
1040,9225,1.2,22.3,16,7/11/1995,6.3
1041,9225,8.4,16,11,8/11/1995,5
1042,9225,7.6,19.3,9,9/11/1995,10.3
1043,9225,0.6,24.1,7,10/11/1995,17.1
1044,9225,0,21.2,9,11/11/1995,12.2
1045,9225,0,20.2,11,12/11/1995,9.2
1046,9225,0,25.5,11,13/11/1995,14.5
1047,9225,0,32.5,11,14/11/1995,21.5
1048,9225,0,24.7,14,15/11/1995,10.7
1049,9225,0,24,14,16/11/1995,10
1050,9225,0,25.1,13,17/11/1995,12.1
1051,9225,0,28.3,14,18/11/1995,14.3
1052,9225,0,24.8,13,19/11/1995,11.8
1053,9225,0,26.9,13,20/11/1995,13.9
1054,9225,0,31.8,15,21/11/1995,16.8
1055,9225,0,30,13,22/11/1995,17
1056,9225,0,28.7,15,23/11/1995,13.7
1057,9225,0,26.4,17,24/11/1995,9.4
1058,9225,0,21.5,16,25/11/1995,5.5
1059,9225,0.2,23,17,26/11/1995,6
1060,9225,2.8,21.8,16,27/11/1995,5.8
1061,9225,1,21.3,11,28/11/1995,10.3
1062,9225,0,22.1,15,29/11/1995,7.1
1063,9225,1.4,23.8,16,30/11/1995,7.8
1064,9225,0,27.2,13,1/12/1995,14.2
1065,9225,0,28.2,15,2/12/1995,13.2
1066,9225,0,23.2,15,3/12/1995,8.2
1067,9225,0,26.1,13,4/12/1995,13.1
1068,9225,0,31.8,14,5/12/1995,17.8
1069,9225,0,30.8,14,6/12/1995,16.8
1070,9225,0,24.9,15,7/12/1995,9.9
1071,9225,0,22.9,15,8/12/1995,7.9
1072,9225,0,26.7,13,9/12/1995,13.7
1073,9225,0,29.9,14,10/12/1995,15.9
1074,9225,0,32.4,14,11/12/1995,18.4
1075,9225,0,29,18,12/12/1995,11
1076,9225,0.8,27.5,19,13/12/1995,8.5
1077,9225,0.4,25,19,14/12/1995,6
1078,9225,0,25.4,19,15/12/1995,6.4
1079,9225,0,23.9,17,16/12/1995,6.9
1080,9225,0,25.4,18,17/12/1995,7.4
1081,9225,0,32.3,15,18/12/1995,17.3
1082,9225,0,24.5,18,19/12/1995,6.5
1083,9225,1.4,22.5,16,20/12/1995,6.5
1084,9225,0.4,24.5,15,21/12/1995,9.5
1085,9225,0,28,16,22/12/1995,12
1086,9225,0,27.7,15,23/12/1995,12.7
1087,9225,0,29.8,20,24/12/1995,9.8
1088,9225,0,28.1,19,25/12/1995,9.1
1089,9225,0,28.9,18,26/12/1995,10.9
1090,9225,0,32.3,18,27/12/1995,14.3
1091,9225,0,29.6,19,28/12/1995,10.6
1092,9225,0,29.8,18,29/12/1995,11.8
1093,9225,0,30.2,16,30/12/1995,14.2
1094,9225,0,31.1,17,31/12/1995,14.1
1095,9225,0,33.3,17,1/01/1996,16.3
1096,9225,0,39.1,20,2/01/1996,19.1
1097,9225,0,26.2,20,3/01/1996,6.2
1098,9225,0,25.3,18,4/01/1996,7.3
1099,9225,0,27,15,5/01/1996,12
1100,9225,0,34.1,19,6/01/1996,15.1
1101,9225,0,36.9,18,7/01/1996,18.9
1102,9225,0,31.5,19,8/01/1996,12.5
1103,9225,0,27.3,18,9/01/1996,9.3
1104,9225,0,26.3,17,10/01/1996,9.3
1105,9225,0,31.3,18,11/01/1996,13.3
1106,9225,0,27,16,12/01/1996,11
1107,9225,0,24.2,16,13/01/1996,8.2
1108,9225,0,27.5,14,14/01/1996,13.5
1109,9225,0,32.8,14,15/01/1996,18.8
1110,9225,0,38.1,17,16/01/1996,21.1
1111,9225,0,41.1,19,17/01/1996,22.1
1112,9225,0,28,20,18/01/1996,8
1113,9225,0,28.5,16,19/01/1996,12.5
1114,9225,0,29.5,14,20/01/1996,15.5
1115,9225,0,33.6,15,21/01/1996,18.6
1116,9225,0,36.5,19,22/01/1996,17.5
1117,9225,0,35.4,22,23/01/1996,13.4
1118,9225,0,31.2,16,24/01/1996,15.2
1119,9225,0,31.7,17,25/01/1996,14.7
1120,9225,0,26.1,15,26/01/1996,11.1
1121,9225,0,26.8,16,27/01/1996,10.8
1122,9225,0,29.4,16,28/01/1996,13.4
1123,9225,0,24.9,16,29/01/1996,8.9
1124,9225,3.2,22.8,17,30/01/1996,5.8
1125,9225,0,26.6,13,31/01/1996,13.6
1126,9225,0,33.4,17,1/02/1996,16.4
1127,9225,0,38.8,20,2/02/1996,18.8
1128,9225,0,33.8,18,3/02/1996,15.8
1129,9225,0,33.7,18,4/02/1996,15.7
1130,9225,0,33.9,20,5/02/1996,13.9
1131,9225,0,33.1,19,6/02/1996,14.1
1132,9225,0,34,22,7/02/1996,12
1133,9225,0,35,22,8/02/1996,13
1134,9225,0,37.5,23,9/02/1996,14.5
1135,9225,0,39.4,22,10/02/1996,17.4
1136,9225,0,42.4,21,11/02/1996,21.4
1137,9225,0,38.2,17,12/02/1996,21.2
1138,9225,0,34.3,21,13/02/1996,13.3
1139,9225,0,34.9,19,14/02/1996,15.9
1140,9225,0,41.9,20,15/02/1996,21.9
1141,9225,0,39.6,18,16/02/1996,21.6
1142,9225,0,31,18,17/02/1996,13
1143,9225,0,25.8,19,18/02/1996,6.8
1144,9225,0,28.4,16,19/02/1996,12.4
1145,9225,0,30,16,20/02/1996,14
1146,9225,0,35,17,21/02/1996,18
1147,9225,0,32.2,17,22/02/1996,15.2
1148,9225,0,36.7,20,23/02/1996,16.7
1149,9225,0,32.4,19,24/02/1996,13.4
1150,9225,0,39.8,19,25/02/1996,20.8
1151,9225,0,34.1,19,26/02/1996,15.1
1152,9225,0,30.5,17,27/02/1996,13.5
1153,9225,0,30.4,16,28/02/1996,14.4
1154,9225,0,33.7,19,29/02/1996,14.7
1155,9225,0,32.6,17,1/03/1996,15.6
1156,9225,0,33.1,19,2/03/1996,14.1
1157,9225,0,27.8,19,3/03/1996,8.8
1158,9225,0,26.5,17,4/03/1996,9.5
1159,9225,0,26.6,15,5/03/1996,11.6
1160,9225,0,27.6,16,6/03/1996,11.6
1161,9225,0,31,16,7/03/1996,15
1162,9225,0,39,20,8/03/1996,19
1163,9225,0,40.5,20,9/03/1996,20.5
1164,9225,0.4,24.9,19,10/03/1996,5.9
1165,9225,0,27.9,15,11/03/1996,12.9
1166,9225,0,31.8,16,12/03/1996,15.8
1167,9225,0,34.2,18,13/03/1996,16.2
1168,9225,2.4,23.9,20,14/03/1996,3.9
1169,9225,2.6,21.7,13,15/03/1996,8.7
1170,9225,0,24.8,16,16/03/1996,8.8
1171,9225,0,29.6,13,17/03/1996,16.6
1172,9225,0,26.2,15,18/03/1996,11.2
1173,9225,0,26.2,15,19/03/1996,11.2
1174,9225,0,29.3,14,20/03/1996,15.3
1175,9225,0,34.8,19,21/03/1996,15.8
1176,9225,0,25,21,22/03/1996,4
1177,9225,1.2,23.5,12,23/03/1996,11.5
1178,9225,0,24.4,13,24/03/1996,11.4
1179,9225,0,27.5,16,25/03/1996,11.5
1180,9225,0,27,15,26/03/1996,12
1181,9225,0.6,20.8,16,27/03/1996,4.8
1182,9225,2,20.8,14,28/03/1996,6.8
1183,9225,0,23.3,8,29/03/1996,15.3
1184,9225,0,26.2,10,30/03/1996,16.2
1185,9225,0,28,13,31/03/1996,15
1186,9225,0,28.7,15,1/04/1996,13.7
1187,9225,0,31.3,14,2/04/1996,17.3
1188,9225,0,30.3,16,3/04/1996,14.3
1189,9225,0,27,17,4/04/1996,10
1190,9225,0,20.6,16,5/04/1996,4.6
1191,9225,0,22.4,11,6/04/1996,11.4
1192,9225,0,27.4,10,7/04/1996,17.4
1193,9225,0,29.3,14,8/04/1996,15.3
1194,9225,0,31.3,19,9/04/1996,12.3
1195,9225,0,30.9,18,10/04/1996,12.9
1196,9225,5.8,21.3,17,11/04/1996,4.3
1197,9225,1.8,20.8,15,12/04/1996,5.8
1198,9225,4.4,23.3,11,13/04/1996,12.3
1199,9225,0,26.6,10,14/04/1996,16.6
1200,9225,0,28.8,13,15/04/1996,15.8
1201,9225,0,29.4,16,16/04/1996,13.4
1202,9225,0,33.6,18,17/04/1996,15.6
1203,9225,0,29.7,20,18/04/1996,9.7
1204,9225,1.6,22,19,19/04/1996,3
1205,9225,10.4,20.5,16,20/04/1996,4.5
1206,9225,2,21.8,5,21/04/1996,16.8
1207,9225,0,21.8,7,22/04/1996,14.8
1208,9225,0.4,20.8,7,23/04/1996,13.8
1209,9225,0,21.8,11,24/04/1996,10.8
1210,9225,0.6,22.6,13,25/04/1996,9.6
1211,9225,0,25.3,13,26/04/1996,12.3
1212,9225,0,23.9,10,27/04/1996,13.9
1213,9225,0,26.3,15,28/04/1996,11.3
1214,9225,0,28.5,15,29/04/1996,13.5
1215,9225,0,26.8,11,30/04/1996,15.8
1216,9225,0,24,15,1/05/1996,9
1217,9225,0,25.9,10,2/05/1996,15.9
1218,9225,0,26.5,11,3/05/1996,15.5
1219,9225,0,24,15,4/05/1996,9
1220,9225,2.8,22.8,12,5/05/1996,10.8
1221,9225,0,26.1,12,6/05/1996,14.1
1222,9225,0,31.2,19,7/05/1996,12.2
1223,9225,19,23.5,17,8/05/1996,6.5
1224,9225,2,23.2,16,9/05/1996,7.2
1225,9225,2.2,19.1,14,10/05/1996,5.1
1226,9225,0.4,19.2,4,11/05/1996,15.2
1227,9225,0,20.2,3,12/05/1996,17.2
1228,9225,0,21.1,5,13/05/1996,16.1
1229,9225,0,23.8,11,14/05/1996,12.8
1230,9225,0.2,20.1,15,15/05/1996,5.1
1231,9225,2.2,21.5,12,16/05/1996,9.5
1232,9225,0.8,19.2,13,17/05/1996,6.2
1233,9225,0,19.2,4,18/05/1996,15.2
1234,9225,0,20.2,4,19/05/1996,16.2
1235,9225,0,22.9,5,20/05/1996,17.9
1236,9225,0,23.1,6,21/05/1996,17.1
1237,9225,0,23.1,6,22/05/1996,17.1
1238,9225,0,23.6,7,23/05/1996,16.6
1239,9225,0,23.1,11,24/05/1996,12.1
1240,9225,0,24.7,10,25/05/1996,14.7
1241,9225,0,24.2,11,26/05/1996,13.2
1242,9225,0,22.7,5,27/05/1996,17.7
1243,9225,0,24.8,7,28/05/1996,17.8
1244,9225,0,26.7,5,29/05/1996,21.7
1245,9225,0,26.9,7,30/05/1996,19.9
1246,9225,21,19.9,14,31/05/1996,5.9
1247,9225,1.4,17.9,14,1/06/1996,3.9
1248,9225,0,21.3,8,2/06/1996,13.3
1249,9225,4,18.5,12,3/06/1996,6.5
1250,9225,0,19.2,7,4/06/1996,12.2
1251,9225,0,19.5,4,5/06/1996,15.5
1252,9225,0,19.8,3,6/06/1996,16.8
1253,9225,0,20,9,7/06/1996,11
1254,9225,0,21.3,11,8/06/1996,10.3
1255,9225,0.2,22.2,13,9/06/1996,9.2
1256,9225,9.2,22.4,13,10/06/1996,9.4
1257,9225,0.4,22.3,10,11/06/1996,12.3
1258,9225,1,21,10,12/06/1996,11
1259,9225,0,20.6,7,13/06/1996,13.6
1260,9225,0,22.7,6,14/06/1996,16.7
1261,9225,0,20.8,8,15/06/1996,12.8
1262,9225,13,18.7,13,16/06/1996,5.7
1263,9225,3.2,19.8,12,17/06/1996,7.8
1264,9225,24.2,19.9,13,18/06/1996,6.9
1265,9225,29.6,18.5,13,19/06/1996,5.5
1266,9225,39.8,18.3,12,20/06/1996,6.3
1267,9225,16.4,15.9,12,21/06/1996,3.9
1268,9225,10.6,16.6,7,22/06/1996,9.6
1269,9225,0.8,16.1,9,23/06/1996,7.1
1270,9225,6.6,15.5,8,24/06/1996,7.5
1271,9225,0,19.8,5,25/06/1996,14.8
1272,9225,0,17.9,8,26/06/1996,9.9
1273,9225,17.8,18.5,12,27/06/1996,6.5
1274,9225,15.6,19.6,13,28/06/1996,6.6
1275,9225,0.4,20.8,13,29/06/1996,7.8
1276,9225,27.2,17.9,13,30/06/1996,4.9
1277,9225,1.2,19.4,8.6,1/07/1996,10.8
1278,9225,2,20,12.4,2/07/1996,7.6
1279,9225,24,16.3,13.1,3/07/1996,3.2
1280,9225,9.2,17.9,12,4/07/1996,5.9
1281,9225,2.8,18.5,10.4,5/07/1996,8.1
1282,9225,0,21,7.7,6/07/1996,13.3
1283,9225,0,20.6,11.8,7/07/1996,8.8
1284,9225,20.6,18.3,12,8/07/1996,6.3
1285,9225,0,17.8,6.6,9/07/1996,11.2
1286,9225,0,16.3,5,10/07/1996,11.3
1287,9225,0,16.2,2.5,11/07/1996,13.7
1288,9225,0,17.5,8.4,12/07/1996,9.1
1289,9225,3.2,17,8.7,13/07/1996,8.3
1290,9225,0,15.5,10.8,14/07/1996,4.7
1291,9225,0,17.9,12.1,15/07/1996,5.8
1292,9225,11.4,19.1,13.1,16/07/1996,6
1293,9225,20.8,17.1,13.2,17/07/1996,3.9
1294,9225,6.2,17.6,12.1,18/07/1996,5.5
1295,9225,5.2,17,12.2,19/07/1996,4.8
1296,9225,0.2,18.2,9.7,20/07/1996,8.5
1297,9225,4.4,18.9,12.6,21/07/1996,6.3
1298,9225,16.6,18.5,13,22/07/1996,5.5
1299,9225,2,17.7,8.7,23/07/1996,9
1300,9225,20.6,15.4,11.4,24/07/1996,4
1301,9225,9.2,18.8,6.3,25/07/1996,12.5
1302,9225,1.4,20.3,11.4,26/07/1996,8.9
1303,9225,29.2,20.2,13.1,27/07/1996,7.1
1304,9225,7.6,18.8,12.7,28/07/1996,6.1
1305,9225,1.2,21,12.5,29/07/1996,8.5
1306,9225,8,17.6,13.4,30/07/1996,4.2
1307,9225,3.8,16.2,10.6,31/07/1996,5.6
1308,9225,5.6,18.2,10.8,1/08/1996,7.4
1309,9225,2,17.4,13,2/08/1996,4.4
1310,9225,2.2,18.1,13,3/08/1996,5.1
1311,9225,5.2,17.7,8,4/08/1996,9.7
1312,9225,15.2,14.8,11,5/08/1996,3.8
1313,9225,4,15.3,2,6/08/1996,13.3
1314,9225,5.2,18.8,7,7/08/1996,11.8
1315,9225,0,20,6,8/08/1996,14
1316,9225,0,20.6,5,9/08/1996,15.6
1317,9225,0,21.2,9.6,10/08/1996,11.6
1318,9225,22.2,16.4,9,11/08/1996,7.4
1319,9225,1.6,18.6,9,12/08/1996,9.6
1320,9225,14.4,14.2,9,13/08/1996,5.2
1321,9225,1.4,16.2,2,14/08/1996,14.2
1322,9225,1.4,17.1,6,15/08/1996,11.1
1323,9225,1.6,17.5,7,16/08/1996,10.5
1324,9225,0,16.5,8,17/08/1996,8.5
1325,9225,0,17.2,9,18/08/1996,8.2
1326,9225,0,18.9,7,19/08/1996,11.9
1327,9225,2,18,13,20/08/1996,5
1328,9225,10.4,16.5,10,21/08/1996,6.5
1329,9225,0.8,18.4,7,22/08/1996,11.4
1330,9225,1.6,18.7,10,23/08/1996,8.7
1331,9225,14.6,16.6,13,24/08/1996,3.6
1332,9225,0,18.1,3,25/08/1996,15.1
1333,9225,0,18.1,6,26/08/1996,12.1
1334,9225,3.2,20.1,11,27/08/1996,9.1
1335,9225,1.6,20.6,13,28/08/1996,7.6
1336,9225,0,23.2,10,29/08/1996,13.2
1337,9225,0,21.6,9,30/08/1996,12.6
1338,9225,7.4,18.6,13,31/08/1996,5.6
1339,9225,0,19.3,7,1/09/1996,12.3
1340,9225,0,21.5,6,2/09/1996,15.5
1341,9225,2.2,18.6,10,3/09/1996,8.6
1342,9225,0.2,19.4,8,4/09/1996,11.4
1343,9225,0,23.6,6,5/09/1996,17.6
1344,9225,4.8,18.2,13,6/09/1996,5.2
1345,9225,2,18.9,12,7/09/1996,6.9
1346,9225,3.4,20.5,11,8/09/1996,9.5
1347,9225,1.4,21.6,11,9/09/1996,10.6
1348,9225,8.6,18.3,15,10/09/1996,3.3
1349,9225,15.8,17.9,8,11/09/1996,9.9
1350,9225,0.8,19.6,11,12/09/1996,8.6
1351,9225,0,22.9,8,13/09/1996,14.9
1352,9225,3.8,20.7,15,14/09/1996,5.7
1353,9225,10,20.2,16,15/09/1996,4.2
1354,9225,7.2,20.2,14,16/09/1996,6.2
1355,9225,0.8,21.5,16,17/09/1996,5.5
1356,9225,6,19.2,14,18/09/1996,5.2
1357,9225,1,18.6,12,19/09/1996,6.6
1358,9225,0,20.7,6,20/09/1996,14.7
1359,9225,0,22.2,8,21/09/1996,14.2
1360,9225,31.2,16.2,11,22/09/1996,5.2
1361,9225,0.6,17.8,12,23/09/1996,5.8
1362,9225,0,19,11,24/09/1996,8
1363,9225,0,20.9,7,25/09/1996,13.9
1364,9225,0,16.8,11,26/09/1996,5.8
1365,9225,26.6,18.6,12,27/09/1996,6.6
1366,9225,0.2,17.6,11,28/09/1996,6.6
1367,9225,1,16.8,8,29/09/1996,8.8
1368,9225,0,17.5,5,30/09/1996,12.5
1369,9225,0,18.8,8,1/10/1996,10.8
1370,9225,0.2,20.1,10,2/10/1996,10.1
1371,9225,0,20.1,6,3/10/1996,14.1
1372,9225,0,19.9,13,4/10/1996,6.9
1373,9225,0,19.5,9,5/10/1996,10.5
1374,9225,0,24.6,7,6/10/1996,17.6
1375,9225,0,30.8,9,7/10/1996,21.8
1376,9225,0,24.9,10,8/10/1996,14.9
1377,9225,0.2,21,14,9/10/1996,7
1378,9225,7.2,16.8,11,10/10/1996,5.8
1379,9225,2.6,20.2,4,11/10/1996,16.2
1380,9225,0,24.5,5,12/10/1996,19.5
1381,9225,0,24.1,9,13/10/1996,15.1
1382,9225,0,24.1,11,14/10/1996,13.1
1383,9225,0,19.5,13,15/10/1996,6.5
1384,9225,0,19.6,9,16/10/1996,10.6
1385,9225,0,21.8,6,17/10/1996,15.8
1386,9225,0,20.4,10,18/10/1996,10.4
1387,9225,0,28.1,9,19/10/1996,19.1
1388,9225,0,36.9,13,20/10/1996,23.9
1389,9225,17.6,23.4,18,21/10/1996,5.4
1390,9225,6.6,23,15,22/10/1996,8
1391,9225,5,20.4,15,23/10/1996,5.4
1392,9225,4.6,20.8,10,24/10/1996,10.8
1393,9225,0,22.6,9,25/10/1996,13.6
1394,9225,0,25.6,11,26/10/1996,14.6
1395,9225,0,28.1,12,27/10/1996,16.1
1396,9225,0,30.4,14,28/10/1996,16.4
1397,9225,0,30.5,14,29/10/1996,16.5
1398,9225,0,26.1,18,30/10/1996,8.1
1399,9225,0,21.2,17,31/10/1996,4.2
1400,9225,0,22.2,13,1/11/1996,9.2
1401,9225,0,23.3,13,2/11/1996,10.3
1402,9225,0,27.1,14,3/11/1996,13.1
1403,9225,0,29.4,14,4/11/1996,15.4
1404,9225,0,22.2,16,5/11/1996,6.2
1405,9225,10.8,19.5,15,6/11/1996,4.5
1406,9225,5.4,21.6,12,7/11/1996,9.6
1407,9225,0,23.3,14,8/11/1996,9.3
1408,9225,0,30.6,13,9/11/1996,17.6
1409,9225,0,34.4,15,10/11/1996,19.4
1410,9225,0,35.9,15,11/11/1996,20.9
1411,9225,0,25.8,20,12/11/1996,5.8
1412,9225,0.6,20.6,16,13/11/1996,4.6
1413,9225,0,21.8,14,14/11/1996,7.8
1414,9225,13.2,19.9,15,15/11/1996,4.9
1415,9225,18.6,19.9,14,16/11/1996,5.9
1416,9225,0.2,22,9,17/11/1996,13
1417,9225,0,27.1,12,18/11/1996,15.1
1418,9225,0,28.1,14,19/11/1996,14.1
1419,9225,0,30.5,15,20/11/1996,15.5
1420,9225,0,33,16,21/11/1996,17
1421,9225,0,28,18,22/11/1996,10
1422,9225,0,23.9,19,23/11/1996,4.9
1423,9225,1.4,22.2,15,24/11/1996,7.2
1424,9225,0,23.6,13,25/11/1996,10.6
1425,9225,0,22.1,14,26/11/1996,8.1
1426,9225,0,24,13,27/11/1996,11
1427,9225,0,26.6,11,28/11/1996,15.6
1428,9225,0,31.6,15,29/11/1996,16.6
1429,9225,0.4,22.6,17,30/11/1996,5.6
1430,9225,8.6,22.6,17,1/12/1996,5.6
1431,9225,0.4,22.9,15.7,2/12/1996,7.2
1432,9225,0.2,22.9,12.2,3/12/1996,10.7
1433,9225,0,22.8,11.5,4/12/1996,11.3
1434,9225,0,21.8,12.2,5/12/1996,9.6
1435,9225,0,22.6,9.9,6/12/1996,12.7
1436,9225,0,29,12.1,7/12/1996,16.9
1437,9225,0,28.9,14.7,8/12/1996,14.2
1438,9225,0,26.2,14.5,9/12/1996,11.7
1439,9225,0,26.4,15.5,10/12/1996,10.9
1440,9225,0,23.4,18.1,11/12/1996,5.3
1441,9225,10.2,22.1,13.5,12/12/1996,8.6
1442,9225,0.6,22.7,15.3,13/12/1996,7.4
1443,9225,0,25.7,13.5,14/12/1996,12.2
1444,9225,0,30.8,15.2,15/12/1996,15.6
1445,9225,0,29.8,16.5,16/12/1996,13.3
1446,9225,0,32.1,16.6,17/12/1996,15.5
1447,9225,0,34.3,17.6,18/12/1996,16.7
1448,9225,0,37.4,19.1,19/12/1996,18.3
1449,9225,0.6,33.4,19.9,20/12/1996,13.5
1450,9225,0,24.3,17.3,21/12/1996,7
1451,9225,0,26.4,14.6,22/12/1996,11.8
1452,9225,0,26.6,14.7,23/12/1996,11.9
1453,9225,0,22.2,13.6,24/12/1996,8.6
1454,9225,0,25.9,11.5,25/12/1996,14.4
1455,9225,0,28.7,14.6,26/12/1996,14.1
1456,9225,0,28.7,16.6,27/12/1996,12.1
1457,9225,0,28.8,16,28/12/1996,12.8
1458,9225,0,25.6,14.3,29/12/1996,11.3
1459,9225,0,29.9,16.3,30/12/1996,13.6
1460,9225,0,38.6,18.1,31/12/1996,20.5
1461,9225,0,42.2,21.6,1/01/1997,20.6
1462,9225,0,40.8,24.7,2/01/1997,16.1
1463,9225,0,39,24.8,3/01/1997,14.2
1464,9225,0,28.1,19.3,4/01/1997,8.8
1465,9225,0,27.8,16.2,5/01/1997,11.6
1466,9225,0,33,15.8,6/01/1997,17.2
1467,9225,0,37.8,18.4,7/01/1997,19.4
1468,9225,0,40.9,21.2,8/01/1997,19.7
1469,9225,0,31.8,19.8,9/01/1997,12
1470,9225,0,32.4,19.8,10/01/1997,12.6
1471,9225,0,34.6,19.5,11/01/1997,15.1
1472,9225,0.6,25.4,21.1,12/01/1997,4.3
1473,9225,0,29.1,17.2,13/01/1997,11.9
1474,9225,0,29.6,16.1,14/01/1997,13.5
1475,9225,0,33.4,19,15/01/1997,14.4
1476,9225,0,37.7,19.3,16/01/1997,18.4
1477,9225,0,37.7,21.1,17/01/1997,16.6
1478,9225,0,27.7,21.4,18/01/1997,6.3
1479,9225,0,24.6,15.5,19/01/1997,9.1
1480,9225,0,22.7,16.7,20/01/1997,6
1481,9225,0,28,14.2,21/01/1997,13.8
1482,9225,0,30.7,16.5,22/01/1997,14.2
1483,9225,0,33,16.4,23/01/1997,16.6
1484,9225,0,38.5,19.4,24/01/1997,19.1
1485,9225,0,25.4,19.7,25/01/1997,5.7
1486,9225,0,26.4,13.2,26/01/1997,13.2
1487,9225,0,30.6,14.5,27/01/1997,16.1
1488,9225,0,39.1,17.2,28/01/1997,21.9
1489,9225,0,29.1,21.2,29/01/1997,7.9
1490,9225,0,28.3,17.2,30/01/1997,11.1
1491,9225,0,32.5,16.7,31/01/1997,15.8
1492,9225,0,42.7,19.2,1/02/1997,23.5
1493,9225,0,36.2,22.9,2/02/1997,13.3
1494,9225,0,35,25.1,3/02/1997,9.9
1495,9225,0,25.7,19.4,4/02/1997,6.3
1496,9225,0,27.8,17.5,5/02/1997,10.3
1497,9225,0,31.9,16.5,6/02/1997,15.4
1498,9225,0,27.1,19.7,7/02/1997,7.4
1499,9225,0,31.2,17.8,8/02/1997,13.4
1500,9225,0,28.8,17.5,9/02/1997,11.3
1501,9225,0,32,17.9,10/02/1997,14.1
1502,9225,0,34.7,18,11/02/1997,16.7
1503,9225,0,32.2,15.6,12/02/1997,16.6
1504,9225,0,28.7,16.9,13/02/1997,11.8
1505,9225,0,24.9,17,14/02/1997,7.9
1506,9225,0,29.6,16,15/02/1997,13.6
1507,9225,0,31.8,13.9,16/02/1997,17.9
1508,9225,0,26.1,16.8,17/02/1997,9.3
1509,9225,0,31.5,16.8,18/02/1997,14.7
1510,9225,0,25.4,20,19/02/1997,5.4
1511,9225,1,25.1,19.5,20/02/1997,5.6
1512,9225,0.2,25.9,17,21/02/1997,8.9
1513,9225,0,31.7,18.7,22/02/1997,13
1514,9225,0.2,26.3,19,23/02/1997,7.3
1515,9225,2.2,33.2,19.4,24/02/1997,13.8
1516,9225,0,35.7,22.4,25/02/1997,13.3
1517,9225,0,44.5,27.2,26/02/1997,17.3
1518,9225,0,36.7,24.2,27/02/1997,12.5
1519,9225,0,31.7,19.1,28/02/1997,12.6
1520,9225,0,31.2,16.1,1/03/1997,15.1
1521,9225,0,34.1,17.9,2/03/1997,16.2
1522,9225,0,29.9,19.1,3/03/1997,10.8
1523,9225,0,29.9,16.3,4/03/1997,13.6
1524,9225,0,30.6,13.8,5/03/1997,16.8
1525,9225,0,26.7,16.2,6/03/1997,10.5
1526,9225,0.2,26.8,15.4,7/03/1997,11.4
1527,9225,0,29.6,16,8/03/1997,13.6
1528,9225,0,31.9,17.9,9/03/1997,14
1529,9225,0,26.7,16.5,10/03/1997,10.2
1530,9225,0,25.3,15.4,11/03/1997,9.9
1531,9225,0,27,14.7,12/03/1997,12.3
1532,9225,0,27.3,15.4,13/03/1997,11.9
1533,9225,0,30.5,15.9,14/03/1997,14.6
1534,9225,0,35.3,18.1,15/03/1997,17.2
1535,9225,0.2,23.4,19.9,16/03/1997,3.5
1536,9225,10.4,23.9,15.2,17/03/1997,8.7
1537,9225,0,24.3,13.8,18/03/1997,10.5
1538,9225,0,25,12.1,19/03/1997,12.9
1539,9225,0,29.6,15.1,20/03/1997,14.5
1540,9225,0,29.8,14.8,21/03/1997,15
1541,9225,0,28.4,18.5,22/03/1997,9.9
1542,9225,0,28.1,17.9,23/03/1997,10.2
1543,9225,0,28.4,16,24/03/1997,12.4
1544,9225,0,27.9,15.7,25/03/1997,12.2
1545,9225,0,22.9,15.1,26/03/1997,7.8
1546,9225,0,25.7,14.6,27/03/1997,11.1
1547,9225,0,24,16,28/03/1997,8
1548,9225,7,18.9,15.6,29/03/1997,3.3
1549,9225,36,25.9,15.2,30/03/1997,10.7
1550,9225,0,23.4,13.9,31/03/1997,9.5
1551,9225,0,22.8,15.8,1/04/1997,7
1552,9225,0,23.4,13.6,2/04/1997,9.8
1553,9225,0,28.2,15.1,3/04/1997,13.1
1554,9225,0,22.1,16.5,4/04/1997,5.6
1555,9225,0.2,27,17.2,5/04/1997,9.8
1556,9225,10,28.4,17.1,6/04/1997,11.3
1557,9225,0,28.4,18.6,7/04/1997,9.8
1558,9225,17.2,30,16.1,8/04/1997,13.9
1559,9225,0,33.2,18.4,9/04/1997,14.8
1560,9225,0,25.5,18.7,10/04/1997,6.8
1561,9225,4,22.9,17.4,11/04/1997,5.5
1562,9225,0,23.6,12.7,12/04/1997,10.9
1563,9225,0.4,24.4,14.2,13/04/1997,10.2
1564,9225,0.2,28.3,15,14/04/1997,13.3
1565,9225,0,30.3,17,15/04/1997,13.3
1566,9225,0,29.1,13.9,16/04/1997,15.2
1567,9225,0,29.2,14.3,17/04/1997,14.9
1568,9225,0,27.6,14.7,18/04/1997,12.9
1569,9225,0,24.6,13.8,19/04/1997,10.8
1570,9225,0,23.2,12.8,20/04/1997,10.4
1571,9225,5,22.6,13.9,21/04/1997,8.7
1572,9225,0,22.9,8.5,22/04/1997,14.4
1573,9225,0,24.1,8.5,23/04/1997,15.6
1574,9225,0,26.9,10.7,24/04/1997,16.2
1575,9225,0,33.2,11.8,25/04/1997,21.4
1576,9225,0,23.9,13.7,26/04/1997,10.2
1577,9225,0.4,20.3,17.5,27/04/1997,2.8
1578,9225,0,21,13.6,28/04/1997,7.4
1579,9225,0,20.3,16.4,29/04/1997,3.9
1580,9225,1.2,20.6,14.8,30/04/1997,5.8
1581,9225,6.4,20.6,14.7,1/05/1997,5.9
1582,9225,0,21,8.3,2/05/1997,12.7
1583,9225,3,20.3,11.2,3/05/1997,9.1
1584,9225,0,19.3,6.1,4/05/1997,13.2
1585,9225,0,21.1,6,5/05/1997,15.1
1586,9225,0,18.1,9,6/05/1997,9.1
1587,9225,0,18.6,7.2,7/05/1997,11.4
1588,9225,0,19.7,7.4,8/05/1997,12.3
1589,9225,0,20.2,8.4,9/05/1997,11.8
1590,9225,0,19.5,9.3,10/05/1997,10.2
1591,9225,0,15.9,12.5,11/05/1997,3.4
1592,9225,1.4,18,12.6,12/05/1997,5.4
1593,9225,1.6,22.9,13.4,13/05/1997,9.5
1594,9225,0,23.5,11.5,14/05/1997,12
1595,9225,0,22.6,12.8,15/05/1997,9.8
1596,9225,0,27.3,10.7,16/05/1997,16.6
1597,9225,0,25.9,11.7,17/05/1997,14.2
1598,9225,3.4,20.6,16.4,18/05/1997,4.2
1599,9225,11.4,21.5,9,19/05/1997,12.5
1600,9225,0,20.1,9.6,20/05/1997,10.5
1601,9225,0,20.6,7.8,21/05/1997,12.8
1602,9225,0,23.2,7.9,22/05/1997,15.3
1603,9225,16,20.3,12.8,23/05/1997,7.5
1604,9225,3,20.3,11.9,24/05/1997,8.4
1605,9225,2.8,19.2,13.3,25/05/1997,5.9
1606,9225,1.6,19.6,10.2,26/05/1997,9.4
1607,9225,0.4,19.9,10.8,27/05/1997,9.1
1608,9225,8,18.9,10.1,28/05/1997,8.8
1609,9225,0,20.5,6.6,29/05/1997,13.9
1610,9225,0,20.9,7.9,30/05/1997,13
1611,9225,23.6,19,11.5,31/05/1997,7.5
1612,9225,17.4,19.2,11.6,1/06/1997,7.6
1613,9225,14,18.8,12.2,2/06/1997,6.6
1614,9225,5,19,14.2,3/06/1997,4.8
1615,9225,11,19.3,13.1,4/06/1997,6.2
1616,9225,7.2,18.5,12.2,5/06/1997,6.3
1617,9225,2.8,18.7,10.6,6/06/1997,8.1
1618,9225,0.8,22.3,11,7/06/1997,11.3
1619,9225,10.4,18.4,12.3,8/06/1997,6.1
1620,9225,16.6,17.4,11.6,9/06/1997,5.8
1621,9225,0,17.8,8.1,10/06/1997,9.7
1622,9225,4.6,16.5,9.2,11/06/1997,7.3
1623,9225,5,18.3,8.2,12/06/1997,10.1
1624,9225,2.8,17.3,9.8,13/06/1997,7.5
1625,9225,0,17.9,6.2,14/06/1997,11.7
1626,9225,0,19.9,5.8,15/06/1997,14.1
1627,9225,0,22.2,8,16/06/1997,14.2
1628,9225,0,23.8,9.1,17/06/1997,14.7
1629,9225,0,22.9,10.9,18/06/1997,12
1630,9225,0.2,18.4,13.8,19/06/1997,4.6
1631,9225,0.6,19.9,11.6,20/06/1997,8.3
1632,9225,3.4,19.8,9.4,21/06/1997,10.4
1633,9225,0,19.9,9.1,22/06/1997,10.8
1634,9225,2.4,19.6,9.1,23/06/1997,10.5
1635,9225,0,20.5,7.6,24/06/1997,12.9
1636,9225,0.6,21.6,8.4,25/06/1997,13.2
1637,9225,0,23,7,26/06/1997,16
1638,9225,0,20.3,7.5,27/06/1997,12.8
1639,9225,0,18,9.4,28/06/1997,8.6
1640,9225,0,20,11.6,29/06/1997,8.4
1641,9225,0,19.2,2.2,30/06/1997,17
1642,9225,0,19.7,1.8,1/07/1997,17.9
1643,9225,0,20.1,2.5,2/07/1997,17.6
1644,9225,10,17.7,9.6,3/07/1997,8.1
1645,9225,0,20.4,8.2,4/07/1997,12.2
1646,9225,0,20.2,9.6,5/07/1997,10.6
1647,9225,36.6,18.8,11.1,6/07/1997,7.7
1648,9225,20.6,14.3,7.6,7/07/1997,6.7
1649,9225,0.2,14.1,0.4,8/07/1997,13.7
1650,9225,11.6,15.6,0.8,9/07/1997,14.8
1651,9225,0,15.2,0.9,10/07/1997,14.3
1652,9225,0,17.3,0.2,11/07/1997,17.1
1653,9225,0,15.3,0.5,12/07/1997,14.8
1654,9225,6.4,16.1,3.4,13/07/1997,12.7
1655,9225,22.6,15.2,2.2,14/07/1997,13
1656,9225,0,15.2,0,15/07/1997,15.2
1657,9225,0,16.6,1.7,16/07/1997,14.9
1658,9225,0,18.7,1.3,17/07/1997,17.4
1659,9225,0,19.2,0.5,18/07/1997,18.7
1660,9225,0,20.9,1.1,19/07/1997,19.8
1661,9225,0,20.9,1,20/07/1997,19.9
1662,9225,0,20.5,1.2,21/07/1997,19.3
1663,9225,0,22,1.8,22/07/1997,20.2
1664,9225,0,22.8,1.9,23/07/1997,20.9
1665,9225,10.2,16.2,9.4,24/07/1997,6.8
1666,9225,5.4,17.6,7.6,25/07/1997,10
1667,9225,3.2,18.4,8.1,26/07/1997,10.3
1668,9225,10.6,17.8,10.9,27/07/1997,6.9
1669,9225,0.2,19.9,7.5,28/07/1997,12.4
1670,9225,0,21.2,7.8,29/07/1997,13.4
1671,9225,0,23.5,8,30/07/1997,15.5
1672,9225,0,22.1,8.2,31/07/1997,13.9
1673,9225,0,19.4,6.4,1/08/1997,13
1674,9225,0,20.2,5.1,2/08/1997,15.1
1675,9225,0,18.6,5.4,3/08/1997,13.2
1676,9225,18.2,19.6,9.4,4/08/1997,10.2
1677,9225,10,16.3,10.3,5/08/1997,6
1678,9225,3.6,18.8,11.2,6/08/1997,7.6
1679,9225,2,18.1,11.8,7/08/1997,6.3
1680,9225,6.6,19,10.9,8/08/1997,8.1
1681,9225,10.2,15.4,11.9,9/08/1997,3.5
1682,9225,19.8,13.2,5.6,10/08/1997,7.6
1683,9225,0,17.1,1.4,11/08/1997,15.7
1684,9225,0,19.1,1.8,12/08/1997,17.3
1685,9225,0,20.5,3.8,13/08/1997,16.7
1686,9225,0,20.8,5.6,14/08/1997,15.2
1687,9225,27,18.4,13.1,15/08/1997,5.3
1688,9225,5.8,15.8,5.2,16/08/1997,10.6
1689,9225,0,16.1,2.7,17/08/1997,13.4
1690,9225,0,18.1,2.7,18/08/1997,15.4
1691,9225,0,19,4.6,19/08/1997,14.4
1692,9225,0,19.5,3.5,20/08/1997,16
1693,9225,0,20.4,4.5,21/08/1997,15.9
1694,9225,0,17.3,5.4,22/08/1997,11.9
1695,9225,0,18,7.9,23/08/1997,10.1
1696,9225,0,20.1,2.6,24/08/1997,17.5
1697,9225,0,21,7.9,25/08/1997,13.1
1698,9225,0,21.5,9.1,26/08/1997,12.4
1699,9225,0.4,19.8,14.1,27/08/1997,5.7
1700,9225,10,15.4,10.1,28/08/1997,5.3
1701,9225,5.6,17,4.4,29/08/1997,12.6
1702,9225,0,19.2,6.2,30/08/1997,13
1703,9225,0,17.8,4.9,31/08/1997,12.9
1704,9225,0,17,5.6,1/09/1997,11.4
1705,9225,17.8,15.7,7.1,2/09/1997,8.6
1706,9225,10.6,16.9,8.1,3/09/1997,8.8
1707,9225,0.4,19.3,4.2,4/09/1997,15.1
1708,9225,0,21.3,7,5/09/1997,14.3
1709,9225,32,16.7,11,6/09/1997,5.7
1710,9225,0.6,18.5,9.4,7/09/1997,9.1
1711,9225,18,18.4,11.2,8/09/1997,7.2
1712,9225,19.2,15.3,10.6,9/09/1997,4.7
1713,9225,4,17.9,8.1,10/09/1997,9.8
1714,9225,0.2,18.3,6.7,11/09/1997,11.6
1715,9225,1.2,18.8,8.8,12/09/1997,10
1716,9225,0,18.7,7.4,13/09/1997,11.3
1717,9225,0,20.9,9.5,14/09/1997,11.4
1718,9225,0,24.5,10.6,15/09/1997,13.9
1719,9225,0,22.8,11.3,16/09/1997,11.5
1720,9225,0,21.6,10.5,17/09/1997,11.1
1721,9225,0.4,22.1,10.2,18/09/1997,11.9
1722,9225,0.2,20.9,11.5,19/09/1997,9.4
1723,9225,0,21.9,9.5,20/09/1997,12.4
1724,9225,0,21.7,12.5,21/09/1997,9.2
1725,9225,0,23.6,12.1,22/09/1997,11.5
1726,9225,0,23.3,9.6,23/09/1997,13.7
1727,9225,1.6,19.9,13.6,24/09/1997,6.3
1728,9225,0,19.3,6,25/09/1997,13.3
1729,9225,1.2,19.9,10.4,26/09/1997,9.5
1730,9225,1.8,22.1,7.6,27/09/1997,14.5
1731,9225,0,23.9,8.4,28/09/1997,15.5
1732,9225,0,22.7,9.2,29/09/1997,13.5
1733,9225,0,22,11.1,30/09/1997,10.9
1734,9225,3.2,18.6,13.9,1/10/1997,4.7
1735,9225,0.2,20.2,8.7,2/10/1997,11.5
1736,9225,0,24.6,7.4,3/10/1997,17.2
1737,9225,0,24.2,11.8,4/10/1997,12.4
1738,9225,0,25.6,11,5/10/1997,14.6
1739,9225,0,30,15,6/10/1997,15
1740,9225,0,22.5,13,7/10/1997,9.5
1741,9225,2.8,22.4,15.5,8/10/1997,6.9
1742,9225,21.2,18.5,13,9/10/1997,5.5
1743,9225,13.4,19.6,11.7,10/10/1997,7.9
1744,9225,0,20.1,7.9,11/10/1997,12.2
1745,9225,0,23.4,10.8,12/10/1997,12.6
1746,9225,0,21.1,10.2,13/10/1997,10.9
1747,9225,0,25.2,10.1,14/10/1997,15.1
1748,9225,0,21.3,11.3,15/10/1997,10
1749,9225,0,20.6,10.3,16/10/1997,10.3
1750,9225,0,22.9,12.4,17/10/1997,10.5
1751,9225,0,24.9,10.4,18/10/1997,14.5
1752,9225,0,27,11.5,19/10/1997,15.5
1753,9225,0,28.8,14.7,20/10/1997,14.1
1754,9225,0,32.6,17.7,21/10/1997,14.9
1755,9225,0,33.1,15.3,22/10/1997,17.8
1756,9225,0,24.2,15.8,23/10/1997,8.4
1757,9225,0,21.5,15.8,24/10/1997,5.7
1758,9225,0.2,21.1,9.9,25/10/1997,11.2
1759,9225,0,22.5,8.4,26/10/1997,14.1
1760,9225,0,22.4,10.8,27/10/1997,11.6
1761,9225,0.4,23.3,13.6,28/10/1997,9.7
1762,9225,0.2,20,11.6,29/10/1997,8.4
1763,9225,0,22.8,7.5,30/10/1997,15.3
1764,9225,0,23.9,9.1,31/10/1997,14.8
1765,9225,0,26,10.5,1/11/1997,15.5
1766,9225,0,32.5,13.2,2/11/1997,19.3
1767,9225,0,37.5,15.7,3/11/1997,21.8
1768,9225,0,23.2,17.2,4/11/1997,6
1769,9225,0,22.2,13.3,5/11/1997,8.9
1770,9225,0,24.6,10.6,6/11/1997,14
1771,9225,0,24.7,11.1,7/11/1997,13.6
1772,9225,0,28.7,13.1,8/11/1997,15.6
1773,9225,0,29.4,11.5,9/11/1997,17.9
1774,9225,0,28,15.7,10/11/1997,12.3
1775,9225,0,27.4,15.6,11/11/1997,11.8
1776,9225,0,19.3,17,12/11/1997,2.3
1777,9225,0,,15,13/11/1997,-15
1778,9225,0,22.9,11.7,14/11/1997,11.2
1779,9225,0,24.6,13.7,15/11/1997,10.9
1780,9225,0,24.2,11.8,16/11/1997,12.4
1781,9225,0,25.9,11.4,17/11/1997,14.5
1782,9225,0,28.3,9.5,18/11/1997,18.8
1783,9225,0,28.4,9.4,19/11/1997,19
1784,9225,0,23.4,11.7,20/11/1997,11.7
1785,9225,0,21.2,15,21/11/1997,6.2
1786,9225,7,21.5,15.8,22/11/1997,5.7
1787,9225,0,22.9,11.6,23/11/1997,11.3
1788,9225,0,23.6,11.6,24/11/1997,12
1789,9225,0,24.9,16.2,25/11/1997,8.7
1790,9225,0.2,24.5,15.8,26/11/1997,8.7
1791,9225,0.6,24.8,11.9,27/11/1997,12.9
1792,9225,0,24,15.7,28/11/1997,8.3
1793,9225,0,26,11.8,29/11/1997,14.2
1794,9225,0,27.7,12.3,30/11/1997,15.4
1795,9225,0,27.6,17.6,1/12/1997,10
1796,9225,0,28.9,17.1,2/12/1997,11.8
1797,9225,0,25.8,17.3,3/12/1997,8.5
1798,9225,0,26.3,16.7,4/12/1997,9.6
1799,9225,0,23.7,17.7,5/12/1997,6
1800,9225,0,26.5,14.3,6/12/1997,12.2
1801,9225,0,27.5,14.6,7/12/1997,12.9
1802,9225,0,31,15.5,8/12/1997,15.5
1803,9225,0,36.8,15.8,9/12/1997,21
1804,9225,0,38.9,16.3,10/12/1997,22.6
1805,9225,0,31.4,19.5,11/12/1997,11.9
1806,9225,0,26.2,16.3,12/12/1997,9.9
1807,9225,0,28.1,15.5,13/12/1997,12.6
1808,9225,0,31.3,15.5,14/12/1997,15.8
1809,9225,0,36.3,19.1,15/12/1997,17.2
1810,9225,0,24.6,18.8,16/12/1997,5.8
1811,9225,0,25.3,14.4,17/12/1997,10.9
1812,9225,0,27.5,15,18/12/1997,12.5
1813,9225,0,24.9,15.6,19/12/1997,9.3
1814,9225,0,23.2,11.5,20/12/1997,11.7
1815,9225,0,29.3,16.8,21/12/1997,12.5
1816,9225,0,39.4,19,22/12/1997,20.4
1817,9225,0,41.4,22.8,23/12/1997,18.6
1818,9225,0,25.8,17.5,24/12/1997,8.3
1819,9225,0,34.7,16.5,25/12/1997,18.2
1820,9225,0,40.5,18.2,26/12/1997,22.3
1821,9225,0,26.2,20.9,27/12/1997,5.3
1822,9225,0,27.1,15.9,28/12/1997,11.2
1823,9225,0,33.4,16.7,29/12/1997,16.7
1824,9225,0,32.3,16.9,30/12/1997,15.4
1825,9225,0,27.2,17.4,31/12/1997,9.8
1826,9225,0,27.4,17.4,1/01/1998,10
1827,9225,0,28.6,15.9,2/01/1998,12.7
1828,9225,0,30.4,15.7,3/01/1998,14.7
1829,9225,0,32.1,17.9,4/01/1998,14.2
1830,9225,0,38.4,19.5,5/01/1998,18.9
1831,9225,0,41.5,21.5,6/01/1998,20
1832,9225,0,42.6,24.4,7/01/1998,18.2
1833,9225,0,28.4,21.4,8/01/1998,7
1834,9225,0,31.6,19.2,9/01/1998,12.4
1835,9225,0,35.1,18.7,10/01/1998,16.4
1836,9225,0,28.9,19.3,11/01/1998,9.6
1837,9225,0,27.6,17.3,12/01/1998,10.3
1838,9225,0,26.1,19.9,13/01/1998,6.2
1839,9225,0.2,27.7,18.3,14/01/1998,9.4
1840,9225,0,27.5,20,15/01/1998,7.5
1841,9225,1.6,23.2,18.9,16/01/1998,4.3
1842,9225,0,27.6,12.9,17/01/1998,14.7
1843,9225,0,28.8,15.6,18/01/1998,13.2
1844,9225,0,33.7,18.3,19/01/1998,15.4
1845,9225,0,28.2,19.4,20/01/1998,8.8
1846,9225,0,24.7,17.1,21/01/1998,7.6
1847,9225,0,23.8,12.5,22/01/1998,11.3
1848,9225,0,25.8,13.9,23/01/1998,11.9
1849,9225,0,34,17.2,24/01/1998,16.8
1850,9225,0,38.5,19.7,25/01/1998,18.8
1851,9225,0,39.8,17.9,26/01/1998,21.9
1852,9225,0,36,19.8,27/01/1998,16.2
1853,9225,0,33.4,18,28/01/1998,15.4
1854,9225,0,34.1,17.4,29/01/1998,16.7
1855,9225,0,29.8,18,30/01/1998,11.8
1856,9225,0,27.8,15.6,31/01/1998,12.2
1857,9225,0,23.9,16.1,1/02/1998,7.8
1858,9225,0,28.1,14.4,2/02/1998,13.7
1859,9225,0,29.5,15.7,3/02/1998,13.8
1860,9225,0,26.4,16.6,4/02/1998,9.8
1861,9225,0,29.1,15.4,5/02/1998,13.7
1862,9225,0,26,13.9,6/02/1998,12.1
1863,9225,0,30.1,13.7,7/02/1998,16.4
1864,9225,0,35.9,16.4,8/02/1998,19.5
1865,9225,0,40.2,18.7,9/02/1998,21.5
1866,9225,0,33.1,17.6,10/02/1998,15.5
1867,9225,0,29.7,15.7,11/02/1998,14
1868,9225,0,35.8,16.7,12/02/1998,19.1
1869,9225,0,36.8,19.9,13/02/1998,16.9
1870,9225,0,33.6,20.3,14/02/1998,13.3
1871,9225,0,30.4,18.2,15/02/1998,12.2
1872,9225,0,33.5,17.2,16/02/1998,16.3
1873,9225,0,29.4,17.6,17/02/1998,11.8
1874,9225,0,27.2,16.2,18/02/1998,11
1875,9225,0,33.4,15.5,19/02/1998,17.9
1876,9225,0,34.5,16.4,20/02/1998,18.1
1877,9225,0,31.8,18.7,21/02/1998,13.1
1878,9225,0,33.9,17.7,22/02/1998,16.2
1879,9225,0,28.2,17,23/02/1998,11.2
1880,9225,0,26.7,19.7,24/02/1998,7
1881,9225,0,24.6,16.3,25/02/1998,8.3
1882,9225,0,27.6,16,26/02/1998,11.6
1883,9225,0,31.7,16,27/02/1998,15.7
1884,9225,0,41.1,17.8,28/02/1998,23.3
1885,9225,0,37.8,21.5,1/03/1998,16.3
1886,9225,0.2,28.8,20.7,2/03/1998,8.1
1887,9225,0.2,30.9,18.8,3/03/1998,12.1
1888,9225,0,32.3,18.2,4/03/1998,14.1
1889,9225,0,37.6,20,5/03/1998,17.6
1890,9225,0,39.5,23,6/03/1998,16.5
1891,9225,0,34.3,21.3,7/03/1998,13
1892,9225,0,31,22.6,8/03/1998,8.4
1893,9225,0,23.6,20.9,9/03/1998,2.7
1894,9225,25.6,22.6,18.1,10/03/1998,4.5
1895,9225,7.2,22.7,17.3,11/03/1998,5.4
1896,9225,1.2,24.4,13.9,12/03/1998,10.5
1897,9225,0,26,14,13/03/1998,12
1898,9225,0,30.9,15.8,14/03/1998,15.1
1899,9225,0,31.5,14.5,15/03/1998,17
1900,9225,0,34.6,18,16/03/1998,16.6
1901,9225,0,35.9,16.9,17/03/1998,19
1902,9225,0,35.6,17.2,18/03/1998,18.4
1903,9225,0,32.3,15,19/03/1998,17.3
1904,9225,2.4,28.4,21.1,20/03/1998,7.3
1905,9225,6.2,21.7,14.3,21/03/1998,7.4
1906,9225,0,22.6,13.3,22/03/1998,9.3
1907,9225,0,25.5,8.7,23/03/1998,16.8
1908,9225,0,30.1,14.5,24/03/1998,15.6
1909,9225,0,32.7,15.1,25/03/1998,17.6
1910,9225,0,33.3,12,26/03/1998,21.3
1911,9225,0,32,13.3,27/03/1998,18.7
1912,9225,0,31.2,16.4,28/03/1998,14.8
1913,9225,0,33,15.9,29/03/1998,17.1
1914,9225,0,32.7,17.6,30/03/1998,15.1
1915,9225,0,32.7,17,31/03/1998,15.7
1916,9225,0,33.5,16.6,1/04/1998,16.9
1917,9225,0,33.6,13.6,2/04/1998,20
1918,9225,0,34.9,12.6,3/04/1998,22.3
1919,9225,0,32,13.2,4/04/1998,18.8
1920,9225,0,25.9,17.4,5/04/1998,8.5
1921,9225,0,24.4,14,6/04/1998,10.4
1922,9225,0,20.3,15.6,7/04/1998,4.7
1923,9225,0,20.8,16.2,8/04/1998,4.6
1924,9225,0,28.1,16.5,9/04/1998,11.6
1925,9225,0,24.4,17.6,10/04/1998,6.8
1926,9225,0,21.9,11.3,11/04/1998,10.6
1927,9225,0,23.4,7.8,12/04/1998,15.6
1928,9225,0,25.4,11,13/04/1998,14.4
1929,9225,0,25.8,15,14/04/1998,10.8
1930,9225,0,21.7,17.5,15/04/1998,4.2
1931,9225,9,20.2,15,16/04/1998,5.2
1932,9225,0.2,22.9,16.4,17/04/1998,6.5
1933,9225,4.4,22.7,13,18/04/1998,9.7
1934,9225,0,22.9,11.7,19/04/1998,11.2
1935,9225,0,22.3,13,20/04/1998,9.3
1936,9225,0,25.6,11,21/04/1998,14.6
1937,9225,0,22.8,10.9,22/04/1998,11.9
1938,9225,0,21.9,11.9,23/04/1998,10
1939,9225,1.2,23.9,13.2,24/04/1998,10.7
1940,9225,0.2,26.8,14.1,25/04/1998,12.7
1941,9225,0,25.6,15,26/04/1998,10.6
1942,9225,0.2,25,11.8,27/04/1998,13.2
1943,9225,0,22.9,11,28/04/1998,11.9
1944,9225,0,22.1,12.5,29/04/1998,9.6
1945,9225,0,22.6,8.8,30/04/1998,13.8
1946,9225,0,23.8,6.7,1/05/1998,17.1
1947,9225,0,24.7,12.7,2/05/1998,12
1948,9225,0,30.9,15.1,3/05/1998,15.8
1949,9225,0,28.8,16.8,4/05/1998,12
1950,9225,0,24.3,15.3,5/05/1998,9
1951,9225,0.4,27.7,11.6,6/05/1998,16.1
1952,9225,0,27.9,14.8,7/05/1998,13.1
1953,9225,0,30.6,18,8/05/1998,12.6
1954,9225,33,22.3,18.5,9/05/1998,3.8
1955,9225,2,22.2,12.7,10/05/1998,9.5
1956,9225,0,21,11,11/05/1998,10
1957,9225,0,21.9,9.7,12/05/1998,12.2
1958,9225,0.2,22.4,9.3,13/05/1998,13.1
1959,9225,2,21.2,9.5,14/05/1998,11.7
1960,9225,0.2,22.7,8.3,15/05/1998,14.4
1961,9225,0,26.1,11.8,16/05/1998,14.3
1962,9225,0,28.5,12,17/05/1998,16.5
1963,9225,2.8,19.2,14.5,18/05/1998,4.7
1964,9225,0.4,22.1,7,19/05/1998,15.1
1965,9225,2.2,23.5,11.1,20/05/1998,12.4
1966,9225,2.4,23,14.1,21/05/1998,8.9
1967,9225,2.4,18.9,10.5,22/05/1998,8.4
1968,9225,0,24.8,8.2,23/05/1998,16.6
1969,9225,0,25,9.3,24/05/1998,15.7
1970,9225,0,28,11.3,25/05/1998,16.7
1971,9225,38.2,19.4,13.7,26/05/1998,5.7
1972,9225,0.8,21,13.6,27/05/1998,7.4
1973,9225,6.2,19,14.3,28/05/1998,4.7
1974,9225,0.2,19.1,6.9,29/05/1998,12.2
1975,9225,0,19.8,6,30/05/1998,13.8
1976,9225,0,23.9,7.3,31/05/1998,16.6
1977,9225,0,23.1,12.1,1/06/1998,11
1978,9225,0.8,20.2,13.5,2/06/1998,6.7
1979,9225,0.4,20.8,12.4,3/06/1998,8.4
1980,9225,1.6,20.3,13.3,4/06/1998,7
1981,9225,20.8,18.4,13.2,5/06/1998,5.2
1982,9225,0.6,19.5,9.9,6/06/1998,9.6
1983,9225,0,24.7,7.4,7/06/1998,17.3
1984,9225,39.6,19.3,14.2,8/06/1998,5.1
1985,9225,1.4,21.3,12.1,9/06/1998,9.2
1986,9225,31.4,16.7,12.2,10/06/1998,4.5
1987,9225,9.2,15.7,9,11/06/1998,6.7
1988,9225,1.2,18.7,9.8,12/06/1998,8.9
1989,9225,1.8,19.4,9.3,13/06/1998,10.1
1990,9225,2.6,19.3,9.2,14/06/1998,10.1
1991,9225,0,20.8,4.4,15/06/1998,16.4
1992,9225,0,19.5,5.4,16/06/1998,14.1
1993,9225,6.8,15.5,10.7,17/06/1998,4.8
1994,9225,1.6,16.7,6.8,18/06/1998,9.9
1995,9225,0.8,18,9.1,19/06/1998,8.9
1996,9225,1,16.1,6,20/06/1998,10.1
1997,9225,0,16,3.4,21/06/1998,12.6
1998,9225,0,19,5.1,22/06/1998,13.9
1999,9225,0,19.1,7.1,23/06/1998,12
2000,9225,0,18.8,2.7,24/06/1998,16.1
2001,9225,0,16.2,2.9,25/06/1998,13.3
2002,9225,10.8,16.9,5.4,26/06/1998,11.5
2003,9225,3.6,17.9,6.5,27/06/1998,11.4
2004,9225,6.6,15.8,2.9,28/06/1998,12.9
2005,9225,0.2,14.2,3.2,29/06/1998,11
2006,9225,0.2,14.3,3.9,30/06/1998,10.4
2007,9225,7.2,13.7,8.8,1/07/1998,4.9
2008,9225,0,16.5,9.7,2/07/1998,6.8
2009,9225,0.8,19.2,8.3,3/07/1998,10.9
2010,9225,7,16.9,12.2,4/07/1998,4.7
2011,9225,4.8,16.1,4.6,5/07/1998,11.5
2012,9225,24.2,14.1,5.9,6/07/1998,8.2
2013,9225,6.4,14.1,0.3,7/07/1998,13.8
2014,9225,0,17.1,0.9,8/07/1998,16.2
2015,9225,0,17.7,4.6,9/07/1998,13.1
2016,9225,0,17.9,4,10/07/1998,13.9
2017,9225,0,16.2,7.8,11/07/1998,8.4
2018,9225,0.8,17.6,7,12/07/1998,10.6
2019,9225,0,16.5,7,13/07/1998,9.5
2020,9225,0,18,5.9,14/07/1998,12.1
2021,9225,0,17,1.4,15/07/1998,15.6
2022,9225,0,18.9,1.9,16/07/1998,17
2023,9225,0,18.3,4.4,17/07/1998,13.9
2024,9225,10.8,18,5.3,18/07/1998,12.7
2025,9225,12.4,16.6,10.2,19/07/1998,6.4
2026,9225,0,18.7,4.4,20/07/1998,14.3
2027,9225,0.4,18.2,6.2,21/07/1998,12
2028,9225,7.8,17,4.5,22/07/1998,12.5
2029,9225,0,20.8,4.8,23/07/1998,16
2030,9225,0,17.1,,24/07/1998,17.1
2031,9225,0,19.1,4.7,25/07/1998,14.4
2032,9225,35.2,13,6.5,26/07/1998,6.5
2033,9225,0.2,14,0,27/07/1998,14
2034,9225,0,15.2,1.1,28/07/1998,14.1
2035,9225,0,16.2,0.1,29/07/1998,16.1
2036,9225,0,17.1,0.9,30/07/1998,16.2
2037,9225,0.6,15.2,3.8,31/07/1998,11.4
2038,9225,20.4,18,7.3,1/08/1998,10.7
2039,9225,2.6,17.7,9,2/08/1998,8.7
2040,9225,3.4,18.8,10.6,3/08/1998,8.2
2041,9225,0,21,6,4/08/1998,15
2042,9225,7,16.6,8.2,5/08/1998,8.4
2043,9225,5.6,18.9,12.9,6/08/1998,6
2044,9225,13.2,20.6,13.4,7/08/1998,7.2
2045,9225,0.2,22,13.2,8/08/1998,8.8
2046,9225,0,23.7,8,9/08/1998,15.7
2047,9225,0,18.3,10.2,10/08/1998,8.1
2048,9225,4.8,18.8,12.6,11/08/1998,6.2
2049,9225,1.6,18.4,11.1,12/08/1998,7.3
2050,9225,0.2,19.4,11.7,13/08/1998,7.7
2051,9225,0,17.5,11,14/08/1998,6.5
2052,9225,0,22.3,11.3,15/08/1998,11
2053,9225,1.4,20.4,12,16/08/1998,8.4
2054,9225,0.2,19.5,10.3,17/08/1998,9.2
2055,9225,7.4,18.4,11.6,18/08/1998,6.8
2056,9225,0.2,17.4,13.8,19/08/1998,3.6
2057,9225,0,18.4,7.6,20/08/1998,10.8
2058,9225,3.4,16.4,8.7,21/08/1998,7.7
2059,9225,0,18.1,4.9,22/08/1998,13.2
2060,9225,0.2,20.3,4.3,23/08/1998,16
2061,9225,4.2,18.3,8,24/08/1998,10.3
2062,9225,0,21.1,5.2,25/08/1998,15.9
2063,9225,0,27.2,7,26/08/1998,20.2
2064,9225,20.8,16.5,15.1,27/08/1998,1.4
2065,9225,18.2,19,12.9,28/08/1998,6.1
2066,9225,32.2,20.3,12.6,29/08/1998,7.7
2067,9225,5,19.1,14.4,30/08/1998,4.7
2068,9225,1,20.4,10.8,31/08/1998,9.6
2069,9225,20.4,18.2,12.7,1/09/1998,5.5
2070,9225,19.6,18.2,11.1,2/09/1998,7.1
2071,9225,2.2,17.1,13.2,3/09/1998,3.9
2072,9225,5.2,16,2.8,4/09/1998,13.2
2073,9225,0.2,17.5,3.5,5/09/1998,14
2074,9225,0,20.6,8.3,6/09/1998,12.3
2075,9225,0,23.3,9.2,7/09/1998,14.1
2076,9225,0,22.3,9.1,8/09/1998,13.2
2077,9225,0,23.4,4.6,9/09/1998,18.8
2078,9225,0,18.9,8.6,10/09/1998,10.3
2079,9225,0,20,10.4,11/09/1998,9.6
2080,9225,0,19.9,10.6,12/09/1998,9.3
2081,9225,3.6,17.8,7,13/09/1998,10.8
2082,9225,0,19.3,6.7,14/09/1998,12.6
2083,9225,0,21.4,6.8,15/09/1998,14.6
2084,9225,0,23.7,7.9,16/09/1998,15.8
2085,9225,0.6,18.3,11.5,17/09/1998,6.8
2086,9225,2.4,17.1,4.1,18/09/1998,13
2087,9225,0,19.5,3.3,19/09/1998,16.2
2088,9225,0,19.2,5.2,20/09/1998,14
2089,9225,11.4,15.5,8.6,21/09/1998,6.9
2090,9225,9.8,14.4,5.8,22/09/1998,8.6
2091,9225,1.2,18.4,1.8,23/09/1998,16.6
2092,9225,0.2,20.1,6.7,24/09/1998,13.4
2093,9225,9.6,18.9,11.5,25/09/1998,7.4
2094,9225,0.6,20.4,9.9,26/09/1998,10.5
2095,9225,6.8,20.8,13.7,27/09/1998,7.1
2096,9225,0.2,21.5,16.7,28/09/1998,4.8
2097,9225,2.2,19.8,14.5,29/09/1998,5.3
2098,9225,1.2,15.9,13.6,30/09/1998,2.3
2099,9225,15.6,18.3,8.1,1/10/1998,10.2
2100,9225,1.4,18.3,10.7,2/10/1998,7.6
2101,9225,0,22.5,5.3,3/10/1998,17.2
2102,9225,0.2,20.2,11.7,4/10/1998,8.5
2103,9225,1.8,18.1,10.8,5/10/1998,7.3
2104,9225,0.6,20.8,9.6,6/10/1998,11.2
2105,9225,0,20.8,9.4,7/10/1998,11.4
2106,9225,0,23.7,10.2,8/10/1998,13.5
2107,9225,0,24.1,12.3,9/10/1998,11.8
2108,9225,0,22,14.3,10/10/1998,7.7
2109,9225,0.2,19.5,13.9,11/10/1998,5.6
2110,9225,0.6,19.9,8.7,12/10/1998,11.2
2111,9225,5.2,20.7,12.5,13/10/1998,8.2
2112,9225,0.2,20.9,11.4,14/10/1998,9.5
2113,9225,0,23,7.8,15/10/1998,15.2
2114,9225,5,21.1,14.2,16/10/1998,6.9
2115,9225,3.2,17.5,12.5,17/10/1998,5
2116,9225,4,16.9,8,18/10/1998,8.9
2117,9225,0.2,20.7,7.6,19/10/1998,13.1
2118,9225,0,24.5,9.7,20/10/1998,14.8
2119,9225,0,27,9.4,21/10/1998,17.6
2120,9225,0,26.8,10.5,22/10/1998,16.3
2121,9225,0,24,13.9,23/10/1998,10.1
2122,9225,0,22.9,11.4,24/10/1998,11.5
2123,9225,0,22.2,12.7,25/10/1998,9.5
2124,9225,0,27.3,12.3,26/10/1998,15
2125,9225,0,25.3,16.1,27/10/1998,9.2
2126,9225,0,22.2,14.8,28/10/1998,7.4
2127,9225,0,23.2,13,29/10/1998,10.2
2128,9225,0,31,13.1,30/10/1998,17.9
2129,9225,0,32.9,17.6,31/10/1998,15.3
2130,9225,0,20.4,13.6,1/11/1998,6.8
2131,9225,0,20.1,11.9,2/11/1998,8.2
2132,9225,0,19.6,9.4,3/11/1998,10.2
2133,9225,0,26.9,8.9,4/11/1998,18
2134,9225,0,21.5,9.5,5/11/1998,12
2135,9225,0.2,19.6,14.5,6/11/1998,5.1
2136,9225,0,23.7,10,7/11/1998,13.7
2137,9225,0,26.5,11.5,8/11/1998,15
2138,9225,0,32.3,14.4,9/11/1998,17.9
2139,9225,0,33.8,16.9,10/11/1998,16.9
2140,9225,0,37.7,17.8,11/11/1998,19.9
2141,9225,0,27.5,19,12/11/1998,8.5
2142,9225,0.8,18.1,16.6,13/11/1998,1.5
2143,9225,7.4,20.7,13.2,14/11/1998,7.5
2144,9225,0,27.8,11.1,15/11/1998,16.7
2145,9225,0,29.2,15,16/11/1998,14.2
2146,9225,0,28.6,17.6,17/11/1998,11
2147,9225,16.8,23.8,16.4,18/11/1998,7.4
2148,9225,0,27.6,16,19/11/1998,11.6
2149,9225,0,32.3,17.3,20/11/1998,15
2150,9225,0,35.7,21.5,21/11/1998,14.2
2151,9225,0,23.2,19.2,22/11/1998,4
2152,9225,1,23.8,14.3,23/11/1998,9.5
2153,9225,0,26.2,12.5,24/11/1998,13.7
2154,9225,0,21.4,12.6,25/11/1998,8.8
2155,9225,0,20.4,11.8,26/11/1998,8.6
2156,9225,0,27.5,10.6,27/11/1998,16.9
2157,9225,0,33.1,12.8,28/11/1998,20.3
2158,9225,0,26.2,14.9,29/11/1998,11.3
2159,9225,0,25.3,14.6,30/11/1998,10.7
2160,9225,2.4,19.5,15.3,1/12/1998,4.2
2161,9225,0.2,22.1,9.6,2/12/1998,12.5
2162,9225,0,27.5,13,3/12/1998,14.5
2163,9225,0,35.1,17,4/12/1998,18.1
2164,9225,0,31.5,21.1,5/12/1998,10.4
2165,9225,1.8,29.2,18.2,6/12/1998,11
2166,9225,0.2,34.7,18.7,7/12/1998,16
2167,9225,0,29.1,19.7,8/12/1998,9.4
2168,9225,0,30.1,18.2,9/12/1998,11.9
2169,9225,0,26.5,19.8,10/12/1998,6.7
2170,9225,0,27.2,15.1,11/12/1998,12.1
2171,9225,0,30.1,13.7,12/12/1998,16.4
2172,9225,0,35.6,15.9,13/12/1998,19.7
2173,9225,0,39.7,21.2,14/12/1998,18.5
2174,9225,6.8,32.1,21.5,15/12/1998,10.6
2175,9225,1,25.9,18.4,16/12/1998,7.5
2176,9225,0,27.9,17.5,17/12/1998,10.4
2177,9225,0,25.9,15.7,18/12/1998,10.2
2178,9225,0,24.6,14.6,19/12/1998,10
2179,9225,0,26.6,13.6,20/12/1998,13
2180,9225,0,31.8,12.4,21/12/1998,19.4
2181,9225,0,25.1,14.5,22/12/1998,10.6
2182,9225,0.2,22.9,17.9,23/12/1998,5
2183,9225,0,22,12.9,24/12/1998,9.1
2184,9225,0,24.5,15.1,25/12/1998,9.4
2185,9225,0,27.8,15.5,26/12/1998,12.3
2186,9225,0,29.9,16.6,27/12/1998,13.3
2187,9225,0,30.8,16.8,28/12/1998,14
2188,9225,0,33,16.1,29/12/1998,16.9
2189,9225,0,38.5,20.9,30/12/1998,17.6
2190,9225,0,26.8,20.4,31/12/1998,6.4
2191,9225,0,,20.3,1/01/1999,-20.3
2192,9225,0,30.2,18.3,2/01/1999,11.9
2193,9225,0,28,15.5,3/01/1999,12.5
2194,9225,0,23.4,15.9,4/01/1999,7.5
2195,9225,6.2,22.4,11.1,5/01/1999,11.3
2196,9225,0,25.2,11.8,6/01/1999,13.4
2197,9225,0,30.5,14.8,7/01/1999,15.7
2198,9225,0,36.7,17.5,8/01/1999,19.2
2199,9225,0,23.5,20.1,9/01/1999,3.4
2200,9225,0,24,13.6,10/01/1999,10.4
2201,9225,0,28.9,10.9,11/01/1999,18
2202,9225,0,25.7,15.7,12/01/1999,10
2203,9225,0,33.7,15.2,13/01/1999,18.5
2204,9225,0,24.4,19.5,14/01/1999,4.9
2205,9225,0.2,27.6,17.5,15/01/1999,10.1
2206,9225,0,36.4,18.7,16/01/1999,17.7
2207,9225,0,30.7,20,17/01/1999,10.7
2208,9225,0,31.2,17.4,18/01/1999,13.8
2209,9225,0,33.2,15.5,19/01/1999,17.7
2210,9225,0,39,18.6,20/01/1999,20.4
2211,9225,0,28.7,19.8,21/01/1999,8.9
2212,9225,0,28.9,19.4,22/01/1999,9.5
2213,9225,41.8,31.8,18.8,23/01/1999,13
2214,9225,0,37.2,19.9,24/01/1999,17.3
2215,9225,0,35.1,21.9,25/01/1999,13.2
2216,9225,0,38.3,21.9,26/01/1999,16.4
2217,9225,0,31.3,25.6,27/01/1999,5.7
2218,9225,0,29.7,20.1,28/01/1999,9.6
2219,9225,0,32.9,22.2,29/01/1999,10.7
2220,9225,0,31.9,19.1,30/01/1999,12.8
2221,9225,0,25.4,21.2,31/01/1999,4.2
2222,9225,0,24.7,18.4,1/02/1999,6.3
2223,9225,0,24.5,15.4,2/02/1999,9.1
2224,9225,0,26.8,16.6,3/02/1999,10.2
2225,9225,0,31.2,15.6,4/02/1999,15.6
2226,9225,0,29.8,18,5/02/1999,11.8
2227,9225,0,35.3,18,6/02/1999,17.3
2228,9225,0,38.1,20.6,7/02/1999,17.5
2229,9225,0,38.9,19.4,8/02/1999,19.5
2230,9225,0,26.9,19.7,9/02/1999,7.2
2231,9225,0,28.6,15.6,10/02/1999,13
2232,9225,0,32.2,17.5,11/02/1999,14.7
2233,9225,0,35.5,20.7,12/02/1999,14.8
2234,9225,0,29.3,19.7,13/02/1999,9.6
2235,9225,0,30.6,15.9,14/02/1999,14.7
2236,9225,0,31.7,15.7,15/02/1999,16
2237,9225,0,31.8,15,16/02/1999,16.8
2238,9225,0,31.2,17.1,17/02/1999,14.1
2239,9225,0,35.6,19,18/02/1999,16.6
2240,9225,0,29.5,18.7,19/02/1999,10.8
2241,9225,0,30.2,19.7,20/02/1999,10.5
2242,9225,0,30.1,18.5,21/02/1999,11.6
2243,9225,0,31.2,20,22/02/1999,11.2
2244,9225,0,35.2,18.3,23/02/1999,16.9
2245,9225,0,37.1,20.9,24/02/1999,16.2
2246,9225,0,38.1,24.6,25/02/1999,13.5
2247,9225,0,38,23,26/02/1999,15
2248,9225,0,37.6,21.2,27/02/1999,16.4
2249,9225,0,34.1,18.1,28/02/1999,16
2250,9225,0,27.3,21.2,1/03/1999,6.1
2251,9225,0,26,17.1,2/03/1999,8.9
2252,9225,0,25.3,16.1,3/03/1999,9.2
2253,9225,0,26.4,14.3,4/03/1999,12.1
2254,9225,0,25.4,13.2,5/03/1999,12.2
2255,9225,0,28.5,14.2,6/03/1999,14.3
2256,9225,0,30.9,15,7/03/1999,15.9
2257,9225,3.2,23.3,17.8,8/03/1999,5.5
2258,9225,0.2,26.6,10.5,9/03/1999,16.1
2259,9225,0,34.2,14.1,10/03/1999,20.1
2260,9225,0,33.9,18.7,11/03/1999,15.2
2261,9225,0,34.7,21.3,12/03/1999,13.4
2262,9225,0,30.3,21.8,13/03/1999,8.5
2263,9225,0,26.8,17.3,14/03/1999,9.5
2264,9225,0,31.1,19.7,15/03/1999,11.4
2265,9225,0,30.4,21.3,16/03/1999,9.1
2266,9225,0,33,18.4,17/03/1999,14.6
2267,9225,0,28.6,20.6,18/03/1999,8
2268,9225,20.6,24.8,19.5,19/03/1999,5.3
2269,9225,4.6,24.7,20.1,20/03/1999,4.6
2270,9225,0,27.8,19.8,21/03/1999,8
2271,9225,0,28.6,19.9,22/03/1999,8.7
2272,9225,0,28.7,21.4,23/03/1999,7.3
2273,9225,0,23.7,16,24/03/1999,7.7
2274,9225,0,24.2,14.8,25/03/1999,9.4
2275,9225,0,24,10.6,26/03/1999,13.4
2276,9225,0,26.1,14.7,27/03/1999,11.4
2277,9225,0,27.5,14.2,28/03/1999,13.3
2278,9225,0,28.6,12.4,29/03/1999,16.2
2279,9225,0,26.1,15.9,30/03/1999,10.2
2280,9225,0,24.3,15.8,31/03/1999,8.5
2281,9225,0,25,14.5,1/04/1999,10.5
2282,9225,0,25.5,11.9,2/04/1999,13.6
2283,9225,0,27.6,12.1,3/04/1999,15.5
2284,9225,0,29.4,13,4/04/1999,16.4
2285,9225,0,32.7,12,5/04/1999,20.7
2286,9225,0,34.3,15.8,6/04/1999,18.5
2287,9225,0,34.5,17.2,7/04/1999,17.3
2288,9225,0.2,27.3,14.6,8/04/1999,12.7
2289,9225,0,28.8,18.9,9/04/1999,9.9
2290,9225,15,26.2,19,10/04/1999,7.2
2291,9225,0,27.9,19,11/04/1999,8.9
2292,9225,0,32.3,19.5,12/04/1999,12.8
2293,9225,0,33.6,20.4,13/04/1999,13.2
2294,9225,0,33.3,23.4,14/04/1999,9.9
2295,9225,3.2,30,18.5,15/04/1999,11.5
2296,9225,0,28.7,17.3,16/04/1999,11.4
2297,9225,8.2,25.9,17.4,17/04/1999,8.5
2298,9225,3.6,26.4,13.8,18/04/1999,12.6
2299,9225,0,28,14.5,19/04/1999,13.5
2300,9225,0,29.5,16.4,20/04/1999,13.1
2301,9225,0,33.6,17.8,21/04/1999,15.8
2302,9225,0,27.9,16,22/04/1999,11.9
2303,9225,0,22.9,13.4,23/04/1999,9.5
2304,9225,0,23,9.1,24/04/1999,13.9
2305,9225,0,23.6,7,25/04/1999,16.6
2306,9225,0,24.4,12.8,26/04/1999,11.6
2307,9225,0,25.1,8.6,27/04/1999,16.5
2308,9225,0,25.7,10.1,28/04/1999,15.6
2309,9225,0,25.7,10.6,29/04/1999,15.1
2310,9225,0,26.8,9.2,30/04/1999,17.6
2311,9225,0,26.1,8.9,1/05/1999,17.2
2312,9225,2,24.6,14.1,2/05/1999,10.5
2313,9225,0.4,24.9,13.8,3/05/1999,11.1
2314,9225,0,27.1,11.3,4/05/1999,15.8
2315,9225,0,24.4,12.2,5/05/1999,12.2
2316,9225,12.4,16.8,14.5,6/05/1999,2.3
2317,9225,0,16.8,13.9,7/05/1999,2.9
2318,9225,0.2,20.1,13.9,8/05/1999,6.2
2319,9225,0,22.2,16.5,9/05/1999,5.7
2320,9225,0,27,16.1,10/05/1999,10.9
2321,9225,0,22.4,11.7,11/05/1999,10.7
2322,9225,0,19,12.6,12/05/1999,6.4
2323,9225,2.8,18.6,15.2,13/05/1999,3.4
2324,9225,4,24,11.1,14/05/1999,12.9
2325,9225,2.6,22.3,12.6,15/05/1999,9.7
2326,9225,0.8,23.3,12.2,16/05/1999,11.1
2327,9225,0,24.2,9.9,17/05/1999,14.3
2328,9225,0,25.6,9.1,18/05/1999,16.5
2329,9225,9.4,22.4,11.3,19/05/1999,11.1
2330,9225,7.4,22.2,17.3,20/05/1999,4.9
2331,9225,3.8,19.9,13.8,21/05/1999,6.1
2332,9225,6.8,18.3,5.9,22/05/1999,12.4
2333,9225,0,19.6,6.2,23/05/1999,13.4
2334,9225,0,22.3,9.6,24/05/1999,12.7
2335,9225,0,17.7,11.2,25/05/1999,6.5
2336,9225,3.4,19,14.2,26/05/1999,4.8
2337,9225,12,23.7,15.8,27/05/1999,7.9
2338,9225,28,20.2,16.7,28/05/1999,3.5
2339,9225,3.6,18.8,8.7,29/05/1999,10.1
2340,9225,0,21.8,8,30/05/1999,13.8
2341,9225,0,22.5,9.5,31/05/1999,13
2342,9225,0,22.5,10.5,1/06/1999,12
2343,9225,0.2,21.5,10.6,2/06/1999,10.9
2344,9225,2.8,19.4,10.9,3/06/1999,8.5
2345,9225,0,15.9,5.5,4/06/1999,10.4
2346,9225,0,18.2,3.3,5/06/1999,14.9
2347,9225,0,20.8,4,6/06/1999,16.8
2348,9225,0,20.8,7.1,7/06/1999,13.7
2349,9225,5,21,9,8/06/1999,12
2350,9225,3.8,20.1,7.6,9/06/1999,12.5
2351,9225,0.2,21.9,7.2,10/06/1999,14.7
2352,9225,13.8,17.2,10.8,11/06/1999,6.4
2353,9225,2.4,15.6,6.2,12/06/1999,9.4
2354,9225,0,19.5,7.1,13/06/1999,12.4
2355,9225,14,20,12.4,14/06/1999,7.6
2356,9225,2.6,20.9,11.1,15/06/1999,9.8
2357,9225,5.4,19.9,13,16/06/1999,6.9
2358,9225,0.2,20.7,11.5,17/06/1999,9.2
2359,9225,22.4,18.6,13.1,18/06/1999,5.5
2360,9225,3.2,20.5,11.2,19/06/1999,9.3
2361,9225,0,20.6,9.6,20/06/1999,11
2362,9225,0.2,20.1,8.2,21/06/1999,11.9
2363,9225,0,22,9.6,22/06/1999,12.4
2364,9225,15.8,18.8,11.9,23/06/1999,6.9
2365,9225,0,20,6.1,24/06/1999,13.9
2366,9225,0,19.6,8.8,25/06/1999,10.8
2367,9225,11.4,19.8,9.9,26/06/1999,9.9
2368,9225,5.4,20.6,12,27/06/1999,8.6
2369,9225,3.4,18.7,13.3,28/06/1999,5.4
2370,9225,3.6,16.5,6.2,29/06/1999,10.3
2371,9225,0.2,16.7,1.8,30/06/1999,14.9
2372,9225,0,17.2,3.7,1/07/1999,13.5
2373,9225,0,18.9,5.4,2/07/1999,13.5
2374,9225,0,22.1,8.2,3/07/1999,13.9
2375,9225,0,18.7,9.6,4/07/1999,9.1
2376,9225,31.4,18.6,12.7,5/07/1999,5.9
2377,9225,6.8,15.6,8.7,6/07/1999,6.9
2378,9225,1.4,16.3,3.9,7/07/1999,12.4
2379,9225,0.2,16.8,1.8,8/07/1999,15
2380,9225,0,18.4,2.5,9/07/1999,15.9
2381,9225,0,19.4,4.1,10/07/1999,15.3
2382,9225,0.6,22.1,9.6,11/07/1999,12.5
2383,9225,0.2,23.9,9.6,12/07/1999,14.3
2384,9225,6.2,17.2,12.3,13/07/1999,4.9
2385,9225,13.8,17.9,12.3,14/07/1999,5.6
2386,9225,4.4,19.2,12.7,15/07/1999,6.5
2387,9225,10.2,18.1,12.7,16/07/1999,5.4
2388,9225,5.2,18.2,12.5,17/07/1999,5.7
2389,9225,0.6,18.3,12,18/07/1999,6.3
2390,9225,5.4,18.7,9.8,19/07/1999,8.9
2391,9225,0,18.4,8.1,20/07/1999,10.3
2392,9225,0,20.8,9.8,21/07/1999,11
2393,9225,0,19,5.5,22/07/1999,13.5
2394,9225,0,21.7,4.5,23/07/1999,17.2
2395,9225,0,25.4,4.8,24/07/1999,20.6
2396,9225,0,23.2,7.2,25/07/1999,16
2397,9225,18.4,19,12,26/07/1999,7
2398,9225,2.6,18,5.6,27/07/1999,12.4
2399,9225,10,14.9,8.6,28/07/1999,6.3
2400,9225,0.6,16.7,2.5,29/07/1999,14.2
2401,9225,0,18.2,4.1,30/07/1999,14.1
2402,9225,0.2,19.3,2.8,31/07/1999,16.5
2403,9225,0,20.7,4.4,1/08/1999,16.3
2404,9225,0,18.6,3.4,2/08/1999,15.2
2405,9225,0,19.2,3.9,3/08/1999,15.3
2406,9225,0,19.3,5.3,4/08/1999,14
2407,9225,0,20.9,4.4,5/08/1999,16.5
2408,9225,12.8,16.3,10.4,6/08/1999,5.9
2409,9225,2.2,14.9,3,7/08/1999,11.9
2410,9225,0,18.2,3.5,8/08/1999,14.7
2411,9225,0,20.3,5.5,9/08/1999,14.8
2412,9225,1,18.1,11.3,10/08/1999,6.8
2413,9225,31.8,15,7.9,11/08/1999,7.1
2414,9225,6.6,16.6,5.8,12/08/1999,10.8
2415,9225,0,18.4,2.3,13/08/1999,16.1
2416,9225,0.2,18.9,4.5,14/08/1999,14.4
2417,9225,6.2,18.2,9.3,15/08/1999,8.9
2418,9225,2.4,22.9,11.6,16/08/1999,11.3
2419,9225,14.8,19.7,13.3,17/08/1999,6.4
2420,9225,22.8,18.2,12.8,18/08/1999,5.4
2421,9225,3.6,15.5,5.7,19/08/1999,9.8
2422,9225,0,17.7,4.4,20/08/1999,13.3
2423,9225,0,18.4,4.2,21/08/1999,14.2
2424,9225,0,21.3,4.4,22/08/1999,16.9
2425,9225,0,22.7,7,23/08/1999,15.7
2426,9225,19.4,18.1,12.3,24/08/1999,5.8
2427,9225,9.2,17.8,12.2,25/08/1999,5.6
2428,9225,0.4,18.8,7.5,26/08/1999,11.3
2429,9225,0,21.1,10.2,27/08/1999,10.9
2430,9225,0,20.6,11.2,28/08/1999,9.4
2431,9225,26,18.7,13.5,29/08/1999,5.2
2432,9225,7.8,17.3,8.4,30/08/1999,8.9
2433,9225,0.2,21.8,4.1,31/08/1999,17.7
2434,9225,0,20.5,8.3,1/09/1999,12.2
2435,9225,0,18.8,12.4,2/09/1999,6.4
2436,9225,14.8,13.5,9.9,3/09/1999,3.6
2437,9225,5.6,16.5,3.2,4/09/1999,13.3
2438,9225,0,18.5,3.1,5/09/1999,15.4
2439,9225,0,20.1,4,6/09/1999,16.1
2440,9225,0,20.3,5.3,7/09/1999,15
2441,9225,0,19.8,7.7,8/09/1999,12.1
2442,9225,0,24.7,8.5,9/09/1999,16.2
2443,9225,0,21.8,9.6,10/09/1999,12.2
2444,9225,31.6,17.3,12.4,11/09/1999,4.9
2445,9225,0.2,20.2,10.9,12/09/1999,9.3
2446,9225,0,19.6,11,13/09/1999,8.6
2447,9225,16.4,17,11.1,14/09/1999,5.9
2448,9225,7.4,15.1,7.9,15/09/1999,7.2
2449,9225,0.2,17.1,4.1,16/09/1999,13
2450,9225,0,21,6.4,17/09/1999,14.6
2451,9225,0,23.1,7,18/09/1999,16.1
2452,9225,0,23.3,5.7,19/09/1999,17.6
2453,9225,0,21.2,10.2,20/09/1999,11
2454,9225,3,16.6,13.3,21/09/1999,3.3
2455,9225,7.4,18.5,11.9,22/09/1999,6.6
2456,9225,0,19.9,7.3,23/09/1999,12.6
2457,9225,0,25.3,6.7,24/09/1999,18.6
2458,9225,0,27.5,11,25/09/1999,16.5
2459,9225,0,23,14.4,26/09/1999,8.6
2460,9225,10.8,18.3,13.3,27/09/1999,5
2461,9225,8.4,18.1,7.5,28/09/1999,10.6
2462,9225,0,21,12.7,29/09/1999,8.3
2463,9225,0,21.1,9,30/09/1999,12.1
2464,9225,2.6,19.4,5.4,1/10/1999,14
2465,9225,0.2,22.8,8.7,2/10/1999,14.1
2466,9225,0,26.6,8.7,3/10/1999,17.9
2467,9225,0,24.5,9.4,4/10/1999,15.1
2468,9225,0,20.6,12.1,5/10/1999,8.5
2469,9225,0,21.2,14.1,6/10/1999,7.1
2470,9225,12.4,19.1,14.1,7/10/1999,5
2471,9225,37.6,17.7,10.4,8/10/1999,7.3
2472,9225,17.4,18.3,10.9,9/10/1999,7.4
2473,9225,0,18.8,7.8,10/10/1999,11
2474,9225,0,19.4,6.3,11/10/1999,13.1
2475,9225,0,21,12.5,12/10/1999,8.5
2476,9225,0.2,19.3,12.3,13/10/1999,7
2477,9225,20,17.7,10.8,14/10/1999,6.9
2478,9225,0.4,18.7,12.8,15/10/1999,5.9
2479,9225,5.4,17.8,13.9,16/10/1999,3.9
2480,9225,0.2,20,6.7,17/10/1999,13.3
2481,9225,0,25.5,10.6,18/10/1999,14.9
2482,9225,0,28.2,12.3,19/10/1999,15.9
2483,9225,0,26.8,10.3,20/10/1999,16.5
2484,9225,0,26.9,14.8,21/10/1999,12.1
2485,9225,0,30.2,12.8,22/10/1999,17.4
2486,9225,0,21.3,16.3,23/10/1999,5
2487,9225,0,19.6,13.3,24/10/1999,6.3
2488,9225,0,20.4,8.8,25/10/1999,11.6
2489,9225,0,22.5,7.8,26/10/1999,14.7
2490,9225,0,23.3,10.5,27/10/1999,12.8
2491,9225,0,22.3,12.2,28/10/1999,10.1
2492,9225,0,21.3,12.6,29/10/1999,8.7
2493,9225,0,22,10.7,30/10/1999,11.3
2494,9225,0,27,12.7,31/10/1999,14.3
2495,9225,0,30.1,13.1,1/11/1999,17
2496,9225,0,32,16.8,2/11/1999,15.2
2497,9225,0,30.2,17.2,3/11/1999,13
2498,9225,0,26.9,17.5,4/11/1999,9.4
2499,9225,0,23.7,17.4,5/11/1999,6.3
2500,9225,0,22.4,14,6/11/1999,8.4
2501,9225,0,21.8,9.8,7/11/1999,12
2502,9225,0,22.7,7.8,8/11/1999,14.9
2503,9225,0,,13.7,9/11/1999,-13.7
2504,9225,0,31.4,14.4,10/11/1999,17
2505,9225,0,27.7,10.6,11/11/1999,17.1
2506,9225,0,23.8,11.8,12/11/1999,12
2507,9225,0,25.6,12.9,13/11/1999,12.7
2508,9225,0,22.4,12.5,14/11/1999,9.9
2509,9225,0,22.7,14.7,15/11/1999,8
2510,9225,4.4,23.7,14.6,16/11/1999,9.1
2511,9225,0,21.5,15.4,17/11/1999,6.1
2512,9225,0,20,9.1,18/11/1999,10.9
2513,9225,0,25.7,13.3,19/11/1999,12.4
2514,9225,0,25.8,13.6,20/11/1999,12.2
2515,9225,0,28.6,13.9,21/11/1999,14.7
2516,9225,0,30.7,13.8,22/11/1999,16.9
2517,9225,0,32.9,15.5,23/11/1999,17.4
2518,9225,0,36.7,15.5,24/11/1999,21.2
2519,9225,0,30.5,15.8,25/11/1999,14.7
2520,9225,0,27.5,15.6,26/11/1999,11.9
2521,9225,0,27.8,17.5,27/11/1999,10.3
2522,9225,0,32.7,16.6,28/11/1999,16.1
2523,9225,0,28.7,17.5,29/11/1999,11.2
2524,9225,0,25.8,17.6,30/11/1999,8.2
2525,9225,0,21.7,15.9,1/12/1999,5.8
2526,9225,1,22.1,13.9,2/12/1999,8.2
2527,9225,0.4,28.8,13.2,3/12/1999,15.6
2528,9225,0,38.5,14.6,4/12/1999,23.9
2529,9225,0.8,29.4,20.3,5/12/1999,9.1
2530,9225,0,27.7,17.9,6/12/1999,9.8
2531,9225,0,24.8,17.1,7/12/1999,7.7
2532,9225,0,23.9,14.5,8/12/1999,9.4
2533,9225,0,26.9,15.2,9/12/1999,11.7
2534,9225,0,28.9,13.9,10/12/1999,15
2535,9225,0,,14.7,11/12/1999,-14.7
2536,9225,0,35.8,17.5,12/12/1999,18.3
2537,9225,0.8,28,17.3,13/12/1999,10.7
2538,9225,0.2,28.7,16.1,14/12/1999,12.6
2539,9225,0,29.1,18.7,15/12/1999,10.4
2540,9225,0,28.9,14.3,16/12/1999,14.6
2541,9225,0,32.2,15.3,17/12/1999,16.9
2542,9225,0,34.5,20,18/12/1999,14.5
2543,9225,0,32.2,21,19/12/1999,11.2
2544,9225,4,29.7,15.6,20/12/1999,14.1
2545,9225,0,36,18.9,21/12/1999,17.1
2546,9225,0,39.6,21.4,22/12/1999,18.2
2547,9225,0,29.9,20.2,23/12/1999,9.7
2548,9225,0,37.6,18.7,24/12/1999,18.9
2549,9225,0,34.8,18.9,25/12/1999,15.9
2550,9225,0,35.9,17.9,26/12/1999,18
2551,9225,0,39.3,21.7,27/12/1999,17.6
2552,9225,0,35.2,22.4,28/12/1999,12.8
2553,9225,0,34,21.1,29/12/1999,12.9
2554,9225,0,33.9,22.3,30/12/1999,11.6
2555,9225,0,35.4,21.8,31/12/1999,13.6
2556,9225,0,36.6,20.9,1/01/2000,15.7
2557,9225,0,36.5,20.5,2/01/2000,16
2558,9225,0,35.9,18.4,3/01/2000,17.5
2559,9225,0,37.2,19.8,4/01/2000,17.4
2560,9225,0,36.9,20.9,5/01/2000,16
2561,9225,0,35.1,22.1,6/01/2000,13
2562,9225,0,33.4,16.4,7/01/2000,17
2563,9225,0,30.6,18.1,8/01/2000,12.5
2564,9225,0,31.3,17.2,9/01/2000,14.1
2565,9225,0,27.5,18,10/01/2000,9.5
2566,9225,0,27.1,17.8,11/01/2000,9.3
2567,9225,0,25.5,18.1,12/01/2000,7.4
2568,9225,0,29.4,17.8,13/01/2000,11.6
2569,9225,0,24.3,18.9,14/01/2000,5.4
2570,9225,12.8,23.9,17.2,15/01/2000,6.7
2571,9225,4.2,24.6,16.4,16/01/2000,8.2
2572,9225,5,24.8,15.9,17/01/2000,8.9
2573,9225,0,28.1,13,18/01/2000,15.1
2574,9225,0,29.4,17.3,19/01/2000,12.1
2575,9225,0,32,16.2,20/01/2000,15.8
2576,9225,0,27.1,17.2,21/01/2000,9.9
2577,9225,104,20.7,19.3,22/01/2000,1.4
2578,9225,11.4,23.8,16.3,23/01/2000,7.5
2579,9225,0.4,27.2,17,24/01/2000,10.2
2580,9225,0,28.4,16.4,25/01/2000,12
2581,9225,0,29.4,16.5,26/01/2000,12.9
2582,9225,0,30.7,17.7,27/01/2000,13
2583,9225,0,33.8,19.7,28/01/2000,14.1
2584,9225,0,36.6,23.2,29/01/2000,13.4
2585,9225,0,36.6,22.4,30/01/2000,14.2
2586,9225,1.2,28.7,22.8,31/01/2000,5.9
2587,9225,0,27.1,18.4,1/02/2000,8.7
2588,9225,0,26.1,15.8,2/02/2000,10.3
2589,9225,0,26.5,16.9,3/02/2000,9.6
2590,9225,0,27.4,19,4/02/2000,8.4
2591,9225,0,32.3,16.9,5/02/2000,15.4
2592,9225,0,36.2,19.7,6/02/2000,16.5
2593,9225,0,37.2,21,7/02/2000,16.2
2594,9225,0,40.1,25.1,8/02/2000,15
2595,9225,0,30.4,21.1,9/02/2000,9.3
2596,9225,0,27.6,15.5,10/02/2000,12.1
2597,9225,0,29.4,17,11/02/2000,12.4
2598,9225,0,30.6,16,12/02/2000,14.6
2599,9225,0,32.9,19.5,13/02/2000,13.4
2600,9225,0,34.3,16.7,14/02/2000,17.6
2601,9225,0,35.1,21.4,15/02/2000,13.7
2602,9225,0,35,20.4,16/02/2000,14.6
2603,9225,0,36.3,20.5,17/02/2000,15.8
2604,9225,0,28.9,19.7,18/02/2000,9.2
2605,9225,0,27.8,14.7,19/02/2000,13.1
2606,9225,0,30.7,15.4,20/02/2000,15.3
2607,9225,0,33.5,19.4,21/02/2000,14.1
2608,9225,0,24.3,19.9,22/02/2000,4.4
2609,9225,0,26.8,12.8,23/02/2000,14
2610,9225,0,27.1,16.2,24/02/2000,10.9
2611,9225,0,29.6,16.4,25/02/2000,13.2
2612,9225,0,31.1,16.4,26/02/2000,14.7
2613,9225,0,33.2,20.2,27/02/2000,13
2614,9225,0,33.2,22.1,28/02/2000,11.1
2615,9225,0,35.1,24.2,29/02/2000,10.9
2616,9225,0,24.2,20.5,1/03/2000,3.7
2617,9225,0,29.4,15.3,2/03/2000,14.1
2618,9225,0,30.6,16.1,3/03/2000,14.5
2619,9225,0,31.6,16.8,4/03/2000,14.8
2620,9225,0,32.5,17.2,5/03/2000,15.3
2621,9225,0,35,18.4,6/03/2000,16.6
2622,9225,0,36.9,23.2,7/03/2000,13.7
2623,9225,0,38.1,24.2,8/03/2000,13.9
2624,9225,0,35.8,25.3,9/03/2000,10.5
2625,9225,2.2,31.8,23.4,10/03/2000,8.4
2626,9225,0,26.9,21.6,11/03/2000,5.3
2627,9225,0,25.2,19.6,12/03/2000,5.6
2628,9225,0,27.1,12.7,13/03/2000,14.4
2629,9225,0,28.6,13.2,14/03/2000,15.4
2630,9225,0,29.4,13.2,15/03/2000,16.2
2631,9225,0,24.9,13.2,16/03/2000,11.7
2632,9225,1.2,24.8,11.6,17/03/2000,13.2
2633,9225,0,29,11.3,18/03/2000,17.7
2634,9225,0,28.4,14.5,19/03/2000,13.9
2635,9225,0,34,20,20/03/2000,14
2636,9225,0,24.9,21.9,21/03/2000,3
2637,9225,18.6,23.8,11.3,22/03/2000,12.5
2638,9225,0.2,26,12.7,23/03/2000,13.3
2639,9225,0,27,12.9,24/03/2000,14.1
2640,9225,0,27.9,15.5,25/03/2000,12.4
2641,9225,0,26.2,18.1,26/03/2000,8.1
2642,9225,0,24,14.5,27/03/2000,9.5
2643,9225,0,26,12.8,28/03/2000,13.2
2644,9225,0,27.6,10.5,29/03/2000,17.1
2645,9225,0,28,12.1,30/03/2000,15.9
2646,9225,0,28.6,14.8,31/03/2000,13.8
2647,9225,0,28,16.5,1/04/2000,11.5
2648,9225,0,24.9,15.3,2/04/2000,9.6
2649,9225,0,23.3,16.7,3/04/2000,6.6
2650,9225,0,23.7,12.7,4/04/2000,11
2651,9225,0,24.9,14.8,5/04/2000,10.1
2652,9225,0,27.5,8.5,6/04/2000,19
2653,9225,0,27.1,14.8,7/04/2000,12.3
2654,9225,0,28.6,11.3,8/04/2000,17.3
2655,9225,0,30.4,16.3,9/04/2000,14.1
2656,9225,0,31.1,20.2,10/04/2000,10.9
2657,9225,0,26.5,20.2,11/04/2000,6.3
2658,9225,0,24,13.5,12/04/2000,10.5
2659,9225,2,22.5,15.8,13/04/2000,6.7
2660,9225,0,23.9,11.4,14/04/2000,12.5
2661,9225,0.2,22.7,9.9,15/04/2000,12.8
2662,9225,0,24.6,9.3,16/04/2000,15.3
2663,9225,0,24.8,7.9,17/04/2000,16.9
2664,9225,0,27.3,13.1,18/04/2000,14.2
2665,9225,0,30.2,12.6,19/04/2000,17.6
2666,9225,0,25.2,18.6,20/04/2000,6.6
2667,9225,11,27.7,17.3,21/04/2000,10.4
2668,9225,0,29.5,14.9,22/04/2000,14.6
2669,9225,0,30,12.4,23/04/2000,17.6
2670,9225,0,29.7,15.1,24/04/2000,14.6
2671,9225,0,25.1,15.2,25/04/2000,9.9
2672,9225,3.4,25.9,12.2,26/04/2000,13.7
2673,9225,5.4,20.7,15.2,27/04/2000,5.5
2674,9225,1.6,21.7,14.4,28/04/2000,7.3
2675,9225,9,18.3,4.7,29/04/2000,13.6
2676,9225,0,19.9,10.1,30/04/2000,9.8
2677,9225,0,22.4,11.9,1/05/2000,10.5
2678,9225,0,23.9,13.3,2/05/2000,10.6
2679,9225,0,24.7,10.5,3/05/2000,14.2
2680,9225,0,24.5,13.5,4/05/2000,11
2681,9225,0,24.3,8.1,5/05/2000,16.2
2682,9225,0,24.5,6.3,6/05/2000,18.2
2683,9225,0,24.8,6.1,7/05/2000,18.7
2684,9225,0,26.5,13.1,8/05/2000,13.4
2685,9225,0,27.6,6.3,9/05/2000,21.3
2686,9225,1.4,23,11.4,10/05/2000,11.6
2687,9225,10.2,16.9,13.5,11/05/2000,3.4
2688,9225,12.8,17.2,6.9,12/05/2000,10.3
2689,9225,1.6,18.9,10.8,13/05/2000,8.1
2690,9225,0.2,20.2,4.9,14/05/2000,15.3
2691,9225,0,22,7.2,15/05/2000,14.8
2692,9225,0,22.6,7.5,16/05/2000,15.1
2693,9225,0,24,6.5,17/05/2000,17.5
2694,9225,0,23.4,6.9,18/05/2000,16.5
2695,9225,0,23.1,6.2,19/05/2000,16.9
2696,9225,0,22.1,5.3,20/05/2000,16.8
2697,9225,0,22.1,5.4,21/05/2000,16.7
2698,9225,0,22.7,5.9,22/05/2000,16.8
2699,9225,0,22.1,4.6,23/05/2000,17.5
2700,9225,0,21.6,8.9,24/05/2000,12.7
2701,9225,0,20.3,8.7,25/05/2000,11.6
2702,9225,0,18.8,7.8,26/05/2000,11
2703,9225,0,18.8,6.4,27/05/2000,12.4
2704,9225,0,19,9.1,28/05/2000,9.9
2705,9225,0,22.3,11.1,29/05/2000,11.2
2706,9225,0,23.3,13.9,30/05/2000,9.4
2707,9225,0.2,22,14.5,31/05/2000,7.5
2708,9225,9,19.7,8.3,1/06/2000,11.4
2709,9225,0,20.7,8.2,2/06/2000,12.5
2710,9225,0,20.1,7.2,3/06/2000,12.9
2711,9225,0,20.8,9.8,4/06/2000,11
2712,9225,0,20.5,8.1,5/06/2000,12.4
2713,9225,0,21.7,4.1,6/06/2000,17.6
2714,9225,0,19.1,4.3,7/06/2000,14.8
2715,9225,0,21.4,2.5,8/06/2000,18.9
2716,9225,0,20.1,3.9,9/06/2000,16.2
2717,9225,3.2,17.6,11.3,10/06/2000,6.3
2718,9225,3,23.1,7.4,11/06/2000,15.7
2719,9225,0,25.7,7.8,12/06/2000,17.9
2720,9225,0,23.1,15.4,13/06/2000,7.7
2721,9225,47.6,19.8,14.3,14/06/2000,5.5
2722,9225,16.2,18.3,10,15/06/2000,8.3
2723,9225,0,19.3,5.8,16/06/2000,13.5
2724,9225,0,19.6,4.5,17/06/2000,15.1
2725,9225,0,20.7,5.2,18/06/2000,15.5
2726,9225,12.8,18,11.1,19/06/2000,6.9
2727,9225,1.8,19.1,12.7,20/06/2000,6.4
2728,9225,3.2,20.2,13.3,21/06/2000,6.9
2729,9225,2.6,19,11.5,22/06/2000,7.5
2730,9225,10.2,20.3,13.4,23/06/2000,6.9
2731,9225,3.6,19,13.3,24/06/2000,5.7
2732,9225,2.8,20.6,14.4,25/06/2000,6.2
2733,9225,4.6,16,2.9,26/06/2000,13.1
2734,9225,0.4,16.6,8,27/06/2000,8.6
2735,9225,2.2,18.9,9.5,28/06/2000,9.4
2736,9225,0,18.4,11,29/06/2000,7.4
2737,9225,0,19.8,4.5,30/06/2000,15.3
2738,9225,31.4,16.7,10.3,1/07/2000,6.4
2739,9225,34.6,17.8,12.9,2/07/2000,4.9
2740,9225,6.2,19.3,10.5,3/07/2000,8.8
2741,9225,18,17.6,12.5,4/07/2000,5.1
2742,9225,6.6,18.5,9.6,5/07/2000,8.9
2743,9225,3.8,19,9,6/07/2000,10
2744,9225,7.6,17.6,11.1,7/07/2000,6.5
2745,9225,0.2,17.9,9.3,8/07/2000,8.6
2746,9225,0,18.4,6.9,9/07/2000,11.5
2747,9225,0.6,18.7,9.3,10/07/2000,9.4
2748,9225,29.4,17.4,12.5,11/07/2000,4.9
2749,9225,0,17.9,6.2,12/07/2000,11.7
2750,9225,15.2,17.5,11.6,13/07/2000,5.9
2751,9225,4.4,20,12.9,14/07/2000,7.1
2752,9225,5.4,19.7,13,15/07/2000,6.7
2753,9225,12.4,21.1,13.8,16/07/2000,7.3
2754,9225,21.6,18.4,14.6,17/07/2000,3.8
2755,9225,9.4,16.1,11.5,18/07/2000,4.6
2756,9225,2.4,18.5,8.9,19/07/2000,9.6
2757,9225,4.4,18.3,10.8,20/07/2000,7.5
2758,9225,4.2,18.4,10.4,21/07/2000,8
2759,9225,2.2,19,13.2,22/07/2000,5.8
2760,9225,3.2,16.4,13.2,23/07/2000,3.2
2761,9225,2,17.8,8.5,24/07/2000,9.3
2762,9225,0,16.3,7.3,25/07/2000,9
2763,9225,0,15.9,5.5,26/07/2000,10.4
2764,9225,0,19.8,6,27/07/2000,13.8
2765,9225,0,15.5,11.3,28/07/2000,4.2
2766,9225,5.8,17.2,8.9,29/07/2000,8.3
2767,9225,0,18.9,10.5,30/07/2000,8.4
2768,9225,0,18.9,7.6,31/07/2000,11.3
2769,9225,2,18.7,9,1/08/2000,9.7
2770,9225,6.4,14.1,12.2,2/08/2000,1.9
2771,9225,5.6,16.7,3.9,3/08/2000,12.8
2772,9225,0,19.5,1.4,4/08/2000,18.1
2773,9225,10,13.9,9.4,5/08/2000,4.5
2774,9225,23,15.3,7.7,6/08/2000,7.6
2775,9225,9.6,16.4,10.2,7/08/2000,6.2
2776,9225,1.2,15.8,7.1,8/08/2000,8.7
2777,9225,0.2,16.3,11.2,9/08/2000,5.1
2778,9225,0,16.7,3,10/08/2000,13.7
2779,9225,0,17.6,3.6,11/08/2000,14
2780,9225,0,20.4,4.6,12/08/2000,15.8
2781,9225,1.8,20.4,9.7,13/08/2000,10.7
2782,9225,0,20.6,5.8,14/08/2000,14.8
2783,9225,0,18.4,10,15/08/2000,8.4
2784,9225,16.4,17.8,12.4,16/08/2000,5.4
2785,9225,2.6,17.9,10.2,17/08/2000,7.7
2786,9225,0.2,18.5,12.6,18/08/2000,5.9
2787,9225,0,19.7,7.3,19/08/2000,12.4
2788,9225,0,18.7,8.6,20/08/2000,10.1
2789,9225,0.2,17,1.3,21/08/2000,15.7
2790,9225,0,17.9,1.5,22/08/2000,16.4
2791,9225,0,22.3,5.2,23/08/2000,17.1
2792,9225,10.4,16.4,12.4,24/08/2000,4
2793,9225,0.8,17.2,7.7,25/08/2000,9.5
2794,9225,12.2,16,9.5,26/08/2000,6.5
2795,9225,0,17,6.4,27/08/2000,10.6
2796,9225,0.6,19,8.8,28/08/2000,10.2
2797,9225,9.2,17,8.1,29/08/2000,8.9
2798,9225,3.6,18.6,11.2,30/08/2000,7.4
2799,9225,27,15.3,11.7,31/08/2000,3.6
2800,9225,8,17.3,9.3,1/09/2000,8
2801,9225,8.4,17.8,13.1,2/09/2000,4.7
2802,9225,1.4,18.7,12.1,3/09/2000,6.6
2803,9225,0.6,21.6,8.4,4/09/2000,13.2
2804,9225,0,22,7,5/09/2000,15
2805,9225,18.4,18.4,11.8,6/09/2000,6.6
2806,9225,0.2,18.5,12.3,7/09/2000,6.2
2807,9225,0.8,19.7,13.8,8/09/2000,5.9
2808,9225,0,19.2,7.5,9/09/2000,11.7
2809,9225,0,20.5,8.6,10/09/2000,11.9
2810,9225,0,28.3,6.9,11/09/2000,21.4
2811,9225,0,21.4,8,12/09/2000,13.4
2812,9225,3.4,19.2,12.8,13/09/2000,6.4
2813,9225,2.4,19.5,13.2,14/09/2000,6.3
2814,9225,1.6,19.2,11.3,15/09/2000,7.9
2815,9225,1.4,18.2,9.4,16/09/2000,8.8
2816,9225,0,21,6,17/09/2000,15
2817,9225,0,18.7,9.5,18/09/2000,9.2
2818,9225,0,17.4,8.6,19/09/2000,8.8
2819,9225,0,20.5,7.2,20/09/2000,13.3
2820,9225,0,23.3,7,21/09/2000,16.3
2821,9225,0,21.3,8.4,22/09/2000,12.9
2822,9225,0,24.1,12.9,23/09/2000,11.2
2823,9225,0,22.6,11,24/09/2000,11.6
2824,9225,0,23.6,8.1,25/09/2000,15.5
2825,9225,0,27,9.2,26/09/2000,17.8
2826,9225,0.4,22.9,16.6,27/09/2000,6.3
2827,9225,1.4,19.3,15.4,28/09/2000,3.9
2828,9225,0.6,19.5,12.5,29/09/2000,7
2829,9225,0.6,20.6,12,30/09/2000,8.6
2830,9225,1.4,26.3,8.9,1/10/2000,17.4
2831,9225,0,26.1,9.9,2/10/2000,16.2
2832,9225,0,26.6,9.6,3/10/2000,17
2833,9225,0,22.2,13,4/10/2000,9.2
2834,9225,0,22,10.7,5/10/2000,11.3
2835,9225,2.8,18.8,12.3,6/10/2000,6.5
2836,9225,0.2,18.9,8.8,7/10/2000,10.1
2837,9225,0.2,19.9,5.6,8/10/2000,14.3
2838,9225,0,20.8,7.2,9/10/2000,13.6
2839,9225,0,25.3,6.2,10/10/2000,19.1
2840,9225,0,20.7,11.8,11/10/2000,8.9
2841,9225,0,18.5,7.3,12/10/2000,11.2
2842,9225,0,21.8,6.7,13/10/2000,15.1
2843,9225,0,26.5,10.4,14/10/2000,16.1
2844,9225,0,30.5,13.4,15/10/2000,17.1
2845,9225,0,24,11.3,16/10/2000,12.7
2846,9225,0,22.8,10.4,17/10/2000,12.4
2847,9225,0,27,10.6,18/10/2000,16.4
2848,9225,0,32.8,12.2,19/10/2000,20.6
2849,9225,0,23.3,13.3,20/10/2000,10
2850,9225,0,18.9,11.9,21/10/2000,7
2851,9225,0.2,21.3,6.2,22/10/2000,15.1
2852,9225,0,,10.5,23/10/2000,-10.5
2853,9225,0,27.7,9.8,24/10/2000,17.9
2854,9225,0,21.4,13.4,25/10/2000,8
2855,9225,0,24.1,11.6,26/10/2000,12.5
2856,9225,0,30.7,13.3,27/10/2000,17.4
2857,9225,0,34.1,14,28/10/2000,20.1
2858,9225,0,23.2,16.1,29/10/2000,7.1
2859,9225,0.4,21.3,15.4,30/10/2000,5.9
2860,9225,0,22.1,9.4,31/10/2000,12.7
2861,9225,0,24.2,12.1,1/11/2000,12.1
2862,9225,0,21.6,12.4,2/11/2000,9.2
2863,9225,0,22.4,9.3,3/11/2000,13.1
2864,9225,0,27.6,10.2,4/11/2000,17.4
2865,9225,0,28.9,13.9,5/11/2000,15
2866,9225,0.2,21.6,12.4,6/11/2000,9.2
2867,9225,0.2,20.7,12.5,7/11/2000,8.2
2868,9225,3,19.7,9.6,8/11/2000,10.1
2869,9225,10.8,21.4,11.5,9/11/2000,9.9
2870,9225,0,23.7,12.4,10/11/2000,11.3
2871,9225,0,31.3,14.1,11/11/2000,17.2
2872,9225,0,34.1,17.2,12/11/2000,16.9
2873,9225,0,32.7,15.3,13/11/2000,17.4
2874,9225,0,32,17.3,14/11/2000,14.7
2875,9225,0,37.3,20.1,15/11/2000,17.2
2876,9225,0,26.5,20.4,16/11/2000,6.1
2877,9225,0.4,24.5,18.1,17/11/2000,6.4
2878,9225,0.2,27.4,16.2,18/11/2000,11.2
2879,9225,0,28.9,15.1,19/11/2000,13.8
2880,9225,0,27.1,17.9,20/11/2000,9.2
2881,9225,0,29.5,14.4,21/11/2000,15.1
2882,9225,0,33.8,18.5,22/11/2000,15.3
2883,9225,0,26.1,16.4,23/11/2000,9.7
2884,9225,0,23.9,17,24/11/2000,6.9
2885,9225,0,26.1,14.3,25/11/2000,11.8
2886,9225,0,22.8,14.1,26/11/2000,8.7
2887,9225,8.6,21.6,13.7,27/11/2000,7.9
2888,9225,0.2,22.5,12.2,28/11/2000,10.3
2889,9225,0,23.8,11,29/11/2000,12.8
2890,9225,0,28.6,13.4,30/11/2000,15.2
2891,9225,0,26.7,11.7,1/12/2000,15
2892,9225,0,24.6,13.4,2/12/2000,11.2
2893,9225,0,29.9,10.9,3/12/2000,19
2894,9225,0,26.8,13.6,4/12/2000,13.2
2895,9225,0,29.7,16,5/12/2000,13.7
2896,9225,0,31.3,16.7,6/12/2000,14.6
2897,9225,0,30.8,16.3,7/12/2000,14.5
2898,9225,0,30.9,17.3,8/12/2000,13.6
2899,9225,0,28.1,19.7,9/12/2000,8.4
2900,9225,0,29,17,10/12/2000,12
2901,9225,0,30.9,16.9,11/12/2000,14
2902,9225,0,34.7,18.4,12/12/2000,16.3
2903,9225,0,32.2,17.9,13/12/2000,14.3
2904,9225,0,34.3,19,14/12/2000,15.3
2905,9225,0,35.6,20.9,15/12/2000,14.7
2906,9225,0,27.6,19.5,16/12/2000,8.1
2907,9225,0,31,16.9,17/12/2000,14.1
2908,9225,0,29.8,16,18/12/2000,13.8
2909,9225,0,28,17.2,19/12/2000,10.8
2910,9225,0,22.6,16.7,20/12/2000,5.9
2911,9225,0,20.4,11.6,21/12/2000,8.8
2912,9225,0,22,8.8,22/12/2000,13.2
2913,9225,0,27.9,14.5,23/12/2000,13.4
2914,9225,0,34.8,16.3,24/12/2000,18.5
2915,9225,0,37.6,21.8,25/12/2000,15.8
2916,9225,0,38.3,20.9,26/12/2000,17.4
2917,9225,0,40.3,24.3,27/12/2000,16
2918,9225,0,28,23.4,28/12/2000,4.6
2919,9225,0.2,23.6,16.2,29/12/2000,7.4
2920,9225,0.2,26.8,13,30/12/2000,13.8
2921,9225,0,28.5,15.7,31/12/2000,12.8
2922,9225,0,26.1,16.9,1/01/2001,9.2
2923,9225,0,25.7,15.4,2/01/2001,10.3
2924,9225,0,25.3,14.7,3/01/2001,10.6
2925,9225,0,29.2,15.6,4/01/2001,13.6
2926,9225,0,35.2,15.9,5/01/2001,19.3
2927,9225,0,32.9,18.4,6/01/2001,14.5
2928,9225,0,30.7,19.8,7/01/2001,10.9
2929,9225,0,36.7,19.6,8/01/2001,17.1
2930,9225,0,31.6,20.9,9/01/2001,10.7
2931,9225,0,31.8,18.8,10/01/2001,13
2932,9225,0,32.4,20.3,11/01/2001,12.1
2933,9225,0,28.3,19.6,12/01/2001,8.7
2934,9225,0,24.4,18.8,13/01/2001,5.6
2935,9225,0,25.4,15.6,14/01/2001,9.8
2936,9225,0,34.4,17.5,15/01/2001,16.9
2937,9225,0,34.5,20.3,16/01/2001,14.2
2938,9225,0,33.5,22.3,17/01/2001,11.2
2939,9225,0,34.8,23,18/01/2001,11.8
2940,9225,0,26.5,19.6,19/01/2001,6.9
2941,9225,0,33.3,18.2,20/01/2001,15.1
2942,9225,0.2,27.3,20.3,21/01/2001,7
2943,9225,0,25.9,16.2,22/01/2001,9.7
2944,9225,0,24.1,15.7,23/01/2001,8.4
2945,9225,0,21.7,14.6,24/01/2001,7.1
2946,9225,0,23.4,8.9,25/01/2001,14.5
2947,9225,0,27.5,13.7,26/01/2001,13.8
2948,9225,0,31.7,14.6,27/01/2001,17.1
2949,9225,0,33,15,28/01/2001,18
2950,9225,0,35.7,18.7,29/01/2001,17
2951,9225,0,35.3,22.7,30/01/2001,12.6
2952,9225,2.2,29,21.2,31/01/2001,7.8
2953,9225,5.8,22.5,15.9,1/02/2001,6.6
2954,9225,0.2,23.9,12.4,2/02/2001,11.5
2955,9225,0,30.6,12.2,3/02/2001,18.4
2956,9225,0,34.3,16.1,4/02/2001,18.2
2957,9225,0,36.4,17.4,5/02/2001,19
2958,9225,0,26.5,20.1,6/02/2001,6.4
2959,9225,0,23.8,18.5,7/02/2001,5.3
2960,9225,0,28.7,14,8/02/2001,14.7
2961,9225,0,33,16.9,9/02/2001,16.1
2962,9225,0,34.2,18.3,10/02/2001,15.9
2963,9225,0,28.6,17.9,11/02/2001,10.7
2964,9225,0,29.3,14.5,12/02/2001,14.8
2965,9225,0,28.9,15.4,13/02/2001,13.5
2966,9225,0,29.4,15.8,14/02/2001,13.6
2967,9225,0,33.8,16.8,15/02/2001,17
2968,9225,0,32.2,22.1,16/02/2001,10.1
2969,9225,0.6,27.6,21.7,17/02/2001,5.9
2970,9225,0,25.3,17.9,18/02/2001,7.4
2971,9225,0,31.4,16.8,19/02/2001,14.6
2972,9225,0,27.4,14.9,20/02/2001,12.5
2973,9225,0,31.4,14.3,21/02/2001,17.1
2974,9225,0.4,33.5,20.1,22/02/2001,13.4
2975,9225,0,33.1,23.3,23/02/2001,9.8
2976,9225,0,32.4,22.7,24/02/2001,9.7
2977,9225,0,31,19.8,25/02/2001,11.2
2978,9225,0,31.2,18.6,26/02/2001,12.6
2979,9225,0,32.7,14.1,27/02/2001,18.6
2980,9225,0,32.2,18.7,28/02/2001,13.5
2981,9225,0,34.4,18.9,1/03/2001,15.5
2982,9225,0,38.7,22.3,2/03/2001,16.4
2983,9225,0,39.7,22.4,3/03/2001,17.3
2984,9225,0,38.9,25.1,4/03/2001,13.8
2985,9225,0,37.7,23.5,5/03/2001,14.2
2986,9225,0,38.5,20.6,6/03/2001,17.9
2987,9225,0,29.2,23.5,7/03/2001,5.7
2988,9225,0,24.8,18.4,8/03/2001,6.4
2989,9225,0,28.3,16.7,9/03/2001,11.6
2990,9225,0,28.8,16.9,10/03/2001,11.9
2991,9225,0,29.1,15.8,11/03/2001,13.3
2992,9225,0,27.6,14.8,12/03/2001,12.8
2993,9225,0,29.4,15.2,13/03/2001,14.2
2994,9225,0,27.6,12,14/03/2001,15.6
2995,9225,2.2,21.8,16.8,15/03/2001,5
2996,9225,0.6,23,9.4,16/03/2001,13.6
2997,9225,0,28.2,10.4,17/03/2001,17.8
2998,9225,0,26,15.5,18/03/2001,10.5
2999,9225,0,24.1,15.2,19/03/2001,8.9
3000,9225,0,25.5,11.3,20/03/2001,14.2
3001,9225,0,27.5,12.6,21/03/2001,14.9
3002,9225,0,25.3,9.4,22/03/2001,15.9
3003,9225,0,21.6,10.5,23/03/2001,11.1
3004,9225,0,22.6,7.6,24/03/2001,15
3005,9225,0,23.9,9.7,25/03/2001,14.2
3006,9225,0,29.4,11.3,26/03/2001,18.1
3007,9225,0,32.7,14.4,27/03/2001,18.3
3008,9225,0,32.5,11.8,28/03/2001,20.7
3009,9225,0,33.3,12.4,29/03/2001,20.9
3010,9225,0,28.7,15.6,30/03/2001,13.1
3011,9225,0,28.5,16.6,31/03/2001,11.9
3012,9225,0,33.6,15.5,1/04/2001,18.1
3013,9225,0,29.8,16.8,2/04/2001,13
3014,9225,0,26.7,15.5,3/04/2001,11.2
3015,9225,0,36.2,14.7,4/04/2001,21.5
3016,9225,0,28.7,13.3,5/04/2001,15.4
3017,9225,0,23.4,15.4,6/04/2001,8
3018,9225,0,21.6,10.9,7/04/2001,10.7
3019,9225,0,24.4,7.5,8/04/2001,16.9
3020,9225,0,27.8,11.9,9/04/2001,15.9
3021,9225,0,27.3,18.9,10/04/2001,8.4
3022,9225,0,29.1,20,11/04/2001,9.1
3023,9225,0,32,16.4,12/04/2001,15.6
3024,9225,0,25.3,14.9,13/04/2001,10.4
3025,9225,0,25.9,14.6,14/04/2001,11.3
3026,9225,0,29.1,14.8,15/04/2001,14.3
3027,9225,0,26.1,17.8,16/04/2001,8.3
3028,9225,0,23.5,13.2,17/04/2001,10.3
3029,9225,0,23.8,12.6,18/04/2001,11.2
3030,9225,0,26.2,13.4,19/04/2001,12.8
3031,9225,0,26.5,13.3,20/04/2001,13.2
3032,9225,0,29.3,15.5,21/04/2001,13.8
3033,9225,0,29.4,19,22/04/2001,10.4
3034,9225,1.4,22,17.4,23/04/2001,4.6
3035,9225,0.2,21.8,12.4,24/04/2001,9.4
3036,9225,3,19.7,14.1,25/04/2001,5.6
3037,9225,2.8,22.1,9.4,26/04/2001,12.7
3038,9225,0,24.6,10.1,27/04/2001,14.5
3039,9225,0,25.9,8.9,28/04/2001,17
3040,9225,0,27.5,10.2,29/04/2001,17.3
3041,9225,0,24.7,9.9,30/04/2001,14.8
3042,9225,0,24,10.9,1/05/2001,13.1
3043,9225,0,25.1,13.3,2/05/2001,11.8
3044,9225,0,23.3,10.9,3/05/2001,12.4
3045,9225,0,25.3,9.3,4/05/2001,16
3046,9225,0,26.1,10.1,5/05/2001,16
3047,9225,17.8,22.9,16.5,6/05/2001,6.4
3048,9225,3.8,22.8,14.9,7/05/2001,7.9
3049,9225,1,21.8,10.4,8/05/2001,11.4
3050,9225,0,25.2,8.2,9/05/2001,17
3051,9225,5.4,20.2,11.4,10/05/2001,8.8
3052,9225,0.2,18.5,12,11/05/2001,6.5
3053,9225,19.2,13.6,11,12/05/2001,2.6
3054,9225,30.8,18.6,3.8,13/05/2001,14.8
3055,9225,0,20,10.1,14/05/2001,9.9
3056,9225,0,21.3,5.9,15/05/2001,15.4
3057,9225,0,22.8,6.3,16/05/2001,16.5
3058,9225,0,22.2,7.6,17/05/2001,14.6
3059,9225,0,20.3,10.5,18/05/2001,9.8
3060,9225,0,17.2,14.7,19/05/2001,2.5
3061,9225,0.2,20.3,13.1,20/05/2001,7.2
3062,9225,0.4,22.2,12.7,21/05/2001,9.5
3063,9225,0,23.6,6.5,22/05/2001,17.1
3064,9225,0,24.5,9.6,23/05/2001,14.9
3065,9225,3.6,20.5,9.8,24/05/2001,10.7
3066,9225,1.2,19.7,13.2,25/05/2001,6.5
3067,9225,5.6,20.3,11.4,26/05/2001,8.9
3068,9225,0,22.6,7.5,27/05/2001,15.1
3069,9225,0,22.9,6.9,28/05/2001,16
3070,9225,1.2,18.6,8.7,29/05/2001,9.9
3071,9225,12.8,19.1,10.7,30/05/2001,8.4
3072,9225,5.4,19.1,10.6,31/05/2001,8.5
3073,9225,5,20.3,9.3,1/06/2001,11
3074,9225,2.4,19.8,11.1,2/06/2001,8.7
3075,9225,0.2,18.1,11,3/06/2001,7.1
3076,9225,8,14.3,12,4/06/2001,2.3
3077,9225,0,15.1,4,5/06/2001,11.1
3078,9225,0,17.4,3.7,6/06/2001,13.7
3079,9225,0,17.6,3.1,7/06/2001,14.5
3080,9225,5.2,13.7,6.8,8/06/2001,6.9
3081,9225,6,15.3,6.7,9/06/2001,8.6
3082,9225,19.2,16.4,7.4,10/06/2001,9
3083,9225,13.4,17.8,8.9,11/06/2001,8.9
3084,9225,0.2,18.9,3.9,12/06/2001,15
3085,9225,0,19.9,2.6,13/06/2001,17.3
3086,9225,0,21.7,4.4,14/06/2001,17.3
3087,9225,0,24.6,11.3,15/06/2001,13.3
3088,9225,0,23.1,10.5,16/06/2001,12.6
3089,9225,3.6,21.4,11.6,17/06/2001,9.8
3090,9225,0,20.7,7.2,18/06/2001,13.5
3091,9225,0,21.1,6.7,19/06/2001,14.4
3092,9225,0,23.1,7,20/06/2001,16.1
3093,9225,0,22.9,5,21/06/2001,17.9
3094,9225,0,23.8,4.3,22/06/2001,19.5
3095,9225,0,22.7,4.8,23/06/2001,17.9
3096,9225,0.4,21.4,8.6,24/06/2001,12.8
3097,9225,0,21.3,8.6,25/06/2001,12.7
3098,9225,0,21.9,4.2,26/06/2001,17.7
3099,9225,0,22.4,3.1,27/06/2001,19.3
3100,9225,0,24.2,2.1,28/06/2001,22.1
3101,9225,0,21.6,7.2,29/06/2001,14.4
3102,9225,8,21,10,30/06/2001,11
3103,9225,4.8,20.3,11.2,1/07/2001,9.1
3104,9225,1.6,18.1,7.1,2/07/2001,11
3105,9225,13,18.6,10.5,3/07/2001,8.1
3106,9225,0.8,15.9,6.9,4/07/2001,9
3107,9225,0,17.2,1.1,5/07/2001,16.1
3108,9225,0,21,6.4,6/07/2001,14.6
3109,9225,20.2,19.7,10.8,7/07/2001,8.9
3110,9225,11.4,15.2,11.6,8/07/2001,3.6
3111,9225,7.6,17.7,5.4,9/07/2001,12.3
3112,9225,0,17.3,4.4,10/07/2001,12.9
3113,9225,0,18,3.1,11/07/2001,14.9
3114,9225,6.8,15.5,9.4,12/07/2001,6.1
3115,9225,0,16.3,0.7,13/07/2001,15.6
3116,9225,0,17.7,3.6,14/07/2001,14.1
3117,9225,0,18.2,2.2,15/07/2001,16
3118,9225,0,18.3,2.3,16/07/2001,16
3119,9225,0,18.8,4.5,17/07/2001,14.3
3120,9225,0,18.7,1.1,18/07/2001,17.6
3121,9225,0,20.9,1.2,19/07/2001,19.7
3122,9225,0,21.6,6.7,20/07/2001,14.9
3123,9225,8,18,7.8,21/07/2001,10.2
3124,9225,0,18.8,3.9,22/07/2001,14.9
3125,9225,0,19.8,3.5,23/07/2001,16.3
3126,9225,0,19.7,2.8,24/07/2001,16.9
3127,9225,0,23.6,4.1,25/07/2001,19.5
3128,9225,0,24.8,4.6,26/07/2001,20.2
3129,9225,0,17.3,7.5,27/07/2001,9.8
3130,9225,8,20.5,11.8,28/07/2001,8.7
3131,9225,0.4,22.8,10.3,29/07/2001,12.5
3132,9225,88.8,17,15.4,30/07/2001,1.6
3133,9225,11.2,16,4.5,31/07/2001,11.5
3134,9225,0,16.7,3.2,1/08/2001,13.5
3135,9225,0,18.9,2.6,2/08/2001,16.3
3136,9225,3.6,15.9,9.6,3/08/2001,6.3
3137,9225,9.2,17.7,12.7,4/08/2001,5
3138,9225,0.2,19.6,8.3,5/08/2001,11.3
3139,9225,5,17.2,11.4,6/08/2001,5.8
3140,9225,2.2,18.1,9.9,7/08/2001,8.2
3141,9225,1.6,18.8,10.6,8/08/2001,8.2
3142,9225,30,17.4,10.3,9/08/2001,7.1
3143,9225,0.4,18.7,6.7,10/08/2001,12
3144,9225,1.2,19.4,9.7,11/08/2001,9.7
3145,9225,4,22.2,6.7,12/08/2001,15.5
3146,9225,0.2,19.7,8,13/08/2001,11.7
3147,9225,17.8,15.5,14,14/08/2001,1.5
3148,9225,18.2,17.6,11.5,15/08/2001,6.1
3149,9225,1.8,16.3,5.4,16/08/2001,10.9
3150,9225,0,16.3,2.1,17/08/2001,14.2
3151,9225,0,17.9,1.8,18/08/2001,16.1
3152,9225,0,19,3.8,19/08/2001,15.2
3153,9225,0,19.3,5,20/08/2001,14.3
3154,9225,0,24,4.8,21/08/2001,19.2
3155,9225,0,20.5,6,22/08/2001,14.5
3156,9225,0,21.1,5.5,23/08/2001,15.6
3157,9225,16.6,16.4,10.4,24/08/2001,6
3158,9225,0,18,2.2,25/08/2001,15.8
3159,9225,0,19.5,4.3,26/08/2001,15.2
3160,9225,0,19.5,3.5,27/08/2001,16
3161,9225,0,21.9,5.3,28/08/2001,16.6
3162,9225,0,18.7,6.9,29/08/2001,11.8
3163,9225,14,15,2.9,30/08/2001,12.1
3164,9225,2,17,7.3,31/08/2001,9.7
3165,9225,0.2,17,9.3,1/09/2001,7.7
3166,9225,0.8,19.5,11.7,2/09/2001,7.8
3167,9225,2.2,18.9,7.7,3/09/2001,11.2
3168,9225,0,19.4,7.1,4/09/2001,12.3
3169,9225,0,20.7,7.2,5/09/2001,13.5
3170,9225,9.2,16.5,10.6,6/09/2001,5.9
3171,9225,7.4,17.4,5.5,7/09/2001,11.9
3172,9225,0,18.5,10.8,8/09/2001,7.7
3173,9225,16.2,15.8,13.3,9/09/2001,2.5
3174,9225,2.4,15.9,4.7,10/09/2001,11.2
3175,9225,0.2,18.3,4.4,11/09/2001,13.9
3176,9225,0.4,19.6,7.1,12/09/2001,12.5
3177,9225,1.8,18.9,9.2,13/09/2001,9.7
3178,9225,0,19.3,13.7,14/09/2001,5.6
3179,9225,0.2,20,14.4,15/09/2001,5.6
3180,9225,1.6,20.9,12.9,16/09/2001,8
3181,9225,0.8,21.7,7.2,17/09/2001,14.5
3182,9225,0,21,11,18/09/2001,10
3183,9225,0,20.5,11,19/09/2001,9.5
3184,9225,0,23.9,10,20/09/2001,13.9
3185,9225,0,21.5,8.1,21/09/2001,13.4
3186,9225,13.4,17.5,13.9,22/09/2001,3.6
3187,9225,7.4,17.5,11.9,23/09/2001,5.6
3188,9225,1.2,19,8.6,24/09/2001,10.4
3189,9225,0,25,7,25/09/2001,18
3190,9225,0,27.6,12.3,26/09/2001,15.3
3191,9225,0,21.5,12.4,27/09/2001,9.1
3192,9225,0,21,8.5,28/09/2001,12.5
3193,9225,27.2,17.3,11.2,29/09/2001,6.1
3194,9225,22.6,17,10.7,30/09/2001,6.3
3195,9225,1,18.8,9.6,1/10/2001,9.2
3196,9225,0.2,22.4,8.9,2/10/2001,13.5
3197,9225,0,22,6.4,3/10/2001,15.6
3198,9225,0,24.8,12.1,4/10/2001,12.7
3199,9225,0,23.1,9.7,5/10/2001,13.4
3200,9225,0,22.4,11.5,6/10/2001,10.9
3201,9225,0,25,13.1,7/10/2001,11.9
3202,9225,0,22,12,8/10/2001,10
3203,9225,0.8,18.1,10.6,9/10/2001,7.5
3204,9225,0.2,18.5,4.3,10/10/2001,14.2
3205,9225,0,20.3,6.8,11/10/2001,13.5
3206,9225,0.6,18.7,11.8,12/10/2001,6.9
3207,9225,0,20.3,5.3,13/10/2001,15
3208,9225,0,20.4,6.8,14/10/2001,13.6
3209,9225,0,21,12.7,15/10/2001,8.3
3210,9225,0,20.8,8.7,16/10/2001,12.1
3211,9225,0,24.4,7.3,17/10/2001,17.1
3212,9225,0,28.1,13.3,18/10/2001,14.8
3213,9225,2.2,24.7,13.7,19/10/2001,11
3214,9225,0.2,21.9,12.2,20/10/2001,9.7
3215,9225,10.6,16.5,10.8,21/10/2001,5.7
3216,9225,16.8,17.3,10.5,22/10/2001,6.8
3217,9225,0.2,19.4,5.6,23/10/2001,13.8
3218,9225,0,21.6,10.9,24/10/2001,10.7
3219,9225,0,25.8,9.5,25/10/2001,16.3
3220,9225,0,20.8,9,26/10/2001,11.8
3221,9225,0,20.6,8.4,27/10/2001,12.2
3222,9225,0,22.4,9.5,28/10/2001,12.9
3223,9225,0,26.1,11.7,29/10/2001,14.4
3224,9225,0,28,12.3,30/10/2001,15.7
3225,9225,0,26.9,15.1,31/10/2001,11.8
3226,9225,0,30.3,13.2,1/11/2001,17.1
3227,9225,0,31.4,15,2/11/2001,16.4
3228,9225,0,22.2,15.9,3/11/2001,6.3
3229,9225,0.8,20.7,7.5,4/11/2001,13.2
3230,9225,0,25.2,10.4,5/11/2001,14.8
3231,9225,0,27.3,11,6/11/2001,16.3
3232,9225,0,28.7,14.4,7/11/2001,14.3
3233,9225,0,27.6,14,8/11/2001,13.6
3234,9225,0,28.4,12.1,9/11/2001,16.3
3235,9225,0,30.6,14,10/11/2001,16.6
3236,9225,0,31.5,14.2,11/11/2001,17.3
3237,9225,0,32.6,15.4,12/11/2001,17.2
3238,9225,0,36,14.5,13/11/2001,21.5
3239,9225,0,31,17.2,14/11/2001,13.8
3240,9225,0,25.4,18.4,15/11/2001,7
3241,9225,0,23,16.3,16/11/2001,6.7
3242,9225,0,25.4,14.3,17/11/2001,11.1
3243,9225,0,31.3,16.1,18/11/2001,15.2
3244,9225,20,22.8,15.9,19/11/2001,6.9
3245,9225,1.4,22.4,14.6,20/11/2001,7.8
3246,9225,,22.6,13.2,21/11/2001,9.4
3247,9225,0,20.8,12.2,22/11/2001,8.6
3248,9225,0,21.2,12.5,23/11/2001,8.7
3249,9225,3.2,20.7,12.9,24/11/2001,7.8
3250,9225,0,27.4,10.8,25/11/2001,16.6
3251,9225,0,32.4,13.4,26/11/2001,19
3252,9225,0,35,16,27/11/2001,19
3253,9225,0,32.1,18.1,28/11/2001,14
3254,9225,0,32.4,16.8,29/11/2001,15.6
3255,9225,0,22.9,16.1,30/11/2001,6.8
3256,9225,0,21.7,13.4,1/12/2001,8.3
3257,9225,0,25.8,11.6,2/12/2001,14.2
3258,9225,1.4,26.2,12.9,3/12/2001,13.3
3259,9225,0.2,20.8,15,4/12/2001,5.8
3260,9225,1.6,22.3,14.5,5/12/2001,7.8
3261,9225,0,23.8,14.5,6/12/2001,9.3
3262,9225,0,24.8,13.7,7/12/2001,11.1
3263,9225,0,28,15.7,8/12/2001,12.3
3264,9225,0,27.6,12.9,9/12/2001,14.7
3265,9225,0,28,13.5,10/12/2001,14.5
3266,9225,0,31.2,13.7,11/12/2001,17.5
3267,9225,0,31,16.1,12/12/2001,14.9
3268,9225,0,30.8,16.3,13/12/2001,14.5
3269,9225,0,30.6,14.6,14/12/2001,16
3270,9225,0,31.8,16.6,15/12/2001,15.2
3271,9225,0,31.3,15.1,16/12/2001,16.2
3272,9225,0,27.8,14.9,17/12/2001,12.9
3273,9225,0,25.9,14.9,18/12/2001,11
3274,9225,1.2,24.6,15.7,19/12/2001,8.9
3275,9225,0,23.6,12.6,20/12/2001,11
3276,9225,0,26.1,14.8,21/12/2001,11.3
3277,9225,0,28.4,14.9,22/12/2001,13.5
3278,9225,0,26.9,16.4,23/12/2001,10.5
3279,9225,0,25.4,14.6,24/12/2001,10.8
3280,9225,0,25.1,15.3,25/12/2001,9.8
3281,9225,0,30,14.2,26/12/2001,15.8
3282,9225,0,27,16.7,27/12/2001,10.3
3283,9225,0,22,14.7,28/12/2001,7.3
3284,9225,0.4,24.1,15.9,29/12/2001,8.2
3285,9225,0,24.5,14.3,30/12/2001,10.2
3286,9225,0,27.1,14.7,31/12/2001,12.4
3287,9225,0,31.6,17.8,1/01/2002,13.8
3288,9225,0,31.4,16.7,2/01/2002,14.7
3289,9225,0,33.4,17.4,3/01/2002,16
3290,9225,0,24.7,17.1,4/01/2002,7.6
3291,9225,0,22.4,14.7,5/01/2002,7.7
3292,9225,0,28.3,10.4,6/01/2002,17.9
3293,9225,0,33.6,15.7,7/01/2002,17.9
3294,9225,0,26.8,13.4,8/01/2002,13.4
3295,9225,0,24.9,16.4,9/01/2002,8.5
3296,9225,2,23.2,16.3,10/01/2002,6.9
3297,9225,0,26.8,13.8,11/01/2002,13
3298,9225,0,32.1,13.1,12/01/2002,19
3299,9225,0,34.6,19.8,13/01/2002,14.8
3300,9225,0,36.4,19.6,14/01/2002,16.8
3301,9225,16.4,35,19.3,15/01/2002,15.7
3302,9225,0,35.9,22.2,16/01/2002,13.7
3303,9225,0,28.4,19.4,17/01/2002,9
3304,9225,0,25.6,19.9,18/01/2002,5.7
3305,9225,0,28,17.7,19/01/2002,10.3
3306,9225,0,29.8,16.4,20/01/2002,13.4
3307,9225,0,32.4,16.2,21/01/2002,16.2
3308,9225,0,35.4,15.1,22/01/2002,20.3
3309,9225,0,30.3,18.7,23/01/2002,11.6
3310,9225,0,26.2,18.4,24/01/2002,7.8
3311,9225,0,28.8,18.2,25/01/2002,10.6
3312,9225,0,29.9,16.5,26/01/2002,13.4
3313,9225,0,32.2,14.3,27/01/2002,17.9
3314,9225,0,36.6,17.3,28/01/2002,19.3
3315,9225,0,31.5,22.6,29/01/2002,8.9
3316,9225,0,35.3,21.3,30/01/2002,14
3317,9225,0,36.3,21.5,31/01/2002,14.8
3318,9225,0,29.7,19.7,1/02/2002,10
3319,9225,0,28.1,17.2,2/02/2002,10.9
3320,9225,0,32.4,18.2,3/02/2002,14.2
3321,9225,0,33.4,20.6,4/02/2002,12.8
3322,9225,7.4,32.3,20.5,5/02/2002,11.8
3323,9225,0,37.1,19,6/02/2002,18.1
3324,9225,0,31.2,17.1,7/02/2002,14.1
3325,9225,0,32.7,16.9,8/02/2002,15.8
3326,9225,0,33.8,17.6,9/02/2002,16.2
3327,9225,0,35.3,18.7,10/02/2002,16.6
3328,9225,0,35.4,16.2,11/02/2002,19.2
3329,9225,0,32.4,18.9,12/02/2002,13.5
3330,9225,0,24.8,17.1,13/02/2002,7.7
3331,9225,0,23.8,14.8,14/02/2002,9
3332,9225,0.6,23.1,15.6,15/02/2002,7.5
3333,9225,0,25.8,12.7,16/02/2002,13.1
3334,9225,0,30,14.7,17/02/2002,15.3
3335,9225,0,24.7,14.8,18/02/2002,9.9
3336,9225,0.2,22.5,15.8,19/02/2002,6.7
3337,9225,0,25.7,12.7,20/02/2002,13
3338,9225,0,31.5,14.4,21/02/2002,17.1
3339,9225,0,34.5,16.5,22/02/2002,18
3340,9225,0,35.7,15.7,23/02/2002,20
3341,9225,0,37.4,14.9,24/02/2002,22.5
3342,9225,0,31.1,18.3,25/02/2002,12.8
3343,9225,0,33.7,17.1,26/02/2002,16.6
3344,9225,0,31.9,18.9,27/02/2002,13
3345,9225,0,30.8,18.2,28/02/2002,12.6
3346,9225,0,30.1,16,1/03/2002,14.1
3347,9225,0,32.9,16.8,2/03/2002,16.1
3348,9225,0,31.9,16.1,3/03/2002,15.8
3349,9225,0,27.8,12.9,4/03/2002,14.9
3350,9225,0,26,17.2,5/03/2002,8.8
3351,9225,0,31.2,15.3,6/03/2002,15.9
3352,9225,0,34.7,16,7/03/2002,18.7
3353,9225,0,36.1,21.2,8/03/2002,14.9
3354,9225,0,26.9,18.5,9/03/2002,8.4
3355,9225,0,22.5,12.1,10/03/2002,10.4
3356,9225,0,27.9,13.7,11/03/2002,14.2
3357,9225,0,36.4,13.6,12/03/2002,22.8
3358,9225,0,26.1,18.5,13/03/2002,7.6
3359,9225,0,35,15.1,14/03/2002,19.9
3360,9225,0.4,31.5,21.6,15/03/2002,9.9
3361,9225,0.2,25.5,17.8,16/03/2002,7.7
3362,9225,0,24.1,15.5,17/03/2002,8.6
3363,9225,0.4,24.2,15,18/03/2002,9.2
3364,9225,0,28.5,10.9,19/03/2002,17.6
3365,9225,0,29,12.8,20/03/2002,16.2
3366,9225,0,28.3,15.3,21/03/2002,13
3367,9225,0.8,24.6,15.5,22/03/2002,9.1
3368,9225,0.2,24.4,13.5,23/03/2002,10.9
3369,9225,0,24.2,11.8,24/03/2002,12.4
3370,9225,0,29.4,13.6,25/03/2002,15.8
3371,9225,0,31.4,15.9,26/03/2002,15.5
3372,9225,0,30.8,17.2,27/03/2002,13.6
3373,9225,0,30.3,15.7,28/03/2002,14.6
3374,9225,0,35.1,16.5,29/03/2002,18.6
3375,9225,0,28.3,19,30/03/2002,9.3
3376,9225,0.6,25.8,18.5,31/03/2002,7.3
3377,9225,0,25,13.3,1/04/2002,11.7
3378,9225,0,25.2,15.4,2/04/2002,9.8
3379,9225,0,23.5,13.7,3/04/2002,9.8
3380,9225,0,24.3,13.1,4/04/2002,11.2
3381,9225,0,26.2,11.3,5/04/2002,14.9
3382,9225,0,29.8,10.3,6/04/2002,19.5
3383,9225,1.8,24,12.4,7/04/2002,11.6
3384,9225,0.2,23.7,16.1,8/04/2002,7.6
3385,9225,1.2,23.8,15.4,9/04/2002,8.4
3386,9225,0.2,24.2,12.4,10/04/2002,11.8
3387,9225,0,24.1,9.4,11/04/2002,14.7
3388,9225,0,26,12.6,12/04/2002,13.4
3389,9225,0,29.6,16.2,13/04/2002,13.4
3390,9225,0,28.4,17,14/04/2002,11.4
3391,9225,0,27.3,18.2,15/04/2002,9.1
3392,9225,7.6,23.5,18.8,16/04/2002,4.7
3393,9225,69.6,22.3,16.3,17/04/2002,6
3394,9225,6.8,22.1,16.8,18/04/2002,5.3
3395,9225,0.2,25,13.3,19/04/2002,11.7
3396,9225,0,27.5,15.7,20/04/2002,11.8
3397,9225,0,24,14.3,21/04/2002,9.7
3398,9225,0.4,22.6,14.3,22/04/2002,8.3
3399,9225,7.4,21.3,12.8,23/04/2002,8.5
3400,9225,0,22.8,11.1,24/04/2002,11.7
3401,9225,0,24.6,10.3,25/04/2002,14.3
3402,9225,0.6,21.3,13,26/04/2002,8.3
3403,9225,0,22.5,7.9,27/04/2002,14.6
3404,9225,0,20.9,11.3,28/04/2002,9.6
3405,9225,0,27.4,13.2,29/04/2002,14.2
3406,9225,0,31,17.3,30/04/2002,13.7
3407,9225,0.4,34.3,15.9,1/05/2002,18.4
3408,9225,0.6,29.2,18,2/05/2002,11.2
3409,9225,2.2,23.1,19.2,3/05/2002,3.9
3410,9225,0.6,24,11.8,4/05/2002,12.2
3411,9225,0,28,11.7,5/05/2002,16.3
3412,9225,20.8,20.2,17,6/05/2002,3.2
3413,9225,4.4,21.3,15.1,7/05/2002,6.2
3414,9225,10.6,21.7,16,8/05/2002,5.7
3415,9225,6.2,22.7,12.5,9/05/2002,10.2
3416,9225,1.8,23,14.8,10/05/2002,8.2
3417,9225,15,18.6,14.6,11/05/2002,4
3418,9225,0.8,19.4,9.5,12/05/2002,9.9
3419,9225,0.4,19.4,6.9,13/05/2002,12.5
3420,9225,1.8,21.8,11.2,14/05/2002,10.6
3421,9225,0.2,22.4,9.7,15/05/2002,12.7
3422,9225,0,22.3,10.3,16/05/2002,12
3423,9225,0,20.3,13.3,17/05/2002,7
3424,9225,0,21.4,6.7,18/05/2002,14.7
3425,9225,0,23.3,9.7,19/05/2002,13.6
3426,9225,0,21,8.2,20/05/2002,12.8
3427,9225,0.4,19,10.2,21/05/2002,8.8
3428,9225,0,20.6,4.5,22/05/2002,16.1
3429,9225,0,22.9,5,23/05/2002,17.9
3430,9225,4.2,20.2,13,24/05/2002,7.2
3431,9225,0,24.2,6.1,25/05/2002,18.1
3432,9225,0,29,12,26/05/2002,17
3433,9225,0,23.6,11.3,27/05/2002,12.3
3434,9225,0,21.2,11.5,28/05/2002,9.7
3435,9225,0,20.5,7.5,29/05/2002,13
3436,9225,0,25.8,5.7,30/05/2002,20.1
3437,9225,0,26.7,6.2,31/05/2002,20.5
3438,9225,0,21,8.6,1/06/2002,12.4
3439,9225,3.8,18.7,14.4,2/06/2002,4.3
3440,9225,16.2,20.7,14.4,3/06/2002,6.3
3441,9225,53,18.9,12.6,4/06/2002,6.3
3442,9225,17,16.9,9.3,5/06/2002,7.6
3443,9225,12.2,18.3,10.5,6/06/2002,7.8
3444,9225,4.4,17.4,10.3,7/06/2002,7.1
3445,9225,0,18.4,7.3,8/06/2002,11.1
3446,9225,0,19.9,3.9,9/06/2002,16
3447,9225,0,21.8,4,10/06/2002,17.8
3448,9225,0,20.2,11.1,11/06/2002,9.1
3449,9225,0.2,20.3,8.3,12/06/2002,12
3450,9225,6.4,19.5,11,13/06/2002,8.5
3451,9225,8.2,18.4,13.8,14/06/2002,4.6
3452,9225,6.2,17.3,11.6,15/06/2002,5.7
3453,9225,0,17.7,5.7,16/06/2002,12
3454,9225,0,22.8,9.2,17/06/2002,13.6
3455,9225,0,19.5,12.1,18/06/2002,7.4
3456,9225,12.2,16.2,13.9,19/06/2002,2.3
3457,9225,1,17.8,4,20/06/2002,13.8
3458,9225,0,15.6,8.8,21/06/2002,6.8
3459,9225,9.2,17.4,5.5,22/06/2002,11.9
3460,9225,0,19.4,4.9,23/06/2002,14.5
3461,9225,0,20.3,8.9,24/06/2002,11.4
3462,9225,0.6,20.4,7.9,25/06/2002,12.5
3463,9225,2.4,20.5,12.3,26/06/2002,8.2
3464,9225,0.4,17.8,10.4,27/06/2002,7.4
3465,9225,0,23.8,12.4,28/06/2002,11.4
3466,9225,30.4,18.8,14.1,29/06/2002,4.7
3467,9225,0,20.4,6.8,30/06/2002,13.6
3468,9225,7.8,18,12.1,1/07/2002,5.9
3469,9225,6.6,18.7,10.7,2/07/2002,8
3470,9225,0,19.8,9.8,3/07/2002,10
3471,9225,2.4,21.2,13.8,4/07/2002,7.4
3472,9225,5.8,18.4,8.3,5/07/2002,10.1
3473,9225,0,21.2,4,6/07/2002,17.2
3474,9225,5.2,18.6,10,7/07/2002,8.6
3475,9225,6.6,17.8,12.4,8/07/2002,5.4
3476,9225,1.6,18,6.7,9/07/2002,11.3
3477,9225,4.6,19.4,10.4,10/07/2002,9
3478,9225,7.6,17.4,11,11/07/2002,6.4
3479,9225,12.2,14.5,8.9,12/07/2002,5.6
3480,9225,4,15.9,5.3,13/07/2002,10.6
3481,9225,4.4,18.7,10.2,14/07/2002,8.5
3482,9225,7.2,18.9,12,15/07/2002,6.9
3483,9225,0,20.5,7,16/07/2002,13.5
3484,9225,0,24.5,8,17/07/2002,16.5
3485,9225,0,17.8,13,18/07/2002,4.8
3486,9225,18.2,18.4,9.2,19/07/2002,9.2
3487,9225,0,21.1,9.8,20/07/2002,11.3
3488,9225,0,19.9,12.9,21/07/2002,7
3489,9225,0,19.1,9.1,22/07/2002,10
3490,9225,0,20.5,5,23/07/2002,15.5
3491,9225,5.4,17.4,10.7,24/07/2002,6.7
3492,9225,9.2,18.4,13.4,25/07/2002,5
3493,9225,2.8,18.8,13.5,26/07/2002,5.3
3494,9225,2.6,14.6,9.6,27/07/2002,5
3495,9225,0,16.4,0.9,28/07/2002,15.5
3496,9225,0,20.1,2.9,29/07/2002,17.2
3497,9225,4.6,19.5,8.7,30/07/2002,10.8
3498,9225,1,16.9,8.9,31/07/2002,8
3499,9225,2.6,17.1,8.9,1/08/2002,8.2
3500,9225,0,17,9,2/08/2002,8
3501,9225,0.2,16.8,9.6,3/08/2002,7.2
3502,9225,6,16.2,11.9,4/08/2002,4.3
3503,9225,7.8,16.8,9.9,5/08/2002,6.9
3504,9225,2.2,18.6,11,6/08/2002,7.6
3505,9225,0,21.5,8.2,7/08/2002,13.3
3506,9225,0,20.8,6.6,8/08/2002,14.2
3507,9225,15.8,17.3,12,9/08/2002,5.3
3508,9225,7.4,15.7,9.2,10/08/2002,6.5
3509,9225,0.4,15.6,5,11/08/2002,10.6
3510,9225,0,17.3,2.2,12/08/2002,15.1
3511,9225,0,18.9,1.4,13/08/2002,17.5
3512,9225,0,20.4,2.4,14/08/2002,18
3513,9225,6.8,15.3,8.4,15/08/2002,6.9
3514,9225,0,17.7,6.4,16/08/2002,11.3
3515,9225,0,19.1,6.2,17/08/2002,12.9
3516,9225,0,21.4,5,18/08/2002,16.4
3517,9225,0,20.4,3.7,19/08/2002,16.7
3518,9225,0,20.3,4.6,20/08/2002,15.7
3519,9225,0,20.1,6.2,21/08/2002,13.9
3520,9225,0,18.8,5.4,22/08/2002,13.4
3521,9225,0,19.3,4.1,23/08/2002,15.2
3522,9225,0,25.3,3.3,24/08/2002,22
3523,9225,7.2,18.7,12.7,25/08/2002,6
3524,9225,4.8,18.9,11.7,26/08/2002,7.2
3525,9225,9.2,17.1,7.6,27/08/2002,9.5
3526,9225,0,18.5,4.4,28/08/2002,14.1
3527,9225,0,18,6.5,29/08/2002,11.5
3528,9225,6.6,18.5,6.4,30/08/2002,12.1
3529,9225,4.2,19.7,10.8,31/08/2002,8.9
3530,9225,34.4,15.9,13.7,1/09/2002,2.2
3531,9225,7.2,17.6,11.7,2/09/2002,5.9
3532,9225,2.6,18.5,13.4,3/09/2002,5.1
3533,9225,0,17.3,9.8,4/09/2002,7.5
3534,9225,1.4,17.1,12,5/09/2002,5.1
3535,9225,0.2,18.7,12.6,6/09/2002,6.1
3536,9225,0,20.2,6.4,7/09/2002,13.8
3537,9225,0,19.1,4.8,8/09/2002,14.3
3538,9225,0,20.8,5.5,9/09/2002,15.3
3539,9225,0,24.1,6.7,10/09/2002,17.4
3540,9225,0,18.3,10.2,11/09/2002,8.1
3541,9225,0.4,20.1,8.9,12/09/2002,11.2
3542,9225,0.8,21.6,12.3,13/09/2002,9.3
3543,9225,0.4,21,11.2,14/09/2002,9.8
3544,9225,30,15.2,8.1,15/09/2002,7.1
3545,9225,0,17.1,2,16/09/2002,15.1
3546,9225,0,20.8,6,17/09/2002,14.8
3547,9225,0,25.1,5.2,18/09/2002,19.9
3548,9225,0,20.2,9.4,19/09/2002,10.8
3549,9225,0,20.8,12.8,20/09/2002,8
3550,9225,0,19,12.5,21/09/2002,6.5
3551,9225,0,19.6,12.2,22/09/2002,7.4
3552,9225,2.4,16.7,11.7,23/09/2002,5
3553,9225,4,17.1,10.5,24/09/2002,6.6
3554,9225,0.8,17.7,3.5,25/09/2002,14.2
3555,9225,1,19,8.3,26/09/2002,10.7
3556,9225,0,20.8,6,27/09/2002,14.8
3557,9225,0,24.3,7.9,28/09/2002,16.4
3558,9225,0,27,6.8,29/09/2002,20.2
3559,9225,0,22.1,6.4,30/09/2002,15.7
3560,9225,0,17.5,10.7,1/10/2002,6.8
3561,9225,0,19.8,5.7,2/10/2002,14.1
3562,9225,0,23.3,9.1,3/10/2002,14.2
3563,9225,0,29.1,10.1,4/10/2002,19
3564,9225,10.8,17.9,11,5/10/2002,6.9
3565,9225,14.6,16.8,11.3,6/10/2002,5.5
3566,9225,1.8,17.3,11.6,7/10/2002,5.7
3567,9225,0,19.1,11.9,8/10/2002,7.2
3568,9225,0,22.3,5.4,9/10/2002,16.9
3569,9225,0,19.7,6.9,10/10/2002,12.8
3570,9225,0,19.1,13.6,11/10/2002,5.5
3571,9225,0.2,20.4,7.5,12/10/2002,12.9
3572,9225,0,23.6,7.6,13/10/2002,16
3573,9225,0,22.1,9.6,14/10/2002,12.5
3574,9225,0,22.5,9.3,15/10/2002,13.2
3575,9225,0,23.3,15.2,16/10/2002,8.1
3576,9225,0,22.9,17.9,17/10/2002,5
3577,9225,8.2,20.3,13.1,18/10/2002,7.2
3578,9225,0.4,21.5,8.6,19/10/2002,12.9
3579,9225,0,23,11.2,20/10/2002,11.8
3580,9225,0,23.8,9,21/10/2002,14.8
3581,9225,0,31.2,13.4,22/10/2002,17.8
3582,9225,0,22.6,18,23/10/2002,4.6
3583,9225,0,22.5,14.3,24/10/2002,8.2
3584,9225,0,26.8,12.9,25/10/2002,13.9
3585,9225,0,30.7,14.7,26/10/2002,16
3586,9225,0,21.2,16.6,27/10/2002,4.6
3587,9225,5.8,20.9,14.7,28/10/2002,6.2
3588,9225,0.4,22.1,12.9,29/10/2002,9.2
3589,9225,0,26.3,12.1,30/10/2002,14.2
3590,9225,0,20.4,12,31/10/2002,8.4
3591,9225,22.8,17.7,9.6,1/11/2002,8.1
3592,9225,1,20.7,11,2/11/2002,9.7
3593,9225,0,26.5,7.5,3/11/2002,19
3594,9225,0,26.7,12.4,4/11/2002,14.3
3595,9225,0,25.7,11.9,5/11/2002,13.8
3596,9225,0,22.2,13.9,6/11/2002,8.3
3597,9225,0,23.9,10.9,7/11/2002,13
3598,9225,0,28.9,11.7,8/11/2002,17.2
3599,9225,0,32.8,14.8,9/11/2002,18
3600,9225,0,30.1,16.9,10/11/2002,13.2
3601,9225,0,21.6,16.2,11/11/2002,5.4
3602,9225,0,22.9,10.1,12/11/2002,12.8
3603,9225,0,29.5,9.4,13/11/2002,20.1
3604,9225,0,37.9,14,14/11/2002,23.9
3605,9225,0,28.1,21.4,15/11/2002,6.7
3606,9225,0,21.6,15,16/11/2002,6.6
3607,9225,0,25.5,12.9,17/11/2002,12.6
3608,9225,0,24.1,14.1,18/11/2002,10
3609,9225,0,27.4,11.8,19/11/2002,15.6
3610,9225,0,30.1,13.1,20/11/2002,17
3611,9225,0,32,16.5,21/11/2002,15.5
3612,9225,2,28.7,21.2,22/11/2002,7.5
3613,9225,0,24.8,18.1,23/11/2002,6.7
3614,9225,0,22.5,13,24/11/2002,9.5
3615,9225,0,23.4,13.2,25/11/2002,10.2
3616,9225,0,28.4,12.6,26/11/2002,15.8
3617,9225,0,33.3,12.9,27/11/2002,20.4
3618,9225,0,26.1,16.8,28/11/2002,9.3
3619,9225,0,28.4,14.9,29/11/2002,13.5
3620,9225,0,27.2,12.6,30/11/2002,14.6
3621,9225,0,20.8,14.1,1/12/2002,6.7
3622,9225,0,20.3,8.4,2/12/2002,11.9
3623,9225,0,24.1,11.3,3/12/2002,12.8
3624,9225,0,29.8,11.4,4/12/2002,18.4
3625,9225,0.2,32,15.9,5/12/2002,16.1
3626,9225,0.2,31,17.8,6/12/2002,13.2
3627,9225,0,27.9,16.4,7/12/2002,11.5
3628,9225,0,27.8,15,8/12/2002,12.8
3629,9225,0,29.4,13.3,9/12/2002,16.1
3630,9225,0,34.4,16.9,10/12/2002,17.5
3631,9225,0,39.3,17.6,11/12/2002,21.7
3632,9225,0,38.6,17.7,12/12/2002,20.9
3633,9225,0,24.7,17.4,13/12/2002,7.3
3634,9225,0,24.7,14.2,14/12/2002,10.5
3635,9225,0,25.8,14.2,15/12/2002,11.6
3636,9225,0,27.2,16.7,16/12/2002,10.5
3637,9225,0,30.2,16,17/12/2002,14.2
3638,9225,0,35.6,18.6,18/12/2002,17
3639,9225,0,40.2,21.2,19/12/2002,19
3640,9225,0,40.7,24.7,20/12/2002,16
3641,9225,0,30.8,20.1,21/12/2002,10.7
3642,9225,0,37.7,18.7,22/12/2002,19
3643,9225,0,37.2,25,23/12/2002,12.2
3644,9225,0,34.8,25,24/12/2002,9.8
3645,9225,0,33.2,22,25/12/2002,11.2
3646,9225,0,34,22.4,26/12/2002,11.6
3647,9225,0,28,22.2,27/12/2002,5.8
3648,9225,0,27,20.9,28/12/2002,6.1
3649,9225,0.6,23.4,18.1,29/12/2002,5.3
3650,9225,2.8,25.1,12.9,30/12/2002,12.2
3651,9225,0,26.9,13.5,31/12/2002,13.4
3652,9225,0,33.1,13.1,1/01/2003,20
3653,9225,0,36.4,18.4,2/01/2003,18
3654,9225,0,38.1,18.6,3/01/2003,19.5
3655,9225,0,26,20.1,4/01/2003,5.9
3656,9225,0,26.9,18.6,5/01/2003,8.3
3657,9225,0,29.6,18.1,6/01/2003,11.5
3658,9225,0,34,18,7/01/2003,16
3659,9225,0,35.8,15.7,8/01/2003,20.1
3660,9225,0,37.9,21.5,9/01/2003,16.4
3661,9225,0,36.5,22.1,10/01/2003,14.4
3662,9225,0,25.7,18.8,11/01/2003,6.9
3663,9225,0.4,22,17.8,12/01/2003,4.2
3664,9225,0,29.4,13,13/01/2003,16.4
3665,9225,0,32.3,15.1,14/01/2003,17.2
3666,9225,0,35.7,16.6,15/01/2003,19.1
3667,9225,0,35,16.4,16/01/2003,18.6
3668,9225,0,28.4,19,17/01/2003,9.4
3669,9225,0,32.2,17.8,18/01/2003,14.4
3670,9225,0,25.8,19.1,19/01/2003,6.7
3671,9225,0.2,27.9,12.7,20/01/2003,15.2
3672,9225,0,36.6,15.8,21/01/2003,20.8
3673,9225,0,29.9,17.9,22/01/2003,12
3674,9225,0,25.1,18.3,23/01/2003,6.8
3675,9225,0.6,24,17.4,24/01/2003,6.6
3676,9225,0.2,25.4,12.6,25/01/2003,12.8
3677,9225,0,34.9,15.6,26/01/2003,19.3
3678,9225,0,36.6,19.2,27/01/2003,17.4
3679,9225,0,31.2,20.4,28/01/2003,10.8
3680,9225,0,23.2,15.8,29/01/2003,7.4
3681,9225,0,28.3,13.7,30/01/2003,14.6
3682,9225,0,33.7,14.9,31/01/2003,18.8
3683,9225,0,35.6,17,1/02/2003,18.6
3684,9225,9.8,22.2,19.7,2/02/2003,2.5
3685,9225,0.2,23.2,10.3,3/02/2003,12.9
3686,9225,0,26.3,12,4/02/2003,14.3
3687,9225,0,34,14.6,5/02/2003,19.4
3688,9225,0,29.2,16,6/02/2003,13.2
3689,9225,0,36.2,17.7,7/02/2003,18.5
3690,9225,0,39.7,21.6,8/02/2003,18.1
3691,9225,0,41,24.4,9/02/2003,16.6
3692,9225,0,33.6,20.7,10/02/2003,12.9
3693,9225,0,25.2,20.6,11/02/2003,4.6
3694,9225,0,28.2,18.5,12/02/2003,9.7
3695,9225,0,31.7,19.6,13/02/2003,12.1
3696,9225,0,31.7,19.8,14/02/2003,11.9
3697,9225,0,30.6,19,15/02/2003,11.6
3698,9225,0,27.8,21.5,16/02/2003,6.3
3699,9225,0.6,28.6,17.1,17/02/2003,11.5
3700,9225,0,28.9,18.3,18/02/2003,10.6
3701,9225,0,27.9,19.9,19/02/2003,8
3702,9225,0,27.4,17.7,20/02/2003,9.7
3703,9225,0,34,18.9,21/02/2003,15.1
3704,9225,0.4,26.5,21.1,22/02/2003,5.4
3705,9225,0,29.1,15.4,23/02/2003,13.7
3706,9225,0,31.8,13.5,24/02/2003,18.3
3707,9225,0,33.8,17.6,25/02/2003,16.2
3708,9225,0,33.3,18.5,26/02/2003,14.8
3709,9225,0,29.8,17.9,27/02/2003,11.9
3710,9225,0,30,15.3,28/02/2003,14.7
3711,9225,0,30.1,17.2,1/03/2003,12.9
3712,9225,0,31.5,17.8,2/03/2003,13.7
3713,9225,0,31.7,17.6,3/03/2003,14.1
3714,9225,0,32.1,17.6,4/03/2003,14.5
3715,9225,0,33.1,18.1,5/03/2003,15
3716,9225,0,34.7,15.1,6/03/2003,19.6
3717,9225,0,38.1,20.4,7/03/2003,17.7
3718,9225,0,40,24.5,8/03/2003,15.5
3719,9225,4.2,40.8,21.7,9/03/2003,19.1
3720,9225,0,42,21.2,10/03/2003,20.8
3721,9225,0,30.3,21.7,11/03/2003,8.6
3722,9225,0.4,29.3,19.1,12/03/2003,10.2
3723,9225,0,33.1,18.4,13/03/2003,14.7
3724,9225,0,33.6,19.7,14/03/2003,13.9
3725,9225,0,28.2,17,15/03/2003,11.2
3726,9225,0,25.7,16.9,16/03/2003,8.8
3727,9225,0,23.4,14.9,17/03/2003,8.5
3728,9225,0.2,23.5,15.4,18/03/2003,8.1
3729,9225,0,26.7,13.2,19/03/2003,13.5
3730,9225,0,33.7,14.8,20/03/2003,18.9
3731,9225,10.8,33.4,17.2,21/03/2003,16.2
3732,9225,0.6,27.9,19.6,22/03/2003,8.3
3733,9225,0,25.2,15.1,23/03/2003,10.1
3734,9225,0,22.8,14.1,24/03/2003,8.7
3735,9225,0,26.6,10.3,25/03/2003,16.3
3736,9225,0,27.5,13.1,26/03/2003,14.4
3737,9225,0,30.3,14.8,27/03/2003,15.5
3738,9225,0,26.8,16.8,28/03/2003,10
3739,9225,0,26,17.2,29/03/2003,8.8
3740,9225,39,21.8,17.6,30/03/2003,4.2
3741,9225,6.2,24.7,13.5,31/03/2003,11.2
3742,9225,0,23.7,16.6,1/04/2003,7.1
3743,9225,0,29.2,15,2/04/2003,14.2
3744,9225,0,31.9,17.7,3/04/2003,14.2
3745,9225,0,32.6,19.6,4/04/2003,13
3746,9225,0,29.8,20.6,5/04/2003,9.2
3747,9225,0,26.2,16.7,6/04/2003,9.5
3748,9225,0,24.3,14.6,7/04/2003,9.7
3749,9225,0,25.2,12.2,8/04/2003,13
3750,9225,0,29.1,16,9/04/2003,13.1
3751,9225,0,24.5,15.6,10/04/2003,8.9
3752,9225,10.4,22.2,16,11/04/2003,6.2
3753,9225,27,20.3,11.2,12/04/2003,9.1
3754,9225,4.6,20.5,9.3,13/04/2003,11.2
3755,9225,0,21.5,11.5,14/04/2003,10
3756,9225,0,25.5,10.7,15/04/2003,14.8
3757,9225,0,26.6,13.2,16/04/2003,13.4
3758,9225,0,25.8,14.8,17/04/2003,11
3759,9225,0.4,24.3,14.3,18/04/2003,10
3760,9225,0,27.2,15.7,19/04/2003,11.5
3761,9225,0,29.2,15.5,20/04/2003,13.7
3762,9225,0,26.2,17.3,21/04/2003,8.9
3763,9225,1,33,18.6,22/04/2003,14.4
3764,9225,0,26.4,17.9,23/04/2003,8.5
3765,9225,0.8,20.2,19.1,24/04/2003,1.1
3766,9225,3,23.9,11.6,25/04/2003,12.3
3767,9225,1.8,20.8,10.8,26/04/2003,10
3768,9225,0,20.2,7.5,27/04/2003,12.7
3769,9225,0,22.5,5.7,28/04/2003,16.8
3770,9225,0,24.9,7.7,29/04/2003,17.2
3771,9225,0,29.6,14.3,30/04/2003,15.3
3772,9225,0,32.7,17.6,1/05/2003,15.1
3773,9225,0,30.3,11.5,2/05/2003,18.8
3774,9225,0,29.1,9.5,3/05/2003,19.6
3775,9225,0,27.5,10.6,4/05/2003,16.9
3776,9225,0,29.6,14.5,5/05/2003,15.1
3777,9225,0,29.7,17,6/05/2003,12.7
3778,9225,0,25.2,12.3,7/05/2003,12.9
3779,9225,0,22.6,14.7,8/05/2003,7.9
3780,9225,2.4,23.1,14.6,9/05/2003,8.5
3781,9225,0,25.2,9.9,10/05/2003,15.3
3782,9225,0,27.2,10.2,11/05/2003,17
3783,9225,5.8,20.3,17.3,12/05/2003,3
3784,9225,6.2,22.3,14.6,13/05/2003,7.7
3785,9225,0,23.9,15.9,14/05/2003,8
3786,9225,4,21.2,14.7,15/05/2003,6.5
3787,9225,16.8,21.6,15.4,16/05/2003,6.2
3788,9225,19.6,18.2,14.5,17/05/2003,3.7
3789,9225,6.2,19,11.5,18/05/2003,7.5
3790,9225,0.2,18.3,4.8,19/05/2003,13.5
3791,9225,0,23.8,7.5,20/05/2003,16.3
3792,9225,15,21.8,15.8,21/05/2003,6
3793,9225,7.2,21.3,13.6,22/05/2003,7.7
3794,9225,0.6,22.6,10.5,23/05/2003,12.1
3795,9225,0,22.9,6.4,24/05/2003,16.5
3796,9225,0,24.3,7.9,25/05/2003,16.4
3797,9225,0,25.9,12.8,26/05/2003,13.1
3798,9225,0,24.2,15.4,27/05/2003,8.8
3799,9225,0,25.8,9.2,28/05/2003,16.6
3800,9225,0,25.1,8.4,29/05/2003,16.7
3801,9225,4,20.3,16,30/05/2003,4.3
3802,9225,4.6,17.9,9.4,31/05/2003,8.5
3803,9225,3.2,19.9,9.6,1/06/2003,10.3
3804,9225,13.2,16.8,12,2/06/2003,4.8
3805,9225,6,17.3,10.5,3/06/2003,6.8
3806,9225,3,17.4,10.3,4/06/2003,7.1
3807,9225,6.6,18.3,8,5/06/2003,10.3
3808,9225,7.6,18.7,9.7,6/06/2003,9
3809,9225,0,20.2,5.3,7/06/2003,14.9
3810,9225,0,20,3.4,8/06/2003,16.6
3811,9225,0,20.9,2.7,9/06/2003,18.2
3812,9225,2.6,17.1,7.6,10/06/2003,9.5
3813,9225,2,15.8,7.5,11/06/2003,8.3
3814,9225,0,16.8,2.1,12/06/2003,14.7
3815,9225,0,18,4.6,13/06/2003,13.4
3816,9225,0,18.1,1.6,14/06/2003,16.5
3817,9225,0,18.6,4.4,15/06/2003,14.2
3818,9225,0,19.6,7.5,16/06/2003,12.1
3819,9225,0,21.8,3.7,17/06/2003,18.1
3820,9225,0,22.1,3.6,18/06/2003,18.5
3821,9225,0,21.3,1.2,19/06/2003,20.1
3822,9225,0,21.2,2.5,20/06/2003,18.7
3823,9225,0,20.9,4.5,21/06/2003,16.4
3824,9225,2.4,17.8,10.6,22/06/2003,7.2
3825,9225,20.6,21.5,11.6,23/06/2003,9.9
3826,9225,0,22.9,11.4,24/06/2003,11.5
3827,9225,20,21.8,15.2,25/06/2003,6.6
3828,9225,27.4,19.9,14.3,26/06/2003,5.6
3829,9225,9.6,19.4,11.8,27/06/2003,7.6
3830,9225,6.2,16.9,12.9,28/06/2003,4
3831,9225,9.6,13.9,8.6,29/06/2003,5.3
3832,9225,33.4,17.4,6.6,30/06/2003,10.8
3833,9225,8.8,17.2,6.8,1/07/2003,10.4
3834,9225,1,19.1,8.9,2/07/2003,10.2
3835,9225,11,19.8,12.9,3/07/2003,6.9
3836,9225,4,19.3,11.3,4/07/2003,8
3837,9225,14.8,18.1,12.5,5/07/2003,5.6
3838,9225,7,17.5,12.5,6/07/2003,5
3839,9225,0.4,18.8,7,7/07/2003,11.8
3840,9225,0,19,9.7,8/07/2003,9.3
3841,9225,8.2,17.5,13.3,9/07/2003,4.2
3842,9225,18.2,20.4,14.2,10/07/2003,6.2
3843,9225,14.4,15.7,9.8,11/07/2003,5.9
3844,9225,0,17.9,5.9,12/07/2003,12
3845,9225,0,20.6,4.4,13/07/2003,16.2
3846,9225,19,12.5,11.5,14/07/2003,1
3847,9225,9.4,15.6,2.6,15/07/2003,13
3848,9225,0,16.1,4.2,16/07/2003,11.9
3849,9225,0,16.8,2.1,17/07/2003,14.7
3850,9225,0,18.2,2,18/07/2003,16.2
3851,9225,0,19.9,1.2,19/07/2003,18.7
3852,9225,4.6,16,6.8,20/07/2003,9.2
3853,9225,0,17.1,7.7,21/07/2003,9.4
3854,9225,4,15.2,11.4,22/07/2003,3.8
3855,9225,0,15.4,5.6,23/07/2003,9.8
3856,9225,0,17.2,9.7,24/07/2003,7.5
3857,9225,0,17.8,4,25/07/2003,13.8
3858,9225,0.4,18.9,6.2,26/07/2003,12.7
3859,9225,5,18,9.9,27/07/2003,8.1
3860,9225,0.6,18.5,10,28/07/2003,8.5
3861,9225,0,19.4,8.9,29/07/2003,10.5
3862,9225,14.2,19.3,13.4,30/07/2003,5.9
3863,9225,1,18.9,11.7,31/07/2003,7.2
3864,9225,8.2,19.6,12.8,1/08/2003,6.8
3865,9225,0,19.4,9.8,2/08/2003,9.6
3866,9225,23.2,16.3,13.2,3/08/2003,3.1
3867,9225,1.4,15.8,10.7,4/08/2003,5.1
3868,9225,8.4,16.9,8.6,5/08/2003,8.3
3869,9225,0,18.2,5.3,6/08/2003,12.9
3870,9225,0.2,18.2,6.1,7/08/2003,12.1
3871,9225,0,19.7,4.1,8/08/2003,15.6
3872,9225,0,18.6,2.9,9/08/2003,15.7
3873,9225,0,18.3,3.6,10/08/2003,14.7
3874,9225,45.8,16.1,8.6,11/08/2003,7.5
3875,9225,2.2,17,6.4,12/08/2003,10.6
3876,9225,0,17.4,3.6,13/08/2003,13.8
3877,9225,0,19.7,2.4,14/08/2003,17.3
3878,9225,0,19.7,7.7,15/08/2003,12
3879,9225,4.8,18.9,11.2,16/08/2003,7.7
3880,9225,0,19.8,10.4,17/08/2003,9.4
3881,9225,0,21.3,4.5,18/08/2003,16.8
3882,9225,1.4,16.8,9.6,19/08/2003,7.2
3883,9225,4.6,16.8,11.2,20/08/2003,5.6
3884,9225,0.6,17,9.6,21/08/2003,7.4
3885,9225,37.6,14.3,6.7,22/08/2003,7.6
3886,9225,3.8,17.1,7.7,23/08/2003,9.4
3887,9225,0,17.3,11.8,24/08/2003,5.5
3888,9225,2,17.9,8.5,25/08/2003,9.4
3889,9225,0,20.7,4.8,26/08/2003,15.9
3890,9225,0,20.8,4.3,27/08/2003,16.5
3891,9225,0,18.8,7.6,28/08/2003,11.2
3892,9225,0.8,16.9,9.6,29/08/2003,7.3
3893,9225,0,18.2,3,30/08/2003,15.2
3894,9225,0,20.1,4.2,31/08/2003,15.9
3895,9225,0,23.3,7.5,1/09/2003,15.8
3896,9225,0,24.9,9,2/09/2003,15.9
3897,9225,0,26.5,9.8,3/09/2003,16.7
3898,9225,9.2,19.2,7.3,4/09/2003,11.9
3899,9225,0,18.6,7.6,5/09/2003,11
3900,9225,0,19.6,4.7,6/09/2003,14.9
3901,9225,0.6,16.6,8.4,7/09/2003,8.2
3902,9225,5.2,18,10.8,8/09/2003,7.2
3903,9225,8.8,18,8,9/09/2003,10
3904,9225,3.6,16.3,11,10/09/2003,5.3
3905,9225,12.2,16.7,9.5,11/09/2003,7.2
3906,9225,3.6,18.1,12,12/09/2003,6.1
3907,9225,1.6,17.4,10.5,13/09/2003,6.9
3908,9225,0,18.7,10.4,14/09/2003,8.3
3909,9225,0,20.7,5.2,15/09/2003,15.5
3910,9225,0,20.5,8.5,16/09/2003,12
3911,9225,0,19.9,8.3,17/09/2003,11.6
3912,9225,0,19.3,9,18/09/2003,10.3
3913,9225,0.2,20.4,8.9,19/09/2003,11.5
3914,9225,8.2,18.2,13,20/09/2003,5.2
3915,9225,0.2,19.5,11.6,21/09/2003,7.9
3916,9225,9.6,17.1,10.3,22/09/2003,6.8
3917,9225,9.2,17.1,10.3,23/09/2003,6.8
3918,9225,4,18.2,12.9,24/09/2003,5.3
3919,9225,5,18.7,12.3,25/09/2003,6.4
3920,9225,0.2,22.1,5.2,26/09/2003,16.9
3921,9225,0,25.6,9.2,27/09/2003,16.4
3922,9225,0,26.8,14.2,28/09/2003,12.6
3923,9225,14.4,17.7,11.7,29/09/2003,6
3924,9225,6.2,19.5,9.3,30/09/2003,10.2
3925,9225,0,20.1,10.4,1/10/2003,9.7
3926,9225,0,22,10.7,2/10/2003,11.3
3927,9225,0,23,11.5,3/10/2003,11.5
3928,9225,0,22.4,10.7,4/10/2003,11.7
3929,9225,0.2,21.5,8.6,5/10/2003,12.9
3930,9225,0,22.5,7.7,6/10/2003,14.8
3931,9225,0,22.8,7.9,7/10/2003,14.9
3932,9225,0,25.9,11.7,8/10/2003,14.2
3933,9225,0,28.9,12.1,9/10/2003,16.8
3934,9225,0,31.7,19.3,10/10/2003,12.4
3935,9225,0,22.7,16,11/10/2003,6.7
3936,9225,0,21.7,13.5,12/10/2003,8.2
3937,9225,14.6,18.1,11.8,13/10/2003,6.3
3938,9225,7.8,19.3,7.7,14/10/2003,11.6
3939,9225,0.2,20.2,9.3,15/10/2003,10.9
3940,9225,0,20.9,5.9,16/10/2003,15
3941,9225,1,19.8,10.3,17/10/2003,9.5
3942,9225,0.2,18.1,4.3,18/10/2003,13.8
3943,9225,0,20.2,8.4,19/10/2003,11.8
3944,9225,0,20.7,13.3,20/10/2003,7.4
3945,9225,0,22.6,12.6,21/10/2003,10
3946,9225,0,22.9,12.1,22/10/2003,10.8
3947,9225,0,23,10.7,23/10/2003,12.3
3948,9225,0,24.2,13.2,24/10/2003,11
3949,9225,0,27.8,13.3,25/10/2003,14.5
3950,9225,0,23.5,14.8,26/10/2003,8.7
3951,9225,24.4,19.8,13.7,27/10/2003,6.1
3952,9225,0,20.4,10.5,28/10/2003,9.9
3953,9225,0,18.7,9.6,29/10/2003,9.1
3954,9225,0,18.7,8.4,30/10/2003,10.3
3955,9225,0,22.6,11.3,31/10/2003,11.3
3956,9225,0,26.3,10.6,1/11/2003,15.7
3957,9225,0,29.8,14,2/11/2003,15.8
3958,9225,0,30.4,11.3,3/11/2003,19.1
3959,9225,0,23.7,12.9,4/11/2003,10.8
3960,9225,0,25.4,13.1,5/11/2003,12.3
3961,9225,0,26.5,11.7,6/11/2003,14.8
3962,9225,0,35.6,12.6,7/11/2003,23
3963,9225,0,31.3,17.5,8/11/2003,13.8
3964,9225,0,31.1,14.2,9/11/2003,16.9
3965,9225,0,34.5,15.3,10/11/2003,19.2
3966,9225,0,40.3,17.1,11/11/2003,23.2
3967,9225,0,36.2,23.4,12/11/2003,12.8
3968,9225,0,23.5,18.9,13/11/2003,4.6
3969,9225,0,27.5,15.4,14/11/2003,12.1
3970,9225,0,26.5,15.3,15/11/2003,11.2
3971,9225,0,30.3,17.5,16/11/2003,12.8
3972,9225,1.6,21.5,16.1,17/11/2003,5.4
3973,9225,7.4,19,10.7,18/11/2003,8.3
3974,9225,5,19.9,11.2,19/11/2003,8.7
3975,9225,0.4,23.6,13,20/11/2003,10.6
3976,9225,0,28.3,11.3,21/11/2003,17
3977,9225,0,33.3,15,22/11/2003,18.3
3978,9225,0,24.9,21.2,23/11/2003,3.7
3979,9225,0,20.8,17.1,24/11/2003,3.7
3980,9225,3.2,22.8,16,25/11/2003,6.8
3981,9225,0,24,13.2,26/11/2003,10.8
3982,9225,0.2,25.4,14,27/11/2003,11.4
3983,9225,0,31,15.5,28/11/2003,15.5
3984,9225,0,27.6,16.9,29/11/2003,10.7
3985,9225,0,26.3,15.4,30/11/2003,10.9
3986,9225,0,26.1,15.7,1/12/2003,10.4
3987,9225,0,25.4,15.7,2/12/2003,9.7
3988,9225,0,28.1,15.3,3/12/2003,12.8
3989,9225,0,31.7,13.2,4/12/2003,18.5
3990,9225,0,31.8,16.6,5/12/2003,15.2
3991,9225,1.4,31,18,6/12/2003,13
3992,9225,0,27,17.6,7/12/2003,9.4
3993,9225,0,22.9,17.4,8/12/2003,5.5
3994,9225,0,22,10.8,9/12/2003,11.2
3995,9225,0,24.1,10.8,10/12/2003,13.3
3996,9225,0,24.3,13.5,11/12/2003,10.8
3997,9225,0,25.7,13.1,12/12/2003,12.6
3998,9225,0,33.9,14.3,13/12/2003,19.6
3999,9225,0,24.7,17.7,14/12/2003,7
4000,9225,0,24.3,14.8,15/12/2003,9.5
4001,9225,0,29.5,14.8,16/12/2003,14.7
4002,9225,0,34.7,18.4,17/12/2003,16.3
4003,9225,3.2,21.9,19.3,18/12/2003,2.6
4004,9225,0,27.1,17.7,19/12/2003,9.4
4005,9225,0,24.3,16.9,20/12/2003,7.4
4006,9225,0,29.9,13.6,21/12/2003,16.3
4007,9225,0,37.3,14,22/12/2003,23.3
4008,9225,0,28,16.7,23/12/2003,11.3
4009,9225,0,29.6,16.4,24/12/2003,13.2
4010,9225,0,32.7,17.6,25/12/2003,15.1
4011,9225,0,38.8,17.7,26/12/2003,21.1
4012,9225,0,36.5,24.6,27/12/2003,11.9
4013,9225,0.8,24.6,17.8,28/12/2003,6.8
4014,9225,0.2,23.5,11.2,29/12/2003,12.3
4015,9225,0,25.3,18.9,30/12/2003,6.4
4016,9225,0,29.1,15.7,31/12/2003,13.4
4017,9225,0,29.8,17.6,1/01/2004,12.2
4018,9225,0,28.5,16.5,2/01/2004,12
4019,9225,0,31.7,17.9,3/01/2004,13.8
4020,9225,0,35.4,17.8,4/01/2004,17.6
4021,9225,0,29.5,20.3,5/01/2004,9.2
4022,9225,0,28.7,17.8,6/01/2004,10.9
4023,9225,0,29.4,16.8,7/01/2004,12.6
4024,9225,0,32.6,15.4,8/01/2004,17.2
4025,9225,0,33.7,18.4,9/01/2004,15.3
4026,9225,0,37.7,19.6,10/01/2004,18.1
4027,9225,0,40.5,22.7,11/01/2004,17.8
4028,9225,0,34.7,17.8,12/01/2004,16.9
4029,9225,0,33.7,17.8,13/01/2004,15.9
4030,9225,0,33.9,17,14/01/2004,16.9
4031,9225,0,30.3,17.5,15/01/2004,12.8
4032,9225,0,31.5,17.4,16/01/2004,14.1
4033,9225,0,35.8,15.8,17/01/2004,20
4034,9225,0,26.8,17.3,18/01/2004,9.5
4035,9225,0,23.2,16.7,19/01/2004,6.5
4036,9225,0,23.9,14.3,20/01/2004,9.6
4037,9225,0,27.8,14.8,21/01/2004,13
4038,9225,0,32.8,16.1,22/01/2004,16.7
4039,9225,0,31.9,17.9,23/01/2004,14
4040,9225,0,29.9,17.9,24/01/2004,12
4041,9225,0,29.3,18.1,25/01/2004,11.2
4042,9225,0,34,19.6,26/01/2004,14.4
4043,9225,0,34.6,19.9,27/01/2004,14.7
4044,9225,0,29,19.3,28/01/2004,9.7
4045,9225,0,24.1,22,29/01/2004,2.1
4046,9225,0,27.7,19.7,30/01/2004,8
4047,9225,0,27.8,18.1,31/01/2004,9.7
4048,9225,0,31.1,15.8,1/02/2004,15.3
4049,9225,0,36.2,18.9,2/02/2004,17.3
4050,9225,0,40.6,19.6,3/02/2004,21
4051,9225,0,29.9,20.4,4/02/2004,9.5
4052,9225,0,30.4,19.1,5/02/2004,11.3
4053,9225,0,30.5,16.6,6/02/2004,13.9
4054,9225,0,30.7,17.3,7/02/2004,13.4
4055,9225,0,31.4,15.4,8/02/2004,16
4056,9225,0,28.2,16.6,9/02/2004,11.6
4057,9225,0,30.4,20.6,10/02/2004,9.8
4058,9225,0,32.3,18.3,11/02/2004,14
4059,9225,0,36.5,21.1,12/02/2004,15.4
4060,9225,0,25.9,21.6,13/02/2004,4.3
4061,9225,0,25.5,14.8,14/02/2004,10.7
4062,9225,0,36.2,15.4,15/02/2004,20.8
4063,9225,0,38.5,22.4,16/02/2004,16.1
4064,9225,0,41.5,27.7,17/02/2004,13.8
4065,9225,1.4,39.5,26.1,18/02/2004,13.4
4066,9225,0,28.4,24.8,19/02/2004,3.6
4067,9225,0.6,21.8,18.2,20/02/2004,3.6
4068,9225,0,27.5,15,21/02/2004,12.5
4069,9225,0,26.7,15.2,22/02/2004,11.5
4070,9225,0,30.5,14.8,23/02/2004,15.7
4071,9225,0,36,16.3,24/02/2004,19.7
4072,9225,0,33.3,21.9,25/02/2004,11.4
4073,9225,0,29.5,19.5,26/02/2004,10
4074,9225,0,28.2,18.5,27/02/2004,9.7
4075,9225,0,32.3,17.9,28/02/2004,14.4
4076,9225,0,38.6,19.5,29/02/2004,19.1
4077,9225,0,27.5,22.6,1/03/2004,4.9
4078,9225,0,25.3,12.4,2/03/2004,12.9
4079,9225,0,25.1,13.9,3/03/2004,11.2
4080,9225,0,25.3,13.1,4/03/2004,12.2
4081,9225,0,26.3,12.9,5/03/2004,13.4
4082,9225,0,27.3,13.3,6/03/2004,14
4083,9225,0,22.8,13.2,7/03/2004,9.6
4084,9225,0,23.7,7.9,8/03/2004,15.8
4085,9225,0,27.5,12,9/03/2004,15.5
4086,9225,0,29.4,15.5,10/03/2004,13.9
4087,9225,0,29.4,16,11/03/2004,13.4
4088,9225,0,31.6,13.8,12/03/2004,17.8
4089,9225,0,33.7,17.1,13/03/2004,16.6
4090,9225,0,32.3,15.8,14/03/2004,16.5
4091,9225,0,23.3,18.3,15/03/2004,5
4092,9225,0,24.3,13.8,16/03/2004,10.5
4093,9225,0,32,14.2,17/03/2004,17.8
4094,9225,0,33.7,16.3,18/03/2004,17.4
4095,9225,0,34.6,18.4,19/03/2004,16.2
4096,9225,0,34.2,18.2,20/03/2004,16
4097,9225,0,40,22.6,21/03/2004,17.4
4098,9225,0,41.4,22.1,22/03/2004,19.3
4099,9225,0,28.2,18.1,23/03/2004,10.1
4100,9225,0,25.5,17.5,24/03/2004,8
4101,9225,0,30.6,15.2,25/03/2004,15.4
4102,9225,0,37.5,19.6,26/03/2004,17.9
4103,9225,0,23.3,17.6,27/03/2004,5.7
4104,9225,0,25.6,11,28/03/2004,14.6
4105,9225,0,29.5,10.7,29/03/2004,18.8
4106,9225,0,26.8,15.3,30/03/2004,11.5
4107,9225,0,24.6,11.9,31/03/2004,12.7
4108,9225,0,26,11.9,1/04/2004,14.1
4109,9225,0,30,9.9,2/04/2004,20.1
4110,9225,0,31.7,13.1,3/04/2004,18.6
4111,9225,0,30.7,20.9,4/04/2004,9.8
4112,9225,0,22.7,17.4,5/04/2004,5.3
4113,9225,0,28.6,13.4,6/04/2004,15.2
4114,9225,0,31.4,16.3,7/04/2004,15.1
4115,9225,0,28.1,18.2,8/04/2004,9.9
4116,9225,1,24.7,16.1,9/04/2004,8.6
4117,9225,0,24.3,9.5,10/04/2004,14.8
4118,9225,0,25.2,12.6,11/04/2004,12.6
4119,9225,0,23.6,12.5,12/04/2004,11.1
4120,9225,3,21.3,15.2,13/04/2004,6.1
4121,9225,0.2,23.7,10.8,14/04/2004,12.9
4122,9225,0,25.7,10.8,15/04/2004,14.9
4123,9225,0,31.1,11.3,16/04/2004,19.8
4124,9225,0,28.1,16,17/04/2004,12.1
4125,9225,0.6,23.7,19.4,18/04/2004,4.3
4126,9225,0,22.1,11.5,19/04/2004,10.6
4127,9225,2.6,23.5,12.8,20/04/2004,10.7
4128,9225,0,23.6,17.6,21/04/2004,6
4129,9225,4.6,22,8.8,22/04/2004,13.2
4130,9225,0,29.6,13.2,23/04/2004,16.4
4131,9225,0,30.7,18,24/04/2004,12.7
4132,9225,0,30.7,19.6,25/04/2004,11.1
4133,9225,0,30.1,15.3,26/04/2004,14.8
4134,9225,0,29.9,12.2,27/04/2004,17.7
4135,9225,0,29.8,10.9,28/04/2004,18.9
4136,9225,0,27.6,12.5,29/04/2004,15.1
4137,9225,0,24.9,13.8,30/04/2004,11.1
4138,9225,0,22.1,13.4,1/05/2004,8.7
4139,9225,0,24,11.9,2/05/2004,12.1
4140,9225,0,26.5,13.1,3/05/2004,13.4
4141,9225,0,26.4,13.1,4/05/2004,13.3
4142,9225,0,28.5,13.9,5/05/2004,14.6
4143,9225,0,30.5,17,6/05/2004,13.5
4144,9225,4.6,22.2,16.9,7/05/2004,5.3
4145,9225,2.6,23.6,14.3,8/05/2004,9.3
4146,9225,0,22.4,13.2,9/05/2004,9.2
4147,9225,33.4,22.2,15.3,10/05/2004,6.9
4148,9225,3.4,20.6,15.3,11/05/2004,5.3
4149,9225,0.4,18.1,7.7,12/05/2004,10.4
4150,9225,0,18.1,3.8,13/05/2004,14.3
4151,9225,0,19.9,3.2,14/05/2004,16.7
4152,9225,0,21.9,4.4,15/05/2004,17.5
4153,9225,5.6,17.8,13.4,16/05/2004,4.4
4154,9225,2,21,9.3,17/05/2004,11.7
4155,9225,10,21.6,12.8,18/05/2004,8.8
4156,9225,0.2,21.6,10.7,19/05/2004,10.9
4157,9225,0,23.6,8.6,20/05/2004,15
4158,9225,0,17.7,12.1,21/05/2004,5.6
4159,9225,27.6,17.5,10.3,22/05/2004,7.2
4160,9225,0.8,18.9,7,23/05/2004,11.9
4161,9225,0,18.6,6.7,24/05/2004,11.9
4162,9225,0,18.3,3.6,25/05/2004,14.7
4163,9225,0,20.3,3.1,26/05/2004,17.2
4164,9225,0,20.8,2.4,27/05/2004,18.4
4165,9225,0,20.8,4.8,28/05/2004,16
4166,9225,0,22.3,4.9,29/05/2004,17.4
4167,9225,0,20.7,3.6,30/05/2004,17.1
4168,9225,12.6,13,10.6,31/05/2004,2.4
4169,9225,0,16.4,6,1/06/2004,10.4
4170,9225,0,17.6,1.2,2/06/2004,16.4
4171,9225,0,19.4,6.6,3/06/2004,12.8
4172,9225,0,18.1,11.5,4/06/2004,6.6
4173,9225,9,21.6,11.6,5/06/2004,10
4174,9225,2,20.5,11.4,6/06/2004,9.1
4175,9225,13,20.3,11.2,7/06/2004,9.1
4176,9225,11,18.1,14.1,8/06/2004,4
4177,9225,4.4,18.9,11.8,9/06/2004,7.1
4178,9225,2.8,20.6,13.1,10/06/2004,7.5
4179,9225,20.8,19.6,13.2,11/06/2004,6.4
4180,9225,13.6,19.2,13.6,12/06/2004,5.6
4181,9225,0.4,20,13.2,13/06/2004,6.8
4182,9225,0.4,21.2,11.1,14/06/2004,10.1
4183,9225,0,23.1,6.4,15/06/2004,16.7
4184,9225,0,24.6,14.4,16/06/2004,10.2
4185,9225,8,18,14.5,17/06/2004,3.5
4186,9225,0,17.2,10.4,18/06/2004,6.8
4187,9225,0,17.2,5.6,19/06/2004,11.6
4188,9225,0,19.2,8.3,20/06/2004,10.9
4189,9225,0,24.3,10.5,21/06/2004,13.8
4190,9225,12,20.4,15.3,22/06/2004,5.1
4191,9225,4.8,18.8,10.5,23/06/2004,8.3
4192,9225,1.6,19.2,9,24/06/2004,10.2
4193,9225,3.2,20.7,9.9,25/06/2004,10.8
4194,9225,0,23.2,5.7,26/06/2004,17.5
4195,9225,0,20.9,13.6,27/06/2004,7.3
4196,9225,15.4,19.2,8.7,28/06/2004,10.5
4197,9225,0.4,19,13.7,29/06/2004,5.3
4198,9225,0.4,18.3,11.5,30/06/2004,6.8
4199,9225,0.8,17.5,11.6,1/07/2004,5.9
4200,9225,14.4,15,12.2,2/07/2004,2.8
4201,9225,5.8,17.3,6.8,3/07/2004,10.5
4202,9225,15.2,16.2,8.7,4/07/2004,7.5
4203,9225,1.6,18.1,5.1,5/07/2004,13
4204,9225,0,20.7,9.4,6/07/2004,11.3
4205,9225,21,18.7,13.7,7/07/2004,5
4206,9225,21,17.3,12.4,8/07/2004,4.9
4207,9225,0,17.1,8.8,9/07/2004,8.3
4208,9225,0,16.1,3.2,10/07/2004,12.9
4209,9225,0,18,0.6,11/07/2004,17.4
4210,9225,0,19.1,5.8,12/07/2004,13.3
4211,9225,0,17.1,7.8,13/07/2004,9.3
4212,9225,0,18.5,2,14/07/2004,16.5
4213,9225,0,17,3.7,15/07/2004,13.3
4214,9225,0,18.4,2.5,16/07/2004,15.9
4215,9225,0,19,5.5,17/07/2004,13.5
4216,9225,0,18.5,5.8,18/07/2004,12.7
4217,9225,0,19.7,4,19/07/2004,15.7
4218,9225,0,15.6,8.7,20/07/2004,6.9
4219,9225,6,20.3,11.5,21/07/2004,8.8
4220,9225,7.8,19.9,12.2,22/07/2004,7.7
4221,9225,0.4,18,7.6,23/07/2004,10.4
4222,9225,0,17.6,3.2,24/07/2004,14.4
4223,9225,3.2,15.6,6.2,25/07/2004,9.4
4224,9225,0,17.4,0.4,26/07/2004,17
4225,9225,0,19.2,1.4,27/07/2004,17.8
4226,9225,0,19.1,4.4,28/07/2004,14.7
4227,9225,0,21.7,4,29/07/2004,17.7
4228,9225,14.6,17.4,7.4,30/07/2004,10
4229,9225,0.8,17,8.9,31/07/2004,8.1
4230,9225,8.8,16.3,11.6,1/08/2004,4.7
4231,9225,1.8,15.4,6.9,2/08/2004,8.5
4232,9225,1.4,18,8,3/08/2004,10
4233,9225,0.4,18.9,8.3,4/08/2004,10.6
4234,9225,5.2,17.1,9.9,5/08/2004,7.2
4235,9225,21.8,15.5,8.2,6/08/2004,7.3
4236,9225,0,17.9,5.7,7/08/2004,12.2
4237,9225,0,18.6,5.5,8/08/2004,13.1
4238,9225,0,19.5,3.6,9/08/2004,15.9
4239,9225,0,20.9,2.9,10/08/2004,18
4240,9225,0,18.3,5.6,11/08/2004,12.7
4241,9225,26.4,17.3,10.5,12/08/2004,6.8
4242,9225,0.2,19.4,11.4,13/08/2004,8
4243,9225,11.6,16.2,10.2,14/08/2004,6
4244,9225,0,16.4,1.5,15/08/2004,14.9
4245,9225,0,18.4,3.6,16/08/2004,14.8
4246,9225,0.2,18.3,7.7,17/08/2004,10.6
4247,9225,11.8,17.2,6.5,18/08/2004,10.7
4248,9225,0,16.5,11.1,19/08/2004,5.4
4249,9225,2.4,18.9,12.3,20/08/2004,6.6
4250,9225,9,19,11.8,21/08/2004,7.2
4251,9225,0.4,18.2,10.7,22/08/2004,7.5
4252,9225,12,19.5,13.4,23/08/2004,6.1
4253,9225,11.2,16.8,11.5,24/08/2004,5.3
4254,9225,9.8,16.5,11.1,25/08/2004,5.4
4255,9225,3.4,18.9,10.2,26/08/2004,8.7
4256,9225,20.8,16.1,10.4,27/08/2004,5.7
4257,9225,16.8,13.3,3.4,28/08/2004,9.9
4258,9225,0.2,16,3.1,29/08/2004,12.9
4259,9225,0,16.6,2.7,30/08/2004,13.9
4260,9225,0,19,3.4,31/08/2004,15.6
4261,9225,0,22.3,5.4,1/09/2004,16.9
4262,9225,0,24.1,4.1,2/09/2004,20
4263,9225,0,24.6,7.5,3/09/2004,17.1
4264,9225,0,21.5,15.2,4/09/2004,6.3
4265,9225,5.8,20.2,12,5/09/2004,8.2
4266,9225,9,14.5,9.1,6/09/2004,5.4
4267,9225,5.6,18,8.1,7/09/2004,9.9
4268,9225,0.2,19.1,9.5,8/09/2004,9.6
4269,9225,3.6,16.5,11.2,9/09/2004,5.3
4270,9225,0.4,16.3,3.4,10/09/2004,12.9
4271,9225,0,18.4,1.7,11/09/2004,16.7
4272,9225,0,22.6,3.9,12/09/2004,18.7
4273,9225,0,22.4,5.2,13/09/2004,17.2
4274,9225,0,20.3,4.7,14/09/2004,15.6
4275,9225,0,20,8,15/09/2004,12
4276,9225,0,21.1,11.3,16/09/2004,9.8
4277,9225,0,21.5,9,17/09/2004,12.5
4278,9225,0,22.1,8.7,18/09/2004,13.4
4279,9225,5,19.6,10.1,19/09/2004,9.5
4280,9225,0.2,21.5,7,20/09/2004,14.5
4281,9225,2.2,16.1,9.8,21/09/2004,6.3
4282,9225,0.2,18.8,3.9,22/09/2004,14.9
4283,9225,0,22,9.2,23/09/2004,12.8
4284,9225,0,23.6,13.5,24/09/2004,10.1
4285,9225,0,19.7,12.3,25/09/2004,7.4
4286,9225,3,17.6,10.4,26/09/2004,7.2
4287,9225,0,19.2,6.1,27/09/2004,13.1
4288,9225,0,20.3,4.6,28/09/2004,15.7
4289,9225,0,20.2,6.3,29/09/2004,13.9
4290,9225,0,20.1,8.2,30/09/2004,11.9
4291,9225,2.8,19.3,12.5,1/10/2004,6.8
4292,9225,0.2,19.6,4.5,2/10/2004,15.1
4293,9225,0,21.7,5.6,3/10/2004,16.1
4294,9225,0,27,8.1,4/10/2004,18.9
4295,9225,0,23.2,12.5,5/10/2004,10.7
4296,9225,10.8,18.9,14.6,6/10/2004,4.3
4297,9225,0.2,20.1,8.8,7/10/2004,11.3
4298,9225,0,22.3,6.9,8/10/2004,15.4
4299,9225,0.8,21.9,10.3,9/10/2004,11.6
4300,9225,0,22,10.3,10/10/2004,11.7
4301,9225,0.6,21.2,16.1,11/10/2004,5.1
4302,9225,10.8,18.9,15.4,12/10/2004,3.5
4303,9225,0.2,18,10.4,13/10/2004,7.6
4304,9225,0,21.4,5.3,14/10/2004,16.1
4305,9225,0,21.1,7.2,15/10/2004,13.9
4306,9225,2.8,20.7,12.1,16/10/2004,8.6
4307,9225,0,25.5,11.9,17/10/2004,13.6
4308,9225,0,29.1,12.1,18/10/2004,17
4309,9225,0,24.3,12.7,19/10/2004,11.6
4310,9225,0,27.9,15.7,20/10/2004,12.2
4311,9225,8.4,24.7,15.3,21/10/2004,9.4
4312,9225,0.2,24,12.8,22/10/2004,11.2
4313,9225,0,25.7,12.9,23/10/2004,12.8
4314,9225,0,25.1,11.1,24/10/2004,14
4315,9225,0,21.8,12.3,25/10/2004,9.5
4316,9225,0,25.1,11,26/10/2004,14.1
4317,9225,0,29.5,13.4,27/10/2004,16.1
4318,9225,0,25.9,15.6,28/10/2004,10.3
4319,9225,0,20.8,16.7,29/10/2004,4.1
4320,9225,0,19.8,15.2,30/10/2004,4.6
4321,9225,0,21.3,10.6,31/10/2004,10.7
4322,9225,0,22.5,10.6,1/11/2004,11.9
4323,9225,0,24.1,12.9,2/11/2004,11.2
4324,9225,1.4,20.4,12.1,3/11/2004,8.3
4325,9225,0,22.7,11.1,4/11/2004,11.6
4326,9225,0,25.8,12.3,5/11/2004,13.5
4327,9225,0,27.7,15.9,6/11/2004,11.8
4328,9225,0,31.3,15.7,7/11/2004,15.6
4329,9225,0,24.9,19.6,8/11/2004,5.3
4330,9225,1,21.2,15.3,9/11/2004,5.9
4331,9225,12,18.9,11.6,10/11/2004,7.3
4332,9225,3.6,20.8,14.6,11/11/2004,6.2
4333,9225,1.8,20.2,14.8,12/11/2004,5.4
4334,9225,0.2,25,10.7,13/11/2004,14.3
4335,9225,0,31.2,12.5,14/11/2004,18.7
4336,9225,0,35.5,16.9,15/11/2004,18.6
4337,9225,0,21.9,17,16/11/2004,4.9
4338,9225,4.4,18.5,14.4,17/11/2004,4.1
4339,9225,0.8,19.5,5,18/11/2004,14.5
4340,9225,0,27,11.9,19/11/2004,15.1
4341,9225,0,32.5,14.6,20/11/2004,17.9
4342,9225,0,34.9,15.1,21/11/2004,19.8
4343,9225,0,36.8,18.8,22/11/2004,18
4344,9225,0,32.1,24.4,23/11/2004,7.7
4345,9225,0,25.3,16.8,24/11/2004,8.5
4346,9225,1.4,23.5,17.3,25/11/2004,6.2
4347,9225,3.8,24.3,15.8,26/11/2004,8.5
4348,9225,2.4,26.1,17,27/11/2004,9.1
4349,9225,0,25.9,16,28/11/2004,9.9
4350,9225,0,20.8,14.2,29/11/2004,6.6
4351,9225,0,20.9,8.9,30/11/2004,12
4352,9225,0,26.4,10.2,1/12/2004,16.2
4353,9225,0,22,12.1,2/12/2004,9.9
4354,9225,0.2,23.5,14,3/12/2004,9.5
4355,9225,0,25.6,10.2,4/12/2004,15.4
4356,9225,1.4,21.6,16.3,5/12/2004,5.3
4357,9225,0,27.5,13.1,6/12/2004,14.4
4358,9225,0,34,16.3,7/12/2004,17.7
4359,9225,0,36.9,17.4,8/12/2004,19.5
4360,9225,0,37.1,21.9,9/12/2004,15.2
4361,9225,0,30.9,16.1,10/12/2004,14.8
4362,9225,0,23.8,15.8,11/12/2004,8
4363,9225,0,27.2,13.7,12/12/2004,13.5
4364,9225,0,35.2,14.7,13/12/2004,20.5
4365,9225,0,41.5,18.7,14/12/2004,22.8
4366,9225,0,30.6,17.1,15/12/2004,13.5
4367,9225,0,25.2,19.5,16/12/2004,5.7
4368,9225,0,25.2,15.9,17/12/2004,9.3
4369,9225,0,26.2,13.6,18/12/2004,12.6
4370,9225,0,35.7,16.3,19/12/2004,19.4
4371,9225,0,34.6,16.8,20/12/2004,17.8
4372,9225,0,24.4,15.4,21/12/2004,9
4373,9225,0,23.6,16.4,22/12/2004,7.2
4374,9225,0,25.5,14.3,23/12/2004,11.2
4375,9225,0,33.8,15.3,24/12/2004,18.5
4376,9225,0,38,19.2,25/12/2004,18.8
4377,9225,0,37.4,22.7,26/12/2004,14.7
4378,9225,0,38.4,20.8,27/12/2004,17.6
4379,9225,1,34.8,21.2,28/12/2004,13.6
4380,9225,0,26.5,18.3,29/12/2004,8.2
4381,9225,0,24.6,15.5,30/12/2004,9.1
4382,9225,0,31.1,17.1,31/12/2004,14
4383,9225,0,36,19.4,1/01/2005,16.6
4384,9225,0,25.1,19.8,2/01/2005,5.3
4385,9225,0,24.7,12.3,3/01/2005,12.4
4386,9225,0,26.2,14.8,4/01/2005,11.4
4387,9225,0,30.3,16.3,5/01/2005,14
4388,9225,0,36.9,17,6/01/2005,19.9
4389,9225,0,25.2,19.7,7/01/2005,5.5
4390,9225,0,28.4,16.1,8/01/2005,12.3
4391,9225,0,32.5,19.8,9/01/2005,12.7
4392,9225,0,24.5,16.8,10/01/2005,7.7
4393,9225,0,26.6,16.2,11/01/2005,10.4
4394,9225,0,30.8,14.5,12/01/2005,16.3
4395,9225,0,25.2,16.9,13/01/2005,8.3
4396,9225,0,27.9,13.5,14/01/2005,14.4
4397,9225,0,30.3,15.1,15/01/2005,15.2
4398,9225,0,34.3,15.3,16/01/2005,19
4399,9225,0,39.5,18.8,17/01/2005,20.7
4400,9225,0,26.7,19.7,18/01/2005,7
4401,9225,0,25.9,13.8,19/01/2005,12.1
4402,9225,0,29.1,13.7,20/01/2005,15.4
4403,9225,0,30,13.7,21/01/2005,16.3
4404,9225,0,32.4,15.8,22/01/2005,16.6
4405,9225,0,38.1,21.7,23/01/2005,16.4
4406,9225,0,29.9,19.9,24/01/2005,10
4407,9225,0,28.6,16,25/01/2005,12.6
4408,9225,0,30.3,17.9,26/01/2005,12.4
4409,9225,0,29.1,18.2,27/01/2005,10.9
4410,9225,0,29.5,17.8,28/01/2005,11.7
4411,9225,0,33,15.6,29/01/2005,17.4
4412,9225,0,36,16.9,30/01/2005,19.1
4413,9225,0,27,18.7,31/01/2005,8.3
4414,9225,0,28.7,15.2,1/02/2005,13.5
4415,9225,0,33.1,14.8,2/02/2005,18.3
4416,9225,0,37.2,17.7,3/02/2005,19.5
4417,9225,0,39,18.4,4/02/2005,20.6
4418,9225,0,24.4,19.6,5/02/2005,4.8
4419,9225,0,23.5,13.8,6/02/2005,9.7
4420,9225,0,23.5,13.8,7/02/2005,9.7
4421,9225,0,25.3,13.4,8/02/2005,11.9
4422,9225,0,31.3,15.3,9/02/2005,16
4423,9225,0,32.9,18.6,10/02/2005,14.3
4424,9225,0,31.1,19.7,11/02/2005,11.4
4425,9225,0,30.4,18.2,12/02/2005,12.2
4426,9225,0,30.7,18.8,13/02/2005,11.9
4427,9225,0.4,38,20.8,14/02/2005,17.2
4428,9225,1,42,22.2,15/02/2005,19.8
4429,9225,0,26,22.1,16/02/2005,3.9
4430,9225,0,23.7,19.4,17/02/2005,4.3
4431,9225,0,26.9,14.6,18/02/2005,12.3
4432,9225,0,34.9,15,19/02/2005,19.9
4433,9225,0,33.7,16.3,20/02/2005,17.4
4434,9225,0,25.3,16.3,21/02/2005,9
4435,9225,0,25.6,17.3,22/02/2005,8.3
4436,9225,0,29.9,14.8,23/02/2005,15.1
4437,9225,0,30.7,14.4,24/02/2005,16.3
4438,9225,0,31.6,15.1,25/02/2005,16.5
4439,9225,0,28.8,18.6,26/02/2005,10.2
4440,9225,1.6,25.4,17.5,27/02/2005,7.9
4441,9225,0,26.5,14.4,28/02/2005,12.1
4442,9225,0,31.3,16.2,1/03/2005,15.1
4443,9225,0,31.1,19.5,2/03/2005,11.6
4444,9225,0,33.5,18.9,3/03/2005,14.6
4445,9225,0,34.3,19,4/03/2005,15.3
4446,9225,0.6,26.5,17.8,5/03/2005,8.7
4447,9225,0.4,34.7,16.2,6/03/2005,18.5
4448,9225,0,36.7,18.9,7/03/2005,17.8
4449,9225,0,29.2,17.9,8/03/2005,11.3
4450,9225,0,29.7,20,9/03/2005,9.7
4451,9225,1,25.8,19.2,10/03/2005,6.6
4452,9225,0.8,26.6,17.7,11/03/2005,8.9
4453,9225,0,36.6,15.9,12/03/2005,20.7
4454,9225,0,28.5,18.2,13/03/2005,10.3
4455,9225,0,30.3,17.3,14/03/2005,13
4456,9225,0,30,16.8,15/03/2005,13.2
4457,9225,0,33.7,17.5,16/03/2005,16.2
4458,9225,0,36,23.4,17/03/2005,12.6
4459,9225,0.4,31.1,19.9,18/03/2005,11.2
4460,9225,2,33.7,18,19/03/2005,15.7
4461,9225,0,28.1,18.5,20/03/2005,9.6
4462,9225,0,31.3,19,21/03/2005,12.3
4463,9225,0,38.4,20.4,22/03/2005,18
4464,9225,0,41.9,17.2,23/03/2005,24.7
4465,9225,0,28.1,22.6,24/03/2005,5.5
4466,9225,0,27.5,19.1,25/03/2005,8.4
4467,9225,0,25.2,20,26/03/2005,5.2
4468,9225,0.8,29.5,21.2,27/03/2005,8.3
4469,9225,37.6,27.4,20.5,28/03/2005,6.9
4470,9225,0,26.5,15.1,29/03/2005,11.4
4471,9225,0,23.2,15.5,30/03/2005,7.7
4472,9225,8.6,19.1,12.3,31/03/2005,6.8
4473,9225,9.2,15.9,11.8,1/04/2005,4.1
4474,9225,16,21.8,12.7,2/04/2005,9.1
4475,9225,0,24.2,9.9,3/04/2005,14.3
4476,9225,0,31.3,16.2,4/04/2005,15.1
4477,9225,0,31.4,16,5/04/2005,15.4
4478,9225,0,35.8,16.7,6/04/2005,19.1
4479,9225,0,27,16.5,7/04/2005,10.5
4480,9225,0,20.5,15.7,8/04/2005,4.8
4481,9225,1,21.1,8.6,9/04/2005,12.5
4482,9225,0,25.1,9.4,10/04/2005,15.7
4483,9225,0,26.1,10.7,11/04/2005,15.4
4484,9225,0,24.2,11.7,12/04/2005,12.5
4485,9225,0.2,23.8,13,13/04/2005,10.8
4486,9225,0,28.3,14.5,14/04/2005,13.8
4487,9225,0,28.6,11.4,15/04/2005,17.2
4488,9225,0,22.8,10.2,16/04/2005,12.6
4489,9225,0,21.7,14.8,17/04/2005,6.9
4490,9225,0,22.7,7.1,18/04/2005,15.6
4491,9225,0,29.3,8.5,19/04/2005,20.8
4492,9225,0,25.1,10.7,20/04/2005,14.4
4493,9225,0,24.4,16.1,21/04/2005,8.3
4494,9225,0.4,27.1,14.4,22/04/2005,12.7
4495,9225,0.8,23.3,16.9,23/04/2005,6.4
4496,9225,0.2,22.2,11.9,24/04/2005,10.3
4497,9225,0,23,7.4,25/04/2005,15.6
4498,9225,0,22.8,9.9,26/04/2005,12.9
4499,9225,0,22.4,10.5,27/04/2005,11.9
4500,9225,0,23.2,12.4,28/04/2005,10.8
4501,9225,0,23.8,14.3,29/04/2005,9.5
4502,9225,0,22,16.2,30/04/2005,5.8
4503,9225,4.4,28.5,16.9,1/05/2005,11.6
4504,9225,50.4,22.4,18,2/05/2005,4.4
4505,9225,17.4,22.5,18,3/05/2005,4.5
4506,9225,0.8,21.6,13.5,4/05/2005,8.1
4507,9225,0.2,20.4,11.6,5/05/2005,8.8
4508,9225,0,22.3,12.3,6/05/2005,10
4509,9225,0,23.2,14.7,7/05/2005,8.5
4510,9225,0,27.9,15.3,8/05/2005,12.6
4511,9225,0,28.6,16.6,9/05/2005,12
4512,9225,0,29.6,18.8,10/05/2005,10.8
4513,9225,0,22.9,16.6,11/05/2005,6.3
4514,9225,13,22.4,14.1,12/05/2005,8.3
4515,9225,10.8,22.2,13.2,13/05/2005,9
4516,9225,1.6,24.2,13.1,14/05/2005,11.1
4517,9225,0.2,20.5,13.6,15/05/2005,6.9
4518,9225,33.8,21.5,16.5,16/05/2005,5
4519,9225,1.4,21.7,11.2,17/05/2005,10.5
4520,9225,0,20.4,11.9,18/05/2005,8.5
4521,9225,44,22.1,15,19/05/2005,7.1
4522,9225,0.6,22.8,12.2,20/05/2005,10.6
4523,9225,1.4,22.7,15.6,21/05/2005,7.1
4524,9225,10.2,23.4,13.5,22/05/2005,9.9
4525,9225,1,19.5,11.4,23/05/2005,8.1
4526,9225,0,18.4,9.3,24/05/2005,9.1
4527,9225,0,22.9,11.4,25/05/2005,11.5
4528,9225,0,26.1,13.5,26/05/2005,12.6
4529,9225,0,25.4,12.3,27/05/2005,13.1
4530,9225,0,24.1,11.1,28/05/2005,13
4531,9225,0,28.2,12.5,29/05/2005,15.7
4532,9225,0,24.4,10.5,30/05/2005,13.9
4533,9225,0,19.7,13.1,31/05/2005,6.6
4534,9225,0,23,14,1/06/2005,9
4535,9225,0,20.2,11.5,2/06/2005,8.7
4536,9225,7.2,21.2,14.6,3/06/2005,6.6
4537,9225,11.8,20.6,15.4,4/06/2005,5.2
4538,9225,0.2,21.9,11,5/06/2005,10.9
4539,9225,0,20,10.6,6/06/2005,9.4
4540,9225,52.2,20.2,10.9,7/06/2005,9.3
4541,9225,7.8,20.4,13.6,8/06/2005,6.8
4542,9225,20.8,17.3,12,9/06/2005,5.3
4543,9225,28.2,16.3,9.3,10/06/2005,7
4544,9225,21,15.8,10.7,11/06/2005,5.1
4545,9225,9.4,11.5,8.7,12/06/2005,2.8
4546,9225,11.6,14.3,5,13/06/2005,9.3
4547,9225,0,17.9,5.2,14/06/2005,12.7
4548,9225,0.6,17.6,9.3,15/06/2005,8.3
4549,9225,0.8,12.1,10.4,16/06/2005,1.7
4550,9225,19,16.7,7.1,17/06/2005,9.6
4551,9225,7.6,15.5,6.5,18/06/2005,9
4552,9225,4.8,15.7,6.9,19/06/2005,8.8
4553,9225,0,15.7,3.7,20/06/2005,12
4554,9225,0,16.7,2.8,21/06/2005,13.9
4555,9225,0,18.8,3.8,22/06/2005,15
4556,9225,22.8,16.3,10.3,23/06/2005,6
4557,9225,17.6,18.1,9.8,24/06/2005,8.3
4558,9225,3.4,17.9,10.6,25/06/2005,7.3
4559,9225,0,21,7.2,26/06/2005,13.8
4560,9225,0,21.5,4.8,27/06/2005,16.7
4561,9225,0,20.5,3.5,28/06/2005,17
4562,9225,0,16.7,7.7,29/06/2005,9
4563,9225,4.2,17.9,12.5,30/06/2005,5.4
4564,9225,1.2,19,5.5,1/07/2005,13.5
4565,9225,0,20,5.2,2/07/2005,14.8
4566,9225,0,19.7,7.8,3/07/2005,11.9
4567,9225,11,16,12.7,4/07/2005,3.3
4568,9225,5.8,14,8.6,5/07/2005,5.4
4569,9225,0,14.3,0.5,6/07/2005,13.8
4570,9225,0,15.2,0.2,7/07/2005,15
4571,9225,0,16.3,1.4,8/07/2005,14.9
4572,9225,0,17.7,2.2,9/07/2005,15.5
4573,9225,0,18.6,5.5,10/07/2005,13.1
4574,9225,0,17.4,3.2,11/07/2005,14.2
4575,9225,0,17.2,0.2,12/07/2005,17
4576,9225,9,17.9,7.2,13/07/2005,10.7
4577,9225,1.8,18,9.2,14/07/2005,8.8
4578,9225,0.2,18.2,9.7,15/07/2005,8.5
4579,9225,1.6,17.9,7.3,16/07/2005,10.6
4580,9225,0,18.4,3.6,17/07/2005,14.8
4581,9225,0,21.6,2.1,18/07/2005,19.5
4582,9225,0,22.8,4.3,19/07/2005,18.5
4583,9225,0,22,7.4,20/07/2005,14.6
4584,9225,15.4,16.9,12.5,21/07/2005,4.4
4585,9225,1.4,17.4,9.9,22/07/2005,7.5
4586,9225,12.2,18.1,10.3,23/07/2005,7.8
4587,9225,0.2,18.5,10.1,24/07/2005,8.4
4588,9225,2.2,20,12.6,25/07/2005,7.4
4589,9225,0,22.2,7.3,26/07/2005,14.9
4590,9225,0,22.1,7.8,27/07/2005,14.3
4591,9225,0,19.9,10.8,28/07/2005,9.1
4592,9225,0.2,19.4,10.8,29/07/2005,8.6
4593,9225,0.6,18.9,7.4,30/07/2005,11.5
4594,9225,0,20.5,3.7,31/07/2005,16.8
4595,9225,0,24.8,4.1,1/08/2005,20.7
4596,9225,12.6,16,10.9,2/08/2005,5.1
4597,9225,8.6,16,6.6,3/08/2005,9.4
4598,9225,0,17.9,7.9,4/08/2005,10
4599,9225,0,18.5,8.6,5/08/2005,9.9
4600,9225,0,19.4,8.9,6/08/2005,10.5
4601,9225,0,21.3,6.8,7/08/2005,14.5
4602,9225,0,20.7,5.7,8/08/2005,15
4603,9225,0,22.2,5.3,9/08/2005,16.9
4604,9225,0,18.5,8.3,10/08/2005,10.2
4605,9225,0.4,21.3,5.2,11/08/2005,16.1
4606,9225,0,18.8,7.2,12/08/2005,11.6
4607,9225,16.8,17.6,10.8,13/08/2005,6.8
4608,9225,12.8,16.2,9.3,14/08/2005,6.9
4609,9225,0,17.5,10.2,15/08/2005,7.3
4610,9225,2.6,15.5,7.6,16/08/2005,7.9
4611,9225,34.2,15.4,7.9,17/08/2005,7.5
4612,9225,20.2,14.6,6.3,18/08/2005,8.3
4613,9225,0,17,1.4,19/08/2005,15.6
4614,9225,0,17.8,4.5,20/08/2005,13.3
4615,9225,0,20.2,4.5,21/08/2005,15.7
4616,9225,0,21,6.4,22/08/2005,14.6
4617,9225,0,19.9,11.7,23/08/2005,8.2
4618,9225,0,18.2,12.9,24/08/2005,5.3
4619,9225,0,18.9,12.5,25/08/2005,6.4
4620,9225,1.2,18.3,9.2,26/08/2005,9.1
4621,9225,0,20.2,6.4,27/08/2005,13.8
4622,9225,10.8,18.9,13.2,28/08/2005,5.7
4623,9225,3.4,18.2,10.3,29/08/2005,7.9
4624,9225,1,14.6,10,30/08/2005,4.6
4625,9225,0,16.5,8.4,31/08/2005,8.1
4626,9225,0,17.9,1.5,1/09/2005,16.4
4627,9225,0,19.5,5.4,2/09/2005,14.1
4628,9225,0,19.5,5.6,3/09/2005,13.9
4629,9225,0.2,20.4,10.6,4/09/2005,9.8
4630,9225,0.8,20.3,12.8,5/09/2005,7.5
4631,9225,20,18.8,12.2,6/09/2005,6.6
4632,9225,5.8,19,13.9,7/09/2005,5.1
4633,9225,11.4,17,11.6,8/09/2005,5.4
4634,9225,6.6,15.5,10.7,9/09/2005,4.8
4635,9225,0,17.1,1.5,10/09/2005,15.6
4636,9225,0,21.4,6.1,11/09/2005,15.3
4637,9225,7,17.6,10.8,12/09/2005,6.8
4638,9225,0.2,19.4,5.9,13/09/2005,13.5
4639,9225,4.6,17.4,9.6,14/09/2005,7.8
4640,9225,0,18.4,5.1,15/09/2005,13.3
4641,9225,0,25.2,4.1,16/09/2005,21.1
4642,9225,14.6,18.3,12.3,17/09/2005,6
4643,9225,4.2,19.1,9.9,18/09/2005,9.2
4644,9225,0,25,7,19/09/2005,18
4645,9225,2.4,20.3,11.2,20/09/2005,9.1
4646,9225,5.6,16.7,12,21/09/2005,4.7
4647,9225,0,18.8,12.9,22/09/2005,5.9
4648,9225,0,20.3,7.9,23/09/2005,12.4
4649,9225,0,18.8,9.4,24/09/2005,9.4
4650,9225,0,20.2,7.2,25/09/2005,13
4651,9225,0,21,5.4,26/09/2005,15.6
4652,9225,0.8,15.8,11.5,27/09/2005,4.3
4653,9225,2.6,17.8,11,28/09/2005,6.8
4654,9225,3.8,18.5,11.5,29/09/2005,7
4655,9225,0.4,19.9,11.5,30/09/2005,8.4
4656,9225,4.6,20.1,14.8,1/10/2005,5.3
4657,9225,1.6,20.1,14.4,2/10/2005,5.7
4658,9225,0,21.8,8.3,3/10/2005,13.5
4659,9225,6.6,18.3,13.2,4/10/2005,5.1
4660,9225,1.6,19,8.7,5/10/2005,10.3
4661,9225,17.4,19.9,10.2,6/10/2005,9.7
4662,9225,0.4,18.1,8.1,7/10/2005,10
4663,9225,0,20,7.3,8/10/2005,12.7
4664,9225,2.6,15.8,12.7,9/10/2005,3.1
4665,9225,0.2,16.8,2.5,10/10/2005,14.3
4666,9225,0,18.8,4,11/10/2005,14.8
4667,9225,1,17.7,10.3,12/10/2005,7.4
4668,9225,0,19.5,6.2,13/10/2005,13.3
4669,9225,0,21.4,8.1,14/10/2005,13.3
4670,9225,0,27.2,6.6,15/10/2005,20.6
4671,9225,0,20.2,10.4,16/10/2005,9.8
4672,9225,0,22.4,11.8,17/10/2005,10.6
4673,9225,0,20.5,10.6,18/10/2005,9.9
4674,9225,0,21.7,6.8,19/10/2005,14.9
4675,9225,0,25.6,8.5,20/10/2005,17.1
4676,9225,0,21.4,7.8,21/10/2005,13.6
4677,9225,1.4,21.3,11.6,22/10/2005,9.7
4678,9225,0.6,27.6,8.1,23/10/2005,19.5
4679,9225,0,22.4,13,24/10/2005,9.4
4680,9225,3.2,19,10.1,25/10/2005,8.9
4681,9225,2.8,19.1,10.9,26/10/2005,8.2
4682,9225,0.8,21.1,11.1,27/10/2005,10
4683,9225,4.6,21.4,11.8,28/10/2005,9.6
4684,9225,0,22.9,11.8,29/10/2005,11.1
4685,9225,0,22.3,12.4,30/10/2005,9.9
4686,9225,3.4,19.7,8.6,31/10/2005,11.1
4687,9225,0,19,10.8,1/11/2005,8.2
4688,9225,0,22,5.8,2/11/2005,16.2
4689,9225,0,20.9,7.2,3/11/2005,13.7
4690,9225,0.8,21.6,12.3,4/11/2005,9.3
4691,9225,7.6,19.7,11.6,5/11/2005,8.1
4692,9225,0.2,21.1,6.2,6/11/2005,14.9
4693,9225,0,20.5,9.1,7/11/2005,11.4
4694,9225,2.8,19.9,10.5,8/11/2005,9.4
4695,9225,0.8,20.4,11.3,9/11/2005,9.1
4696,9225,0,20.6,6.3,10/11/2005,14.3
4697,9225,0,23.4,10.9,11/11/2005,12.5
4698,9225,0,26.4,10.5,12/11/2005,15.9
4699,9225,0,22.1,13.8,13/11/2005,8.3
4700,9225,0,28.3,13.3,14/11/2005,15
4701,9225,0,34.7,15.2,15/11/2005,19.5
4702,9225,0,26.2,16.7,16/11/2005,9.5
4703,9225,0,25.5,14.9,17/11/2005,10.6
4704,9225,0,25.3,12,18/11/2005,13.3
4705,9225,0,30.3,14.8,19/11/2005,15.5
4706,9225,0,27.9,15.3,20/11/2005,12.6
4707,9225,0,30.4,15,21/11/2005,15.4
4708,9225,0,29.8,15.8,22/11/2005,14
4709,9225,0,31,16.6,23/11/2005,14.4
4710,9225,0,28.3,16.3,24/11/2005,12
4711,9225,0,28.2,13.3,25/11/2005,14.9
4712,9225,0,26.5,13.1,26/11/2005,13.4
4713,9225,0.4,33.7,14.9,27/11/2005,18.8
4714,9225,0,22,17.7,28/11/2005,4.3
4715,9225,0.8,21.1,15.1,29/11/2005,6
4716,9225,0,20.5,12.9,30/11/2005,7.6
4717,9225,0,24.9,11.1,1/12/2005,13.8
4718,9225,0,27.2,12.5,2/12/2005,14.7
4719,9225,0,22.4,15.6,3/12/2005,6.8
4720,9225,0,23,17,4/12/2005,6
4721,9225,0.4,19.7,15.2,5/12/2005,4.5
4722,9225,0.2,20.1,14,6/12/2005,6.1
4723,9225,0,21.8,13.7,7/12/2005,8.1
4724,9225,0,22.1,13.6,8/12/2005,8.5
4725,9225,1.2,22.5,12.5,9/12/2005,10
4726,9225,0,22.9,10.7,10/12/2005,12.2
4727,9225,1.8,20.5,14.6,11/12/2005,5.9
4728,9225,0,21.2,13.5,12/12/2005,7.7
4729,9225,1.4,23.2,13,13/12/2005,10.2
4730,9225,0,21.1,12.4,14/12/2005,8.7
4731,9225,0,21.4,13.2,15/12/2005,8.2
4732,9225,0,25.9,13.3,16/12/2005,12.6
4733,9225,0,30.9,13.3,17/12/2005,17.6
4734,9225,0,32.5,15.5,18/12/2005,17
4735,9225,0,23.5,17.5,19/12/2005,6
4736,9225,0,24.1,17.5,20/12/2005,6.6
4737,9225,0,23.3,11.7,21/12/2005,11.6
4738,9225,0,23.9,12.7,22/12/2005,11.2
4739,9225,0,21.2,15.4,23/12/2005,5.8
4740,9225,0,24.8,8.9,24/12/2005,15.9
4741,9225,0,27.6,12.6,25/12/2005,15
4742,9225,0,23.4,15.4,26/12/2005,8
4743,9225,0,23.2,14.8,27/12/2005,8.4
4744,9225,0,25.8,13,28/12/2005,12.8
4745,9225,0,24.9,17,29/12/2005,7.9
4746,9225,0,22.4,17.4,30/12/2005,5
4747,9225,0,22.7,13.5,31/12/2005,9.2
4748,9225,0,28.6,12.1,1/01/2006,16.5
4749,9225,0,30.1,14.3,2/01/2006,15.8
4750,9225,1.6,25.5,16.1,3/01/2006,9.4
4751,9225,0,29.9,17.2,4/01/2006,12.7
4752,9225,0,32.9,18.8,5/01/2006,14.1
4753,9225,0,37.9,20.4,6/01/2006,17.5
4754,9225,0,35.7,22.5,7/01/2006,13.2
4755,9225,0,26.3,20.4,8/01/2006,5.9
4756,9225,0,27.5,16.5,9/01/2006,11
4757,9225,0,28.5,14.8,10/01/2006,13.7
4758,9225,0,32.6,16.9,11/01/2006,15.7
4759,9225,3,21.6,18.8,12/01/2006,2.8
4760,9225,15,22.5,18.7,13/01/2006,3.8
4761,9225,0,26.7,17.4,14/01/2006,9.3
4762,9225,0,28.8,16.8,15/01/2006,12
4763,9225,0,30.4,16.6,16/01/2006,13.8
4764,9225,0,31.1,17.6,17/01/2006,13.5
4765,9225,0,26,19.9,18/01/2006,6.1
4766,9225,0,28.1,16,19/01/2006,12.1
4767,9225,0,32.2,15.2,20/01/2006,17
4768,9225,0,25.1,16.4,21/01/2006,8.7
4769,9225,0,30.7,14.4,22/01/2006,16.3
4770,9225,0,35.3,17.1,23/01/2006,18.2
4771,9225,0,32.8,22.6,24/01/2006,10.2
4772,9225,8.4,28.5,20.3,25/01/2006,8.2
4773,9225,0.2,28.4,16,26/01/2006,12.4
4774,9225,0,27,13.8,27/01/2006,13.2
4775,9225,0,27.1,16.2,28/01/2006,10.9
4776,9225,0,24.3,14.7,29/01/2006,9.6
4777,9225,0,25.2,14.5,30/01/2006,10.7
4778,9225,0.2,24.5,14,31/01/2006,10.5
4779,9225,0,25.1,13.1,1/02/2006,12
4780,9225,0,28.3,12.1,2/02/2006,16.2
4781,9225,0,32.9,15.1,3/02/2006,17.8
4782,9225,0,35.9,17.3,4/02/2006,18.6
4783,9225,0,32.7,18.2,5/02/2006,14.5
4784,9225,0,34.5,19.4,6/02/2006,15.1
4785,9225,18,28.2,22.6,7/02/2006,5.6
4786,9225,0,26.7,13.1,8/02/2006,13.6
4787,9225,0,31.1,14.3,9/02/2006,16.8
4788,9225,0,32.5,18.8,10/02/2006,13.7
4789,9225,0,33.4,20.1,11/02/2006,13.3
4790,9225,0,33.2,22,12/02/2006,11.2
4791,9225,0,36.1,19.9,13/02/2006,16.2
4792,9225,0,38.7,20.9,14/02/2006,17.8
4793,9225,0,22.3,20.3,15/02/2006,2
4794,9225,0.8,23.4,16.7,16/02/2006,6.7
4795,9225,0,26.6,12.4,17/02/2006,14.2
4796,9225,0,26.6,15,18/02/2006,11.6
4797,9225,0,29.3,15.3,19/02/2006,14
4798,9225,0,36.7,17.8,20/02/2006,18.9
4799,9225,0,40.1,24.9,21/02/2006,15.2
4800,9225,1.8,32.5,20.4,22/02/2006,12.1
4801,9225,0,24.2,19.2,23/02/2006,5
4802,9225,0,27,13.4,24/02/2006,13.6
4803,9225,0,32.2,16.5,25/02/2006,15.7
4804,9225,0,36.6,18.8,26/02/2006,17.8
4805,9225,0,37.2,21.9,27/02/2006,15.3
4806,9225,0,36.2,19,28/02/2006,17.2
4807,9225,0,27.2,21.7,1/03/2006,5.5
4808,9225,0,25.1,20.8,2/03/2006,4.3
4809,9225,0,31.6,13.5,3/03/2006,18.1
4810,9225,0,37.9,19.7,4/03/2006,18.2
4811,9225,0,37.9,24.6,5/03/2006,13.3
4812,9225,0,35.2,20.2,6/03/2006,15
4813,9225,0,37,20.8,7/03/2006,16.2
4814,9225,0,34.2,19,8/03/2006,15.2
4815,9225,0,30.8,19.3,9/03/2006,11.5
4816,9225,0,27.4,17.8,10/03/2006,9.6
4817,9225,0,23.9,18,11/03/2006,5.9
4818,9225,0,27,11.6,12/03/2006,15.4
4819,9225,0,32,14.8,13/03/2006,17.2
4820,9225,0,29.9,16.4,14/03/2006,13.5
4821,9225,0,31.9,16.6,15/03/2006,15.3
4822,9225,0,32.8,16.2,16/03/2006,16.6
4823,9225,0,33.1,16.2,17/03/2006,16.9
4824,9225,0,33,16.1,18/03/2006,16.9
4825,9225,0,34.9,17.8,19/03/2006,17.1
4826,9225,0,35.9,18.4,20/03/2006,17.5
4827,9225,0,35.2,17,21/03/2006,18.2
4828,9225,0,23.7,19.6,22/03/2006,4.1
4829,9225,0.6,21.7,13.6,23/03/2006,8.1
4830,9225,3.6,19.8,15.1,24/03/2006,4.7
4831,9225,0.4,22.9,9.4,25/03/2006,13.5
4832,9225,0,25.3,10.9,26/03/2006,14.4
4833,9225,0,30.8,12.1,27/03/2006,18.7
4834,9225,0,27.9,11.8,28/03/2006,16.1
4835,9225,0,29.8,16.4,29/03/2006,13.4
4836,9225,0,30.3,15.1,30/03/2006,15.2
4837,9225,0,26.3,14.3,31/03/2006,12
4838,9225,9,20,13.7,1/04/2006,6.3
4839,9225,0,24.2,14.5,2/04/2006,9.7
4840,9225,0,23.9,14.3,3/04/2006,9.6
4841,9225,0,23.7,11,4/04/2006,12.7
4842,9225,0,23.6,11.1,5/04/2006,12.5
4843,9225,0,25.1,13.4,6/04/2006,11.7
4844,9225,0,27.9,13.4,7/04/2006,14.5
4845,9225,0,30.6,13.8,8/04/2006,16.8
4846,9225,0,22.6,16.5,9/04/2006,6.1
4847,9225,0,23,8.7,10/04/2006,14.3
4848,9225,0.4,22.5,15.5,11/04/2006,7
4849,9225,0,21.5,12,12/04/2006,9.5
4850,9225,0,23.3,8.7,13/04/2006,14.6
4851,9225,0,26.6,14,14/04/2006,12.6
4852,9225,0,29.3,12.7,15/04/2006,16.6
4853,9225,0,21.3,11.1,16/04/2006,10.2
4854,9225,0,19.8,7,17/04/2006,12.8
4855,9225,0,20.7,6.1,18/04/2006,14.6
4856,9225,0,23.6,9,19/04/2006,14.6
4857,9225,0,26.1,10.8,20/04/2006,15.3
4858,9225,0.4,31.5,16.3,21/04/2006,15.2
4859,9225,0,20.9,15.9,22/04/2006,5
4860,9225,0,22.2,13.7,23/04/2006,8.5
4861,9225,0.8,22.8,13.5,24/04/2006,9.3
4862,9225,2.2,19.5,13.2,25/04/2006,6.3
4863,9225,12.4,17,10.9,26/04/2006,6.1
4864,9225,0.2,19.2,6.6,27/04/2006,12.6
4865,9225,0,21.9,6.6,28/04/2006,15.3
4866,9225,0,21.5,9.5,29/04/2006,12
4867,9225,0,22,6.5,30/04/2006,15.5
4868,9225,0,22.6,8.8,1/05/2006,13.8
4869,9225,0,20.8,8.4,2/05/2006,12.4
4870,9225,0,22.8,6.8,3/05/2006,16
4871,9225,0,21.4,7.2,4/05/2006,14.2
4872,9225,0,22.4,8.9,5/05/2006,13.5
4873,9225,2.2,22,12.7,6/05/2006,9.3
4874,9225,0.8,21.8,9.5,7/05/2006,12.3
4875,9225,0,23.7,5.1,8/05/2006,18.6
4876,9225,0,24.2,6.7,9/05/2006,17.5
4877,9225,0,26.3,7.6,10/05/2006,18.7
4878,9225,0,28.9,6.3,11/05/2006,22.6
4879,9225,0,29.5,7.5,12/05/2006,22
4880,9225,0,28,7.5,13/05/2006,20.5
4881,9225,0,28.5,8,14/05/2006,20.5
4882,9225,12.4,22.4,15.5,15/05/2006,6.9
4883,9225,0.6,21.6,9.4,16/05/2006,12.2
4884,9225,0,23.2,11.4,17/05/2006,11.8
4885,9225,0,22.5,10.3,18/05/2006,12.2
4886,9225,0,21,12,19/05/2006,9
4887,9225,0,21.7,9.9,20/05/2006,11.8
4888,9225,0,25.6,12.2,21/05/2006,13.4
4889,9225,0,25.3,9.9,22/05/2006,15.4
4890,9225,4.4,18.7,15.3,23/05/2006,3.4
4891,9225,6.8,17.5,9.3,24/05/2006,8.2
4892,9225,0,17.3,2.9,25/05/2006,14.4
4893,9225,0,19.7,4,26/05/2006,15.7
4894,9225,0,21.5,6.7,27/05/2006,14.8
4895,9225,0,23.7,13,28/05/2006,10.7
4896,9225,2.6,16.6,12.2,29/05/2006,4.4
4897,9225,1,17.4,5.9,30/05/2006,11.5
4898,9225,0.2,16.1,4.9,31/05/2006,11.2
4899,9225,0,19,4.5,1/06/2006,14.5
4900,9225,0,19.6,4.3,2/06/2006,15.3
4901,9225,0,20.5,7.1,3/06/2006,13.4
4902,9225,0,22.3,4.7,4/06/2006,17.6
4903,9225,0,24.1,3.6,5/06/2006,20.5
4904,9225,0,22.2,6.6,6/06/2006,15.6
4905,9225,0,19.1,7.6,7/06/2006,11.5
4906,9225,0,17.3,2.8,8/06/2006,14.5
4907,9225,0,17.7,5.4,9/06/2006,12.3
4908,9225,0,18.8,5.6,10/06/2006,13.2
4909,9225,0,20.1,4.3,11/06/2006,15.8
4910,9225,0,21.6,4.2,12/06/2006,17.4
4911,9225,0,22.8,4.2,13/06/2006,18.6
4912,9225,0,23.6,9.7,14/06/2006,13.9
4913,9225,0,21.8,5.4,15/06/2006,16.4
4914,9225,0,20,2.8,16/06/2006,17.2
4915,9225,0,20,-0.7,17/06/2006,20.7
4916,9225,0,22.4,0.9,18/06/2006,21.5
4917,9225,0,21.4,5.5,19/06/2006,15.9
4918,9225,4.4,18.6,11.5,20/06/2006,7.1
4919,9225,0,18.8,10.7,21/06/2006,8.1
4920,9225,0,19.7,3.5,22/06/2006,16.2
4921,9225,0,20.4,6.8,23/06/2006,13.6
4922,9225,0,22,5.6,24/06/2006,16.4
4923,9225,0,22.6,4.7,25/06/2006,17.9
4924,9225,1.4,18.3,8.1,26/06/2006,10.2
4925,9225,5.4,20.3,7.8,27/06/2006,12.5
4926,9225,12.4,15.8,10.1,28/06/2006,5.7
4927,9225,0,17.3,7,29/06/2006,10.3
4928,9225,1,21,10.5,30/06/2006,10.5
4929,9225,3.4,19.8,11.6,1/07/2006,8.2
4930,9225,0,22.6,6.4,2/07/2006,16.2
4931,9225,0.2,21.5,9.8,3/07/2006,11.7
4932,9225,5.6,18.7,9.3,4/07/2006,9.4
4933,9225,0,19.6,6.3,5/07/2006,13.3
4934,9225,0,21.8,5.8,6/07/2006,16
4935,9225,0,22.6,11.1,7/07/2006,11.5
4936,9225,0,23,5.8,8/07/2006,17.2
4937,9225,15.6,19.4,13.6,9/07/2006,5.8
4938,9225,3.6,14.8,10.6,10/07/2006,4.2
4939,9225,0,14.9,5.8,11/07/2006,9.1
4940,9225,0,15.2,5.3,12/07/2006,9.9
4941,9225,0,17,1.4,13/07/2006,15.6
4942,9225,0,18.4,7.8,14/07/2006,10.6
4943,9225,0.8,20.2,6.1,15/07/2006,14.1
4944,9225,0,19.3,3.8,16/07/2006,15.5
4945,9225,0,19.2,3.1,17/07/2006,16.1
4946,9225,0,20.7,1.5,18/07/2006,19.2
4947,9225,0,21,1.2,19/07/2006,19.8
4948,9225,0,20.3,2.5,20/07/2006,17.8
4949,9225,14,14.6,9,21/07/2006,5.6
4950,9225,0,16.3,0.2,22/07/2006,16.1
4951,9225,0,21.1,1.6,23/07/2006,19.5
4952,9225,0,15.7,9,24/07/2006,6.7
4953,9225,19.4,17.9,5.9,25/07/2006,12
4954,9225,1,19.5,7.6,26/07/2006,11.9
4955,9225,4.2,16.3,10.6,27/07/2006,5.7
4956,9225,9,16.1,5.7,28/07/2006,10.4
4957,9225,4,18.2,8.7,29/07/2006,9.5
4958,9225,0,19.7,8.6,30/07/2006,11.1
4959,9225,0.2,16.9,6.4,31/07/2006,10.5
4960,9225,5.4,18.2,6.3,1/08/2006,11.9
4961,9225,4.4,19.5,10.8,2/08/2006,8.7
4962,9225,4.2,22.1,11.8,3/08/2006,10.3
4963,9225,0,21.2,8.4,4/08/2006,12.8
4964,9225,0,22.5,10.4,5/08/2006,12.1
4965,9225,0,21.9,13,6/08/2006,8.9
4966,9225,3.8,19.9,17,7/08/2006,2.9
4967,9225,4.2,16.6,11.1,8/08/2006,5.5
4968,9225,0,19,6.5,9/08/2006,12.5
4969,9225,0,20.8,3.9,10/08/2006,16.9
4970,9225,0,19.7,6.2,11/08/2006,13.5
4971,9225,4,20.2,12.4,12/08/2006,7.8
4972,9225,1.8,18.3,12,13/08/2006,6.3
4973,9225,3.6,20.7,11,14/08/2006,9.7
4974,9225,27,17.6,14.2,15/08/2006,3.4
4975,9225,7.2,16,8.8,16/08/2006,7.2
4976,9225,0,18.8,3.1,17/08/2006,15.7
4977,9225,0,21,3.8,18/08/2006,17.2
4978,9225,13,18,11.1,19/08/2006,6.9
4979,9225,10.8,19.6,10.3,20/08/2006,9.3
4980,9225,0.4,22.9,9.9,21/08/2006,13
4981,9225,9,17.9,13.2,22/08/2006,4.7
4982,9225,4.4,20.3,12.7,23/08/2006,7.6
4983,9225,0,22.5,7.8,24/08/2006,14.7
4984,9225,0,19.4,8.8,25/08/2006,10.6
4985,9225,0.4,17.2,9.9,26/08/2006,7.3
4986,9225,0,21.1,4.4,27/08/2006,16.7
4987,9225,0,24.2,6.1,28/08/2006,18.1
4988,9225,0,26.7,8.5,29/08/2006,18.2
4989,9225,0,23.6,11,30/08/2006,12.6
4990,9225,21.2,17.9,15,31/08/2006,2.9
4991,9225,11,16.4,11.4,1/09/2006,5
4992,9225,3.8,18,3.7,2/09/2006,14.3
4993,9225,0,19.7,3.8,3/09/2006,15.9
4994,9225,1,16.8,7.3,4/09/2006,9.5
4995,9225,0.8,17.2,4.7,5/09/2006,12.5
4996,9225,0,18.3,8.8,6/09/2006,9.5
4997,9225,0,17.7,11.3,7/09/2006,6.4
4998,9225,0.2,17.8,11.8,8/09/2006,6
4999,9225,0.2,24.4,11.4,9/09/2006,13
5000,9225,13.2,22.4,15.4,10/09/2006,7
5001,9225,22,18.6,15.2,11/09/2006,3.4
5002,9225,10.2,17.3,12.3,12/09/2006,5
5003,9225,0.2,21.4,3.8,13/09/2006,17.6
5004,9225,0,27.1,7.4,14/09/2006,19.7
5005,9225,0,26.6,10.4,15/09/2006,16.2
5006,9225,0,22,11.7,16/09/2006,10.3
5007,9225,4.2,20.5,14.1,17/09/2006,6.4
5008,9225,4.6,19.2,10.3,18/09/2006,8.9
5009,9225,2,19.4,10.4,19/09/2006,9
5010,9225,3.8,19.6,12.8,20/09/2006,6.8
5011,9225,4.6,20.5,14.3,21/09/2006,6.2
5012,9225,1.4,18.6,12.5,22/09/2006,6.1
5013,9225,0,19.5,15,23/09/2006,4.5
5014,9225,0,20.4,7.7,24/09/2006,12.7
5015,9225,0,20.2,8.1,25/09/2006,12.1
5016,9225,0,20.1,9.3,26/09/2006,10.8
5017,9225,0,20.9,6.3,27/09/2006,14.6
5018,9225,0,25,6.5,28/09/2006,18.5
5019,9225,0,30.5,8.9,29/09/2006,21.6
5020,9225,3.2,21.3,14.1,30/09/2006,7.2
5021,9225,0.2,21.6,9.8,1/10/2006,11.8
5022,9225,0,24.5,7.8,2/10/2006,16.7
5023,9225,1.2,20.3,14.5,3/10/2006,5.8
5024,9225,5.2,19.6,14.5,4/10/2006,5.1
5025,9225,0,25.6,5.4,5/10/2006,20.2
5026,9225,0,22.7,6.8,6/10/2006,15.9
5027,9225,0,23.4,12.5,7/10/2006,10.9
5028,9225,0,24.2,10.7,8/10/2006,13.5
5029,9225,0,27.3,9.9,9/10/2006,17.4
5030,9225,0,24.7,9.9,10/10/2006,14.8
5031,9225,2.8,17.8,14,11/10/2006,3.8
5032,9225,6.6,19.9,12.3,12/10/2006,7.6
5033,9225,2.4,19.8,12,13/10/2006,7.8
5034,9225,0.2,22.8,8.7,14/10/2006,14.1
5035,9225,0,26.4,9.8,15/10/2006,16.6
5036,9225,0,19.6,8.8,16/10/2006,10.8
5037,9225,0,19.7,7.2,17/10/2006,12.5
5038,9225,0,23.9,8.1,18/10/2006,15.8
5039,9225,0,28.6,13.3,19/10/2006,15.3
5040,9225,0,31.1,13.5,20/10/2006,17.6
5041,9225,0,29.8,20.2,21/10/2006,9.6
5042,9225,0,21.6,18,22/10/2006,3.6
5043,9225,0,22.1,15.4,23/10/2006,6.7
5044,9225,0,25.6,13.3,24/10/2006,12.3
5045,9225,0,25,12.2,25/10/2006,12.8
5046,9225,0,26.6,12.2,26/10/2006,14.4
5047,9225,0,28.7,14.4,27/10/2006,14.3
5048,9225,0,31.9,15.3,28/10/2006,16.6
5049,9225,0,21.4,15.4,29/10/2006,6
5050,9225,0,23.9,12.1,30/10/2006,11.8
5051,9225,0,25.6,12,31/10/2006,13.6
5052,9225,0,21.9,14.6,1/11/2006,7.3
5053,9225,0,23.9,10.7,2/11/2006,13.2
5054,9225,0,29.8,10.9,3/11/2006,18.9
5055,9225,0,25.1,18.4,4/11/2006,6.7
5056,9225,1,31.2,16.7,5/11/2006,14.5
5057,9225,0,31.9,19,6/11/2006,12.9
5058,9225,0,26,18.8,7/11/2006,7.2
5059,9225,0,27,14.8,8/11/2006,12.2
5060,9225,0,26.9,15.3,9/11/2006,11.6
5061,9225,4.6,22.3,16.2,10/11/2006,6.1
5062,9225,0.8,22,15.6,11/11/2006,6.4
5063,9225,0.2,24.9,12.3,12/11/2006,12.6
5064,9225,0,34.2,15.9,13/11/2006,18.3
5065,9225,0,33.9,18.8,14/11/2006,15.1
5066,9225,0,29.4,17.8,15/11/2006,11.6
5067,9225,0,24.7,18,16/11/2006,6.7
5068,9225,0.2,24.6,16.2,17/11/2006,8.4
5069,9225,0,29.2,14.5,18/11/2006,14.7
5070,9225,0,24.8,14,19/11/2006,10.8
5071,9225,1.4,23.9,14.6,20/11/2006,9.3
5072,9225,0,27.2,11.2,21/11/2006,16
5073,9225,0,32.4,15.2,22/11/2006,17.2
5074,9225,0,29.9,16,23/11/2006,13.9
5075,9225,0,26.9,16.2,24/11/2006,10.7
5076,9225,0,31.1,16.7,25/11/2006,14.4
5077,9225,0,35.7,16.5,26/11/2006,19.2
5078,9225,0,26.8,16.1,27/11/2006,10.7
5079,9225,0,28.4,18.1,28/11/2006,10.3
5080,9225,7,22.7,12.8,29/11/2006,9.9
5081,9225,1,22.2,16.2,30/11/2006,6
5082,9225,0.6,24.7,9.7,1/12/2006,15
5083,9225,0,30,14,2/12/2006,16
5084,9225,0,33.5,15.4,3/12/2006,18.1
5085,9225,0,25.7,15.6,4/12/2006,10.1
5086,9225,0,26.1,13.9,5/12/2006,12.2
5087,9225,0,31.6,12.6,6/12/2006,19
5088,9225,0,24.2,17.9,7/12/2006,6.3
5089,9225,4.6,21.5,16.2,8/12/2006,5.3
5090,9225,0,23.3,12.1,9/12/2006,11.2
5091,9225,0,29.7,14.6,10/12/2006,15.1
5092,9225,0,32.8,15.9,11/12/2006,16.9
5093,9225,0,35.8,18.8,12/12/2006,17
5094,9225,0,26.5,17.6,13/12/2006,8.9
5095,9225,0,28.7,15.6,14/12/2006,13.1
5096,9225,0,32.6,14,15/12/2006,18.6
5097,9225,0,38.8,14.8,16/12/2006,24
5098,9225,0,33,20.3,17/12/2006,12.7
5099,9225,0,31.2,20.7,18/12/2006,10.5
5100,9225,0,29.9,22.4,19/12/2006,7.5
5101,9225,0,25.9,19.6,20/12/2006,6.3
5102,9225,0,26.9,19.3,21/12/2006,7.6
5103,9225,0,31.1,16.3,22/12/2006,14.8
5104,9225,0,33.9,16.5,23/12/2006,17.4
5105,9225,0,33.9,16.6,24/12/2006,17.3
5106,9225,0,35.1,18.1,25/12/2006,17
5107,9225,0,36.5,16.2,26/12/2006,20.3
5108,9225,0,38.2,17.3,27/12/2006,20.9
5109,9225,0,31.4,16.4,28/12/2006,15
5110,9225,0,26.2,18,29/12/2006,8.2
5111,9225,0,28.1,16.1,30/12/2006,12
5112,9225,0,36,16.9,31/12/2006,19.1
5113,9225,0,26.5,17.8,1/01/2007,8.7
5114,9225,0,24.7,16.9,2/01/2007,7.8
5115,9225,13.6,19.7,12.3,3/01/2007,7.4
5116,9225,0,23.3,14,4/01/2007,9.3
5117,9225,0,24.1,12,5/01/2007,12.1
5118,9225,0,25.6,14.2,6/01/2007,11.4
5119,9225,0,32.4,14.6,7/01/2007,17.8
5120,9225,0,27.3,15.4,8/01/2007,11.9
5121,9225,0,24.8,17.3,9/01/2007,7.5
5122,9225,2.4,24.8,16.9,10/01/2007,7.9
5123,9225,2.8,23.5,15.1,11/01/2007,8.4
5124,9225,0.2,28.6,11.5,12/01/2007,17.1
5125,9225,0,35.5,14.3,13/01/2007,21.2
5126,9225,0,38.4,18.1,14/01/2007,20.3
5127,9225,0,24.8,20.2,15/01/2007,4.6
5128,9225,0,24.3,11.6,16/01/2007,12.7
5129,9225,0,26.3,14.2,17/01/2007,12.1
5130,9225,0,24.2,15.4,18/01/2007,8.8
5131,9225,0,23.4,13.7,19/01/2007,9.7
5132,9225,0,25.6,14.1,20/01/2007,11.5
5133,9225,0,34,12.5,21/01/2007,21.5
5134,9225,0,31.6,17.5,22/01/2007,14.1
5135,9225,0,28.6,15.9,23/01/2007,12.7
5136,9225,0,30.6,16.8,24/01/2007,13.8
5137,9225,0,38.8,20.6,25/01/2007,18.2
5138,9225,0,41.2,21.5,26/01/2007,19.7
5139,9225,0,40.9,23.2,27/01/2007,17.7
5140,9225,0,41.6,23.9,28/01/2007,17.7
5141,9225,0,34.8,24.4,29/01/2007,10.4
5142,9225,0.2,26.5,20.8,30/01/2007,5.7
5143,9225,0,27.2,18.5,31/01/2007,8.7
5144,9225,0,29.3,16.7,1/02/2007,12.6
5145,9225,0,39.2,19.4,2/02/2007,19.8
5146,9225,0,40.1,22.2,3/02/2007,17.9
5147,9225,0,29.7,20.9,4/02/2007,8.8
5148,9225,0,32,16.4,5/02/2007,15.6
5149,9225,0,32.8,17.1,6/02/2007,15.7
5150,9225,0,36,18.5,7/02/2007,17.5
5151,9225,0,26.4,19.1,8/02/2007,7.3
5152,9225,0,32.2,17.4,9/02/2007,14.8
5153,9225,0,24.6,19.4,10/02/2007,5.2
5154,9225,0,28.5,13.3,11/02/2007,15.2
5155,9225,0,26.1,18.8,12/02/2007,7.3
5156,9225,0,29.2,14.8,13/02/2007,14.4
5157,9225,0,27.5,14.1,14/02/2007,13.4
5158,9225,0,25.6,16.9,15/02/2007,8.7
5159,9225,0.6,24.1,12.8,16/02/2007,11.3
5160,9225,0,23.5,15.1,17/02/2007,8.4
5161,9225,2.2,25.7,11.8,18/02/2007,13.9
5162,9225,0,26.7,14.1,19/02/2007,12.6
5163,9225,0,33.1,16.4,20/02/2007,16.7
5164,9225,0,33.3,15.5,21/02/2007,17.8
5165,9225,0,29.7,17.2,22/02/2007,12.5
5166,9225,0,33.6,17.4,23/02/2007,16.2
5167,9225,0,34.9,19.9,24/02/2007,15
5168,9225,0,36,21.8,25/02/2007,14.2
5169,9225,0,32.1,25.1,26/02/2007,7
5170,9225,0.2,29,22,27/02/2007,7
5171,9225,0.4,22.9,19.7,28/02/2007,3.2
5172,9225,1.8,22.8,16.7,1/03/2007,6.1
5173,9225,2.2,24.6,17.3,2/03/2007,7.3
5174,9225,1,28.2,16,3/03/2007,12.2
5175,9225,0,35.4,16.6,4/03/2007,18.8
5176,9225,0,40.4,19.5,5/03/2007,20.9
5177,9225,0,42,23.6,6/03/2007,18.4
5178,9225,0,42.4,18.6,7/03/2007,23.8
5179,9225,0,37.6,19.8,8/03/2007,17.8
5180,9225,0,23.9,18.4,9/03/2007,5.5
5181,9225,0,27.3,12.3,10/03/2007,15
5182,9225,0,29.9,14.7,11/03/2007,15.2
5183,9225,0,31.7,16.6,12/03/2007,15.1
5184,9225,0,32.8,19.3,13/03/2007,13.5
5185,9225,0,29.8,17.3,14/03/2007,12.5
5186,9225,0,27.7,18.1,15/03/2007,9.6
5187,9225,0,33.2,17.9,16/03/2007,15.3
5188,9225,0,36.1,19.2,17/03/2007,16.9
5189,9225,0,36.6,18.9,18/03/2007,17.7
5190,9225,0,34.6,22.2,19/03/2007,12.4
5191,9225,0,33.7,19.9,20/03/2007,13.8
5192,9225,0,29.9,18,21/03/2007,11.9
5193,9225,0,25.1,15.8,22/03/2007,9.3
5194,9225,0.6,25.4,13.7,23/03/2007,11.7
5195,9225,0,28.3,12.8,24/03/2007,15.5
5196,9225,0,29.7,11.6,25/03/2007,18.1
5197,9225,0,23,10.7,26/03/2007,12.3
5198,9225,0.6,20.2,6.3,27/03/2007,13.9
5199,9225,0,22.4,6.9,28/03/2007,15.5
5200,9225,0,25.6,11.7,29/03/2007,13.9
5201,9225,0,31.7,10.4,30/03/2007,21.3
5202,9225,0,25,9.5,31/03/2007,15.5
5203,9225,0,24.2,12.7,1/04/2007,11.5
5204,9225,0,28.7,13.8,2/04/2007,14.9
5205,9225,0,33,16.6,3/04/2007,16.4
5206,9225,0,36,15.9,4/04/2007,20.1
5207,9225,0,30.7,16.1,5/04/2007,14.6
5208,9225,0,29.1,16.4,6/04/2007,12.7
5209,9225,0.2,27.4,15.1,7/04/2007,12.3
5210,9225,0,21.7,17.1,8/04/2007,4.6
5211,9225,1.8,21.8,6.5,9/04/2007,15.3
5212,9225,0,24,8.6,10/04/2007,15.4
5213,9225,0,26.7,11.7,11/04/2007,15
5214,9225,0,29.4,12.5,12/04/2007,16.9
5215,9225,0,25.5,12.1,13/04/2007,13.4
5216,9225,0,27.2,15.1,14/04/2007,12.1
5217,9225,0,23.9,17.6,15/04/2007,6.3
5218,9225,40.4,21.7,14.4,16/04/2007,7.3
5219,9225,0,22.9,9,17/04/2007,13.9
5220,9225,0.2,22.6,13.3,18/04/2007,9.3
5221,9225,0,21.6,9.1,19/04/2007,12.5
5222,9225,0,22.8,7.5,20/04/2007,15.3
5223,9225,0,24.8,9.5,21/04/2007,15.3
5224,9225,0,28,13.4,22/04/2007,14.6
5225,9225,0,24.2,13.4,23/04/2007,10.8
5226,9225,0,23.3,12.6,24/04/2007,10.7
5227,9225,8.6,20.4,13.8,25/04/2007,6.6
5228,9225,0,22.2,6.8,26/04/2007,15.4
5229,9225,0,23,6.9,27/04/2007,16.1
5230,9225,0,23.5,5.8,28/04/2007,17.7
5231,9225,0,22.8,12.5,29/04/2007,10.3
5232,9225,25.2,21.4,15,30/04/2007,6.4
5233,9225,13,20.6,16.5,1/05/2007,4.1
5234,9225,1.8,22,16.9,2/05/2007,5.1
5235,9225,0.8,21.2,13.6,3/05/2007,7.6
5236,9225,0.2,22.7,13.4,4/05/2007,9.3
5237,9225,2.2,22.9,14.6,5/05/2007,8.3
5238,9225,0.2,22.7,13.2,6/05/2007,9.5
5239,9225,0,21.5,8.4,7/05/2007,13.1
5240,9225,0,24,8.1,8/05/2007,15.9
5241,9225,0,26.2,6.2,9/05/2007,20
5242,9225,0,28.9,11.5,10/05/2007,17.4
5243,9225,0,26.8,12.2,11/05/2007,14.6
5244,9225,1.2,22.2,15.3,12/05/2007,6.9
5245,9225,0.4,19.7,11.6,13/05/2007,8.1
5246,9225,0,17.8,6.4,14/05/2007,11.4
5247,9225,0,18.9,4.1,15/05/2007,14.8
5248,9225,0,20.4,4.8,16/05/2007,15.6
5249,9225,0,21.1,4.6,17/05/2007,16.5
5250,9225,1.4,18.4,11.1,18/05/2007,7.3
5251,9225,0,18.8,11.6,19/05/2007,7.2
5252,9225,4.2,18.2,11.6,20/05/2007,6.6
5253,9225,0,18,4.8,21/05/2007,13.2
5254,9225,0,20,3.8,22/05/2007,16.2
5255,9225,0,21.4,10.4,23/05/2007,11
5256,9225,0,21.9,15.8,24/05/2007,6.1
5257,9225,0,22.3,14.8,25/05/2007,7.5
5258,9225,2.8,17.6,13.5,26/05/2007,4.1
5259,9225,1,19.1,11.5,27/05/2007,7.6
5260,9225,32.2,17.1,12.6,28/05/2007,4.5
5261,9225,0,18.5,8.1,29/05/2007,10.4
5262,9225,0,19.9,11.8,30/05/2007,8.1
5263,9225,0,22.2,5,31/05/2007,17.2
5264,9225,0,22.8,6.2,1/06/2007,16.6
5265,9225,0,23.4,5.6,2/06/2007,17.8
5266,9225,0,21.6,10.1,3/06/2007,11.5
5267,9225,0,17.3,7.9,4/06/2007,9.4
5268,9225,0,20.3,8.5,5/06/2007,11.8
5269,9225,0,18.2,12.5,6/06/2007,5.7
5270,9225,1.4,23.7,12.7,7/06/2007,11
5271,9225,2.6,20.2,12.4,8/06/2007,7.8
5272,9225,1.6,20.5,9.6,9/06/2007,10.9
5273,9225,0,19.7,5.5,10/06/2007,14.2
5274,9225,0,20.7,4.6,11/06/2007,16.1
5275,9225,0,24.5,9.1,12/06/2007,15.4
5276,9225,0,22.8,9.2,13/06/2007,13.6
5277,9225,3.6,19.8,11.7,14/06/2007,8.1
5278,9225,0,21.2,5.5,15/06/2007,15.7
5279,9225,0,17.9,10.1,16/06/2007,7.8
5280,9225,0,17.3,4,17/06/2007,13.3
5281,9225,0,17.9,4.2,18/06/2007,13.7
5282,9225,0,16.5,8.8,19/06/2007,7.7
5283,9225,0,15.8,8.3,20/06/2007,7.5
5284,9225,0,17.7,6.9,21/06/2007,10.8
5285,9225,0,17.9,3.8,22/06/2007,14.1
5286,9225,19.2,17.1,9.3,23/06/2007,7.8
5287,9225,8,18.2,7.7,24/06/2007,10.5
5288,9225,3.2,19.8,8.9,25/06/2007,10.9
5289,9225,0.2,21.2,6.4,26/06/2007,14.8
5290,9225,0,21.8,8.1,27/06/2007,13.7
5291,9225,13.4,21.2,12.3,28/06/2007,8.9
5292,9225,0.8,20.8,10.5,29/06/2007,10.3
5293,9225,6,19.6,14.3,30/06/2007,5.3
5294,9225,7.4,18,12.3,1/07/2007,5.7
5295,9225,27.8,19.6,14.3,2/07/2007,5.3
5296,9225,16.6,17.8,11.1,3/07/2007,6.7
5297,9225,1.8,18.9,13.8,4/07/2007,5.1
5298,9225,0,20.2,11,5/07/2007,9.2
5299,9225,0.8,20.7,10.4,6/07/2007,10.3
5300,9225,0,23.8,7.3,7/07/2007,16.5
5301,9225,0,21.4,12.5,8/07/2007,8.9
5302,9225,4.8,17.4,5.4,9/07/2007,12
5303,9225,0,18.6,4,10/07/2007,14.6
5304,9225,0,19.7,4.5,11/07/2007,15.2
5305,9225,0,23,11.4,12/07/2007,11.6
5306,9225,0,19.1,12.8,13/07/2007,6.3
5307,9225,0,20.2,9.2,14/07/2007,11
5308,9225,0,20.4,3.4,15/07/2007,17
5309,9225,0,18.4,6.2,16/07/2007,12.2
5310,9225,0,19.9,3.9,17/07/2007,16
5311,9225,0,23.7,5.7,18/07/2007,18
5312,9225,1.8,18.5,10,19/07/2007,8.5
5313,9225,21.4,19.8,13,20/07/2007,6.8
5314,9225,2.2,17.5,8.9,21/07/2007,8.6
5315,9225,10.8,18.4,12.7,22/07/2007,5.7
5316,9225,1,19.5,12.3,23/07/2007,7.2
5317,9225,17.4,16.9,11.6,24/07/2007,5.3
5318,9225,6,17.9,12.5,25/07/2007,5.4
5319,9225,4,19,9.9,26/07/2007,9.1
5320,9225,0.6,21.4,8,27/07/2007,13.4
5321,9225,13.2,18.9,12.8,28/07/2007,6.1
5322,9225,6.6,19.3,13.2,29/07/2007,6.1
5323,9225,19.2,18.8,14.1,30/07/2007,4.7
5324,9225,16,18.2,11.3,31/07/2007,6.9
5325,9225,5.6,17.3,12.4,1/08/2007,4.9
5326,9225,12.4,16,4.7,2/08/2007,11.3
5327,9225,0,18.8,8.3,3/08/2007,10.5
5328,9225,0,20.8,3.3,4/08/2007,17.5
5329,9225,0,22,6.3,5/08/2007,15.7
5330,9225,18.6,16.5,12.9,6/08/2007,3.6
5331,9225,8.4,18.4,9.8,7/08/2007,8.6
5332,9225,1,18.3,12.2,8/08/2007,6.1
5333,9225,0,20.5,11.1,9/08/2007,9.4
5334,9225,10.6,14.5,14,10/08/2007,0.5
5335,9225,23.6,16.8,6.7,11/08/2007,10.1
5336,9225,0,17.8,3.1,12/08/2007,14.7
5337,9225,0,18.7,3.1,13/08/2007,15.6
5338,9225,4.6,16.6,8.7,14/08/2007,7.9
5339,9225,0.4,17.6,5.6,15/08/2007,12
5340,9225,0.2,18.2,4.5,16/08/2007,13.7
5341,9225,0,20.7,3.3,17/08/2007,17.4
5342,9225,0,24.3,5.7,18/08/2007,18.6
5343,9225,0,19.4,9.9,19/08/2007,9.5
5344,9225,5.6,20.6,10.1,20/08/2007,10.5
5345,9225,1.4,22.3,9.9,21/08/2007,12.4
5346,9225,0.2,21.7,10.5,22/08/2007,11.2
5347,9225,11.2,19,14.5,23/08/2007,4.5
5348,9225,0,20,10.8,24/08/2007,9.2
5349,9225,0.2,21,10.4,25/08/2007,10.6
5350,9225,8.4,17.9,13.9,26/08/2007,4
5351,9225,2.8,17.4,12.2,27/08/2007,5.2
5352,9225,1.6,19.5,10.6,28/08/2007,8.9
5353,9225,2.6,21.1,13.9,29/08/2007,7.2
5354,9225,11.4,16.5,3.4,30/08/2007,13.1
5355,9225,0,19,6.9,31/08/2007,12.1
5356,9225,0,19.2,4.6,1/09/2007,14.6
5357,9225,0,19.7,6.5,2/09/2007,13.2
5358,9225,0,27.6,10.4,3/09/2007,17.2
5359,9225,0,21,13,4/09/2007,8
5360,9225,2.4,19.4,10.4,5/09/2007,9
5361,9225,0,22.1,7.3,6/09/2007,14.8
5362,9225,0,17.6,8,7/09/2007,9.6
5363,9225,21.4,18.4,6.6,8/09/2007,11.8
5364,9225,0.2,19.8,9,9/09/2007,10.8
5365,9225,0,23.5,4.3,10/09/2007,19.2
5366,9225,0,21.5,5.9,11/09/2007,15.6
5367,9225,23.6,17.8,11.7,12/09/2007,6.1
5368,9225,7.8,17.6,11,13/09/2007,6.6
5369,9225,0.2,17.8,8.8,14/09/2007,9
5370,9225,10,18.5,10.1,15/09/2007,8.4
5371,9225,0.4,20.5,11.7,16/09/2007,8.8
5372,9225,0,21.6,10,17/09/2007,11.6
5373,9225,4,19.5,14,18/09/2007,5.5
5374,9225,3.8,19.3,9.4,19/09/2007,9.9
5375,9225,0,21,9.6,20/09/2007,11.4
5376,9225,0,21.6,8.5,21/09/2007,13.1
5377,9225,3.4,19.1,14.4,22/09/2007,4.7
5378,9225,0,19.7,5.1,23/09/2007,14.6
5379,9225,7.8,18.2,12.9,24/09/2007,5.3
5380,9225,8.4,17.8,5.7,25/09/2007,12.1
5381,9225,1.2,20.1,12.2,26/09/2007,7.9
5382,9225,2.8,20.2,14.6,27/09/2007,5.6
5383,9225,3.2,21.2,13.4,28/09/2007,7.8
5384,9225,0,22,8,29/09/2007,14
5385,9225,0,21.3,10.5,30/09/2007,10.8
5386,9225,0,20.2,10.4,1/10/2007,9.8
5387,9225,0,21.1,14.3,2/10/2007,6.8
5388,9225,0,22.6,6.6,3/10/2007,16
5389,9225,0,22,7.7,4/10/2007,14.3
5390,9225,0,24.6,11.1,5/10/2007,13.5
5391,9225,0,25.1,10.2,6/10/2007,14.9
5392,9225,0,24.1,9.4,7/10/2007,14.7
5393,9225,10.4,20.7,14.8,8/10/2007,5.9
5394,9225,10.8,18.5,14.8,9/10/2007,3.7
5395,9225,1.4,19.3,9.1,10/10/2007,10.2
5396,9225,0.2,22,7.7,11/10/2007,14.3
5397,9225,0,24.8,8,12/10/2007,16.8
5398,9225,0,29.4,9.1,13/10/2007,20.3
5399,9225,0,24.1,13.3,14/10/2007,10.8
5400,9225,0,26.2,14.5,15/10/2007,11.7
5401,9225,0,28.8,13.2,16/10/2007,15.6
5402,9225,0,21,16.4,17/10/2007,4.6
5403,9225,1,20.9,10.4,18/10/2007,10.5
5404,9225,0,27.1,7.9,19/10/2007,19.2
5405,9225,0,19.6,13,20/10/2007,6.6
5406,9225,1.2,21.3,11.4,21/10/2007,9.9
5407,9225,0,23.7,11.1,22/10/2007,12.6
5408,9225,0,26,10.3,23/10/2007,15.7
5409,9225,0,30.7,12.2,24/10/2007,18.5
5410,9225,0,26.4,11.5,25/10/2007,14.9
5411,9225,0,21.2,16.1,26/10/2007,5.1
5412,9225,12.4,16,8.1,27/10/2007,7.9
5413,9225,5,18.1,8.9,28/10/2007,9.2
5414,9225,0,19.5,4.7,29/10/2007,14.8
5415,9225,0,20.4,7,30/10/2007,13.4
5416,9225,0,21.6,8.3,31/10/2007,13.3
5417,9225,0,25.5,10.7,1/11/2007,14.8
5418,9225,0,23.9,10.9,2/11/2007,13
5419,9225,0,25.8,10.4,3/11/2007,15.4
5420,9225,0,29.9,12.9,4/11/2007,17
5421,9225,0,32,15,5/11/2007,17
5422,9225,0,23,15.9,6/11/2007,7.1
5423,9225,0,22.8,13.7,7/11/2007,9.1
5424,9225,0,24.5,14.3,8/11/2007,10.2
5425,9225,0,25.1,14,9/11/2007,11.1
5426,9225,0,30.9,14.7,10/11/2007,16.2
5427,9225,0,37,17.9,11/11/2007,19.1
5428,9225,0,39.8,21.6,12/11/2007,18.2
5429,9225,0,32,19.3,13/11/2007,12.7
5430,9225,0,30.6,15.8,14/11/2007,14.8
5431,9225,0,30.5,16.4,15/11/2007,14.1
5432,9225,0,28.8,14.7,16/11/2007,14.1
5433,9225,0,25.3,12.4,17/11/2007,12.9
5434,9225,1.2,22.4,15.7,18/11/2007,6.7
5435,9225,0.2,21,15.6,19/11/2007,5.4
5436,9225,0,22.2,9.1,20/11/2007,13.1
5437,9225,0,30.1,9.3,21/11/2007,20.8
5438,9225,0,35.2,11.2,22/11/2007,24
5439,9225,0,38.5,16.3,23/11/2007,22.2
5440,9225,0,31.7,14.1,24/11/2007,17.6
5441,9225,0,25.6,17.6,25/11/2007,8
5442,9225,0,28.7,14.8,26/11/2007,13.9
5443,9225,0,29.3,14.8,27/11/2007,14.5
5444,9225,0,35.2,16.8,28/11/2007,18.4
5445,9225,0,23.9,18.4,29/11/2007,5.5
5446,9225,3.8,22.3,15.3,30/11/2007,7
5447,9225,1.2,22.1,15.4,1/12/2007,6.7
5448,9225,0.2,22.5,10.5,2/12/2007,12
5449,9225,0,24.4,12,3/12/2007,12.4
5450,9225,0,25.4,12.7,4/12/2007,12.7
5451,9225,0,21.6,16.3,5/12/2007,5.3
5452,9225,4,20.1,9,6/12/2007,11.1
5453,9225,0,22.8,7.9,7/12/2007,14.9
5454,9225,0,25,13.2,8/12/2007,11.8
5455,9225,0,29.4,11.8,9/12/2007,17.6
5456,9225,0,34.9,14.6,10/12/2007,20.3
5457,9225,0,31.8,20.4,11/12/2007,11.4
5458,9225,3.8,26.4,13.4,12/12/2007,13
5459,9225,0,24.3,13.4,13/12/2007,10.9
5460,9225,0,26.7,15.3,14/12/2007,11.4
5461,9225,0,21.8,15.7,15/12/2007,6.1
5462,9225,1.4,20.9,16.3,16/12/2007,4.6
5463,9225,1.6,23.1,16,17/12/2007,7.1
5464,9225,5.8,24.3,16.7,18/12/2007,7.6
5465,9225,0,24.7,14.7,19/12/2007,10
5466,9225,0,24.6,14.9,20/12/2007,9.7
5467,9225,0,24.1,13,21/12/2007,11.1
5468,9225,0,27.4,14.3,22/12/2007,13.1
5469,9225,0,34.2,18,23/12/2007,16.2
5470,9225,0,35.9,18.9,24/12/2007,17
5471,9225,0,40.7,18.4,25/12/2007,22.3
5472,9225,0,44.2,20,26/12/2007,24.2
5473,9225,0,33.9,21.4,27/12/2007,12.5
5474,9225,0,29.7,18.2,28/12/2007,11.5
5475,9225,0,34.1,16.2,29/12/2007,17.9
5476,9225,0,27.3,16.5,30/12/2007,10.8
5477,9225,0,30,15.6,31/12/2007,14.4
5478,9225,0,33,15.9,1/01/2008,17.1
5479,9225,0,37.4,19.4,2/01/2008,18
5480,9225,0,41.9,23.5,3/01/2008,18.4
5481,9225,0,30,21.8,4/01/2008,8.2
5482,9225,0,27.8,15.9,5/01/2008,11.9
5483,9225,0,30.9,17.4,6/01/2008,13.5
5484,9225,0,39.2,20.4,7/01/2008,18.8
5485,9225,0,34.9,22.8,8/01/2008,12.1
5486,9225,0,25.4,19.8,9/01/2008,5.6
5487,9225,0,24.3,17.3,10/01/2008,7
5488,9225,0,26.3,13.1,11/01/2008,13.2
5489,9225,0,26.7,13.9,12/01/2008,12.8
5490,9225,0,32.9,17.7,13/01/2008,15.2
5491,9225,0,30.5,16.3,14/01/2008,14.2
5492,9225,0,34,16.6,15/01/2008,17.4
5493,9225,0,37.2,17.8,16/01/2008,19.4
5494,9225,0,41.3,21.7,17/01/2008,19.6
5495,9225,0,26.3,21.1,18/01/2008,5.2
5496,9225,0,30.8,19.5,19/01/2008,11.3
5497,9225,0,32.4,18.8,20/01/2008,13.6
5498,9225,0,32.4,18.9,21/01/2008,13.5
5499,9225,0,34.6,18,22/01/2008,16.6
5500,9225,0,35.9,18.8,23/01/2008,17.1
5501,9225,0,38.5,20.9,24/01/2008,17.6
5502,9225,0,37.3,19.5,25/01/2008,17.8
5503,9225,0,33.6,22,26/01/2008,11.6
5504,9225,0,33.3,21.1,27/01/2008,12.2
5505,9225,0,30.3,20.9,28/01/2008,9.4
5506,9225,0,31.6,17.7,29/01/2008,13.9
5507,9225,0,32.5,18.5,30/01/2008,14
5508,9225,0,32.7,17.5,31/01/2008,15.2
5509,9225,0,35.4,19.4,1/02/2008,16
5510,9225,0,37.3,21.4,2/02/2008,15.9
5511,9225,0,36.9,23.9,3/02/2008,13
5512,9225,0,36.1,22.1,4/02/2008,14
5513,9225,0,35.9,24.8,5/02/2008,11.1
5514,9225,0,35.2,23.9,6/02/2008,11.3
5515,9225,17.2,22.1,16.9,7/02/2008,5.2
5516,9225,30.4,30.3,16.8,8/02/2008,13.5
5517,9225,0,30,19.1,9/02/2008,10.9
5518,9225,0,35.3,20.7,10/02/2008,14.6
5519,9225,0,37.2,22.4,11/02/2008,14.8
5520,9225,0,36.8,20.5,12/02/2008,16.3
5521,9225,0,36.9,22.5,13/02/2008,14.4
5522,9225,0,30.5,24.9,14/02/2008,5.6
5523,9225,0,26.9,21.5,15/02/2008,5.4
5524,9225,0,27.6,18.2,16/02/2008,9.4
5525,9225,0,27.7,20.8,17/02/2008,6.9
5526,9225,0,25.8,16.1,18/02/2008,9.7
5527,9225,0,27.5,14.6,19/02/2008,12.9
5528,9225,0,26.1,14.7,20/02/2008,11.4
5529,9225,0,28.9,15.7,21/02/2008,13.2
5530,9225,0,27.6,14.3,22/02/2008,13.3
5531,9225,0,29.7,14.5,23/02/2008,15.2
5532,9225,0,33.1,16.5,24/02/2008,16.6
5533,9225,0,35.5,16.8,25/02/2008,18.7
5534,9225,0,37,17.2,26/02/2008,19.8
5535,9225,0,37.8,20.3,27/02/2008,17.5
5536,9225,0,41.5,20.9,28/02/2008,20.6
5537,9225,0,32.5,18,29/02/2008,14.5
5538,9225,0,29.3,21.7,1/03/2008,7.6
5539,9225,0,29.6,18.5,2/03/2008,11.1
5540,9225,0,32.5,18.8,3/03/2008,13.7
5541,9225,0,31.6,18.8,4/03/2008,12.8
5542,9225,0,32.7,17.8,5/03/2008,14.9
5543,9225,0,30.9,19.3,6/03/2008,11.6
5544,9225,1.6,26.4,21.7,7/03/2008,4.7
5545,9225,0.6,26.2,13.9,8/03/2008,12.3
5546,9225,0,28.3,16.1,9/03/2008,12.2
5547,9225,0,32.5,18,10/03/2008,14.5
5548,9225,0,35,19.6,11/03/2008,15.4
5549,9225,0,35.3,17.5,12/03/2008,17.8
5550,9225,0,24.6,20.5,13/03/2008,4.1
5551,9225,0,24.4,9.5,14/03/2008,14.9
5552,9225,0,25.5,12.2,15/03/2008,13.3
5553,9225,0,26.8,12.7,16/03/2008,14.1
5554,9225,0,28.6,13.7,17/03/2008,14.9
5555,9225,0,31.5,18.6,18/03/2008,12.9
5556,9225,0,32.5,17.8,19/03/2008,14.7
5557,9225,0,31.3,17.3,20/03/2008,14
5558,9225,0,33.3,17.6,21/03/2008,15.7
5559,9225,0,30.6,17.8,22/03/2008,12.8
5560,9225,0,26.1,16.9,23/03/2008,9.2
5561,9225,0,26.2,12.9,24/03/2008,13.3
5562,9225,0,27.6,14,25/03/2008,13.6
5563,9225,0,29.9,15.3,26/03/2008,14.6
5564,9225,0,32.5,17.6,27/03/2008,14.9
5565,9225,0,32.2,17.2,28/03/2008,15
5566,9225,0,29.9,15.9,29/03/2008,14
5567,9225,0,28.8,14.3,30/03/2008,14.5
5568,9225,12,18.4,13.3,31/03/2008,5.1
5569,9225,27.6,23.3,13.3,1/04/2008,10
5570,9225,0,22.5,12,2/04/2008,10.5
5571,9225,0,26.5,12.5,3/04/2008,14
5572,9225,0,29.9,13.4,4/04/2008,16.5
5573,9225,14.6,24.2,17.6,5/04/2008,6.6
5574,9225,58.6,25.9,18,6/04/2008,7.9
5575,9225,0,25.1,13.7,7/04/2008,11.4
5576,9225,6.2,25,18.5,8/04/2008,6.5
5577,9225,0,25.9,11.8,9/04/2008,14.1
5578,9225,0.8,22.8,14.7,10/04/2008,8.1
5579,9225,0,24.7,9,11/04/2008,15.7
5580,9225,0,28.2,8.3,12/04/2008,19.9
5581,9225,0,30.3,8.8,13/04/2008,21.5
5582,9225,0,33.1,10.9,14/04/2008,22.2
5583,9225,0,28.6,11,15/04/2008,17.6
5584,9225,0,28.3,14.5,16/04/2008,13.8
5585,9225,23.2,19.6,15.2,17/04/2008,4.4
5586,9225,6.2,22.4,13.6,18/04/2008,8.8
5587,9225,0.8,18.8,8.3,19/04/2008,10.5
5588,9225,0,19.8,7.6,20/04/2008,12.2
5589,9225,0,18.8,7,21/04/2008,11.8
5590,9225,1.4,22.7,10.4,22/04/2008,12.3
5591,9225,6,21.5,13.4,23/04/2008,8.1
5592,9225,0,22.5,9,24/04/2008,13.5
5593,9225,0,24.2,9,25/04/2008,15.2
5594,9225,0,22.4,13,26/04/2008,9.4
5595,9225,0,22.1,14.5,27/04/2008,7.6
5596,9225,0.6,24.3,14.9,28/04/2008,9.4
5597,9225,6.4,21.8,13.4,29/04/2008,8.4
5598,9225,1.2,21.2,16.3,30/04/2008,4.9
5599,9225,0,21.9,6.9,1/05/2008,15
5600,9225,0,24.3,5.7,2/05/2008,18.6
5601,9225,0,23.3,8.4,3/05/2008,14.9
5602,9225,0,22.9,9.1,4/05/2008,13.8
5603,9225,0,22.7,7.2,5/05/2008,15.5
5604,9225,0,26.7,7.6,6/05/2008,19.1
5605,9225,0,25.3,12.3,7/05/2008,13
5606,9225,0,24.3,11.2,8/05/2008,13.1
5607,9225,0,27.7,12.7,9/05/2008,15
5608,9225,1.6,23.3,12.7,10/05/2008,10.6
5609,9225,8.8,22.8,13.6,11/05/2008,9.2
5610,9225,0.2,24.5,8.7,12/05/2008,15.8
5611,9225,4.4,20,14.5,13/05/2008,5.5
5612,9225,7.4,17.8,6.7,14/05/2008,11.1
5613,9225,0.6,20.4,11.3,15/05/2008,9.1
5614,9225,1.6,17.7,6.6,16/05/2008,11.1
5615,9225,0,20.2,5.2,17/05/2008,15
5616,9225,0,21.1,5.8,18/05/2008,15.3
5617,9225,0,22,6.4,19/05/2008,15.6
5618,9225,0,23.1,9,20/05/2008,14.1
5619,9225,0,23.8,6.6,21/05/2008,17.2
5620,9225,10.6,19.4,10.7,22/05/2008,8.7
5621,9225,5.4,20.2,13.5,23/05/2008,6.7
5622,9225,3,21.6,15.2,24/05/2008,6.4
5623,9225,6.8,21.9,15,25/05/2008,6.9
5624,9225,0.2,24.9,11.1,26/05/2008,13.8
5625,9225,0,26.5,9.7,27/05/2008,16.8
5626,9225,0,23.9,13.8,28/05/2008,10.1
5627,9225,9,20.4,14.1,29/05/2008,6.3
5628,9225,0,23.8,12.3,30/05/2008,11.5
5629,9225,0,22.2,16.8,31/05/2008,5.4
5630,9225,42.8,22.3,15.1,1/06/2008,7.2
5631,9225,0,20.8,10.7,2/06/2008,10.1
5632,9225,0,23.2,10.4,3/06/2008,12.8
5633,9225,0,20.7,11.3,4/06/2008,9.4
5634,9225,0,21.1,9.6,5/06/2008,11.5
5635,9225,0,21.1,8.4,6/06/2008,12.7
5636,9225,0,21.2,4.7,7/06/2008,16.5
5637,9225,0,21.4,5.5,8/06/2008,15.9
5638,9225,4.6,18,12.1,9/06/2008,5.9
5639,9225,15.2,18.9,7.5,10/06/2008,11.4
5640,9225,0.2,18.2,9,11/06/2008,9.2
5641,9225,7.4,19.8,11.1,12/06/2008,8.7
5642,9225,0,20.9,5,13/06/2008,15.9
5643,9225,0,23,5.9,14/06/2008,17.1
5644,9225,8,17.7,13.4,15/06/2008,4.3
5645,9225,26.2,16,8.6,16/06/2008,7.4
5646,9225,9.2,16.2,9.7,17/06/2008,6.5
5647,9225,2.4,18.8,4.5,18/06/2008,14.3
5648,9225,0,20.3,3.6,19/06/2008,16.7
5649,9225,0,20,4.6,20/06/2008,15.4
5650,9225,0,20.4,3.2,21/06/2008,17.2
5651,9225,0,21.2,2.9,22/06/2008,18.3
5652,9225,0,21.8,4.3,23/06/2008,17.5
5653,9225,0,22.4,3,24/06/2008,19.4
5654,9225,1,18.3,11.5,25/06/2008,6.8
5655,9225,0,14.2,3.9,26/06/2008,10.3
5656,9225,1.4,22,7.8,27/06/2008,14.2
5657,9225,17.4,17.2,10.4,28/06/2008,6.8
5658,9225,6,18,12.5,29/06/2008,5.5
5659,9225,0.2,17,3.3,30/06/2008,13.7
5660,9225,0,18.8,2.7,1/07/2008,16.1
5661,9225,0,20.7,6.4,2/07/2008,14.3
5662,9225,0.4,19.9,6.5,3/07/2008,13.4
5663,9225,1.8,19.2,9.5,4/07/2008,9.7
5664,9225,1.8,16.4,9.5,5/07/2008,6.9
5665,9225,6.8,15.9,0.7,6/07/2008,15.2
5666,9225,0,18.3,0.7,7/07/2008,17.6
5667,9225,0,20.4,3.2,8/07/2008,17.2
5668,9225,8,19.5,9.8,9/07/2008,9.7
5669,9225,4.6,20.4,11.2,10/07/2008,9.2
5670,9225,2.6,17.1,13.4,11/07/2008,3.7
5671,9225,4.4,17.3,7.9,12/07/2008,9.4
5672,9225,0.2,18.8,5.3,13/07/2008,13.5
5673,9225,0,19.7,7.9,14/07/2008,11.8
5674,9225,0,17.1,9,15/07/2008,8.1
5675,9225,24,17.1,10.2,16/07/2008,6.9
5676,9225,2.6,16.9,6.7,17/07/2008,10.2
5677,9225,20.6,17.9,10.4,18/07/2008,7.5
5678,9225,15.2,14.3,3.3,19/07/2008,11
5679,9225,0,17,1.2,20/07/2008,15.8
5680,9225,0,17.1,3.1,21/07/2008,14
5681,9225,0,18.9,3.3,22/07/2008,15.6
5682,9225,0,17.4,8.9,23/07/2008,8.5
5683,9225,19.2,18.3,9.3,24/07/2008,9
5684,9225,0,17,7.4,25/07/2008,9.6
5685,9225,12.6,19.3,7.8,26/07/2008,11.5
5686,9225,4,20.8,9,27/07/2008,11.8
5687,9225,5.4,15.9,11.8,28/07/2008,4.1
5688,9225,11.6,18,9.7,29/07/2008,8.3
5689,9225,30.6,16.2,12.4,30/07/2008,3.8
5690,9225,3,14.1,6.7,31/07/2008,7.4
5691,9225,7.8,18.1,7.8,1/08/2008,10.3
5692,9225,18.2,17.5,11.2,2/08/2008,6.3
5693,9225,0.2,17.1,4.7,3/08/2008,12.4
5694,9225,0,19.4,2.1,4/08/2008,17.3
5695,9225,0,20.3,2.2,5/08/2008,18.1
5696,9225,0,20.7,2.3,6/08/2008,18.4
5697,9225,0,17.3,4.3,7/08/2008,13
5698,9225,0,17.6,7,8/08/2008,10.6
5699,9225,0,18,8.1,9/08/2008,9.9
5700,9225,0,18.7,9.1,10/08/2008,9.6
5701,9225,0,20.4,7.6,11/08/2008,12.8
5702,9225,0,17.5,4.9,12/08/2008,12.6
5703,9225,0,19.7,5.8,13/08/2008,13.9
5704,9225,0,21.3,3.3,14/08/2008,18
5705,9225,0,23.1,3.3,15/08/2008,19.8
5706,9225,0,23.9,3.1,16/08/2008,20.8
5707,9225,0,24.2,2.5,17/08/2008,21.7
5708,9225,0,22.5,1.8,18/08/2008,20.7
5709,9225,0,18.2,5.5,19/08/2008,12.7
5710,9225,0.2,17.4,6.9,20/08/2008,10.5
5711,9225,0,17.6,8.5,21/08/2008,9.1
5712,9225,0,19.1,5.5,22/08/2008,13.6
5713,9225,0,21.4,3.4,23/08/2008,18
5714,9225,0,21.3,3.8,24/08/2008,17.5
5715,9225,0,20.1,5,25/08/2008,15.1
5716,9225,0,21.2,6.8,26/08/2008,14.4
5717,9225,0,24.1,8.7,27/08/2008,15.4
5718,9225,0,21.7,7.1,28/08/2008,14.6
5719,9225,1.2,18.7,9.5,29/08/2008,9.2
5720,9225,0.2,16.9,3.8,30/08/2008,13.1
5721,9225,0,18.5,8.7,31/08/2008,9.8
5722,9225,3.4,18.9,10.9,1/09/2008,8
5723,9225,0.2,22.9,5.4,2/09/2008,17.5
5724,9225,0,,8.1,3/09/2008,-8.1
5725,9225,0,19.4,11.3,4/09/2008,8.1
5726,9225,1.2,21.6,9.8,5/09/2008,11.8
5727,9225,0,19.4,9.7,6/09/2008,9.7
5728,9225,0,20.1,5.7,7/09/2008,14.4
5729,9225,0,22.4,5.3,8/09/2008,17.1
5730,9225,0,21.3,4.6,9/09/2008,16.7
5731,9225,0,18.9,7.7,10/09/2008,11.2
5732,9225,0.8,20.5,13.4,11/09/2008,7.1
5733,9225,0.4,20.9,15.2,12/09/2008,5.7
5734,9225,6,17.6,11.8,13/09/2008,5.8
5735,9225,0,19.6,13.6,14/09/2008,6
5736,9225,1.2,20.3,6.2,15/09/2008,14.1
5737,9225,0,22.5,4.7,16/09/2008,17.8
5738,9225,8.2,19,11.6,17/09/2008,7.4
5739,9225,1.8,20,13.2,18/09/2008,6.8
5740,9225,4,20.5,13.8,19/09/2008,6.7
5741,9225,0.2,21.7,9.5,20/09/2008,12.2
5742,9225,3.4,17,13,21/09/2008,4
5743,9225,5.4,19,1,22/09/2008,18
5744,9225,0,23.5,5.7,23/09/2008,17.8
5745,9225,0,25.5,11.3,24/09/2008,14.2
5746,9225,21,16.5,15.2,25/09/2008,1.3
5747,9225,14.2,18.2,10.2,26/09/2008,8
5748,9225,0,18.9,7.6,27/09/2008,11.3
5749,9225,0.2,21.6,12.3,28/09/2008,9.3
5750,9225,0,24.6,8.2,29/09/2008,16.4
5751,9225,4.2,19.1,11.8,30/09/2008,7.3
5752,9225,0.6,19.9,13,1/10/2008,6.9
5753,9225,5,18.4,12.9,2/10/2008,5.5
5754,9225,0,19.4,4.8,3/10/2008,14.6
5755,9225,0.4,19.6,9,4/10/2008,10.6
5756,9225,0.4,19,3.4,5/10/2008,15.6
5757,9225,0,20.5,7.4,6/10/2008,13.1
5758,9225,0,21.9,7.4,7/10/2008,14.5
5759,9225,0,26.9,7.8,8/10/2008,19.1
5760,9225,0,22.6,7.4,9/10/2008,15.2
5761,9225,0,25.6,11.1,10/10/2008,14.5
5762,9225,0,20.6,9.7,11/10/2008,10.9
5763,9225,0,20.5,13.1,12/10/2008,7.4
5764,9225,0,22.1,6.3,13/10/2008,15.8
5765,9225,0,29.5,12.2,14/10/2008,17.3
5766,9225,0,32.1,18.1,15/10/2008,14
5767,9225,0,22.3,15.7,16/10/2008,6.6
5768,9225,0,22,14.8,17/10/2008,7.2
5769,9225,0,25.8,15.7,18/10/2008,10.1
5770,9225,0,33.5,12.8,19/10/2008,20.7
5771,9225,0,35.7,21.3,20/10/2008,14.4
5772,9225,0,32.7,17.9,21/10/2008,14.8
5773,9225,0,30.1,16.5,22/10/2008,13.6
5774,9225,0,31.1,18.4,23/10/2008,12.7
5775,9225,5,23,18,24/10/2008,5
5776,9225,20.4,20.5,13.2,25/10/2008,7.3
5777,9225,0.2,21.6,7.7,26/10/2008,13.9
5778,9225,0,22.3,8.5,27/10/2008,13.8
5779,9225,0,20.3,15.4,28/10/2008,4.9
5780,9225,6.2,21.8,16.1,29/10/2008,5.7
5781,9225,0.2,19.5,10.3,30/10/2008,9.2
5782,9225,0,22.5,10,31/10/2008,12.5
5783,9225,0,24.1,10.8,1/11/2008,13.3
5784,9225,0,25.9,9.1,2/11/2008,16.8
5785,9225,0,19.5,13.6,3/11/2008,5.9
5786,9225,9.2,20.7,13.6,4/11/2008,7.1
5787,9225,9,19.5,12.4,5/11/2008,7.1
5788,9225,8.4,18.9,9.1,6/11/2008,9.8
5789,9225,2.8,20,6.5,7/11/2008,13.5
5790,9225,0,24.3,8.5,8/11/2008,15.8
5791,9225,0,27.1,11.2,9/11/2008,15.9
5792,9225,0,26.3,14.2,10/11/2008,12.1
5793,9225,0,22.2,16.1,11/11/2008,6.1
5794,9225,0,22.5,12.9,12/11/2008,9.6
5795,9225,0,23.3,12.4,13/11/2008,10.9
5796,9225,0,24.4,11.9,14/11/2008,12.5
5797,9225,0,25.8,12.4,15/11/2008,13.4
5798,9225,0,25.5,12.7,16/11/2008,12.8
5799,9225,0,26.8,13.7,17/11/2008,13.1
5800,9225,0,25.9,13.6,18/11/2008,12.3
5801,9225,0,29.5,11,19/11/2008,18.5
5802,9225,2.6,23.1,15.9,20/11/2008,7.2
5803,9225,0.6,24.4,11.8,21/11/2008,12.6
5804,9225,0.2,23.6,13.6,22/11/2008,10
5805,9225,17.4,22.2,14.8,23/11/2008,7.4
5806,9225,1.8,21.8,13.9,24/11/2008,7.9
5807,9225,4,23.2,13.4,25/11/2008,9.8
5808,9225,0.2,22.2,12.5,26/11/2008,9.7
5809,9225,1.4,22.4,14.5,27/11/2008,7.9
5810,9225,0.2,23.9,13.1,28/11/2008,10.8
5811,9225,0,23.4,11.1,29/11/2008,12.3
5812,9225,0,24.5,13.1,30/11/2008,11.4
5813,9225,0,27.2,12.8,1/12/2008,14.4
5814,9225,0,32.7,12.2,2/12/2008,20.5
5815,9225,0.4,23.1,18.3,3/12/2008,4.8
5816,9225,0.8,24.2,17,4/12/2008,7.2
5817,9225,0.4,23.4,15,5/12/2008,8.4
5818,9225,0,27.6,14.1,6/12/2008,13.5
5819,9225,0,27.6,12.6,7/12/2008,15
5820,9225,0,22.7,14.7,8/12/2008,8
5821,9225,0,22.5,12.6,9/12/2008,9.9
5822,9225,3.2,21.9,12.7,10/12/2008,9.2
5823,9225,4.2,24.2,12.9,11/12/2008,11.3
5824,9225,0,25.8,14,12/12/2008,11.8
5825,9225,0,31.5,15.6,13/12/2008,15.9
5826,9225,0,38.4,18.8,14/12/2008,19.6
5827,9225,0,26.7,19.8,15/12/2008,6.9
5828,9225,0,26.2,17.6,16/12/2008,8.6
5829,9225,0,25.4,14.5,17/12/2008,10.9
5830,9225,0,31.6,15.6,18/12/2008,16
5831,9225,0,29.1,14.2,19/12/2008,14.9
5832,9225,0.6,23.1,18.3,20/12/2008,4.8
5833,9225,2,23.6,16,21/12/2008,7.6
5834,9225,0,28,13.6,22/12/2008,14.4
5835,9225,0,25.2,14.5,23/12/2008,10.7
5836,9225,0,27.1,15.1,24/12/2008,12
5837,9225,0,26.6,14.3,25/12/2008,12.3
5838,9225,0,26.4,14.7,26/12/2008,11.7
5839,9225,0,28.8,14.9,27/12/2008,13.9
5840,9225,0,30.8,17,28/12/2008,13.8
5841,9225,0,36.3,17.8,29/12/2008,18.5
5842,9225,0,39,20.7,30/12/2008,18.3
5843,9225,0,34.6,21.6,31/12/2008,13
5844,9225,0,36.5,19.1,1/01/2009,17.4
5845,9225,0,35.4,21.5,2/01/2009,13.9
5846,9225,0,32.2,20.8,3/01/2009,11.4
5847,9225,0,35,18.7,4/01/2009,16.3
5848,9225,0,36.1,21.9,5/01/2009,14.2
5849,9225,0,34.6,19.9,6/01/2009,14.7
5850,9225,0,35.4,18.8,7/01/2009,16.6
5851,9225,0,35.3,19.9,8/01/2009,15.4
5852,9225,0,35,19.3,9/01/2009,15.7
5853,9225,0,34.3,18.2,10/01/2009,16.1
5854,9225,0,38.4,21.1,11/01/2009,17.3
5855,9225,0,27.3,16.7,12/01/2009,10.6
5856,9225,0.2,25.9,12,13/01/2009,13.9
5857,9225,0,30.1,15.9,14/01/2009,14.2
5858,9225,0,39.7,18.8,15/01/2009,20.9
5859,9225,0,41.8,22.7,16/01/2009,19.1
5860,9225,0,30.3,18.3,17/01/2009,12
5861,9225,0,31.1,20.6,18/01/2009,10.5
5862,9225,0,28.9,15.9,19/01/2009,13
5863,9225,0,27.9,15.6,20/01/2009,12.3
5864,9225,0,26.9,16.4,21/01/2009,10.5
5865,9225,0,27.9,18.6,22/01/2009,9.3
5866,9225,0,27.1,19.8,23/01/2009,7.3
5867,9225,0,30.2,15.9,24/01/2009,14.3
5868,9225,0,37.4,18.1,25/01/2009,19.3
5869,9225,0,29.6,18.9,26/01/2009,10.7
5870,9225,0,32.7,17.8,27/01/2009,14.9
5871,9225,0,30.1,21.6,28/01/2009,8.5
5872,9225,0,26.9,19.4,29/01/2009,7.5
5873,9225,0,30.7,17.7,30/01/2009,13
5874,9225,0,36,23.3,31/01/2009,12.7
5875,9225,0.4,35.8,22.2,1/02/2009,13.6
5876,9225,0,38.6,22.3,2/02/2009,16.3
5877,9225,0,31.7,21.2,3/02/2009,10.5
5878,9225,0,30.4,20,4/02/2009,10.4
5879,9225,0,30.8,17.1,5/02/2009,13.7
5880,9225,0,25.5,16,6/02/2009,9.5
5881,9225,0,25.8,11.4,7/02/2009,14.4
5882,9225,0,33.2,15.6,8/02/2009,17.6
5883,9225,0,34.9,17.6,9/02/2009,17.3
5884,9225,0,37.1,19.8,10/02/2009,17.3
5885,9225,0,39.7,23.7,11/02/2009,16
5886,9225,0,40.1,20.5,12/02/2009,19.6
5887,9225,0,29.4,21.5,13/02/2009,7.9
5888,9225,0,28.3,18.3,14/02/2009,10
5889,9225,0.2,31.3,16.1,15/02/2009,15.2
5890,9225,0,26.3,19.4,16/02/2009,6.9
5891,9225,0,30.2,16.3,17/02/2009,13.9
5892,9225,0,30.6,17.3,18/02/2009,13.3
5893,9225,0,32.4,16.7,19/02/2009,15.7
5894,9225,0,36.8,18.3,20/02/2009,18.5
5895,9225,0,39.8,21.5,21/02/2009,18.3
5896,9225,0,29.6,20.7,22/02/2009,8.9
5897,9225,0,34.3,17.1,23/02/2009,17.2
5898,9225,0,25.3,19.3,24/02/2009,6
5899,9225,0,22.2,14.2,25/02/2009,8
5900,9225,7.6,23.5,10,26/02/2009,13.5
5901,9225,0,29.2,14.4,27/02/2009,14.8
5902,9225,0,36.8,15.4,28/02/2009,21.4
5903,9225,0.2,33,21.7,1/03/2009,11.3
5904,9225,0.2,23.5,18.1,2/03/2009,5.4
5905,9225,0,26,7.7,3/03/2009,18.3
5906,9225,0,30.7,13.6,4/03/2009,17.1
5907,9225,0,33.8,15.8,5/03/2009,18
5908,9225,0,33.4,14.4,6/03/2009,19
5909,9225,0,31.8,17,7/03/2009,14.8
5910,9225,0,34.3,16.8,8/03/2009,17.5
5911,9225,0,35.3,14.2,9/03/2009,21.1
5912,9225,0,37.2,15.5,10/03/2009,21.7
5913,9225,0,30.8,13.3,11/03/2009,17.5
5914,9225,0,26.6,19.3,12/03/2009,7.3
5915,9225,0,27.4,14,13/03/2009,13.4
5916,9225,0,31.6,14.1,14/03/2009,17.5
5917,9225,0,39.8,16.4,15/03/2009,23.4
5918,9225,0,30.8,16.2,16/03/2009,14.6
5919,9225,0,24.5,19.1,17/03/2009,5.4
5920,9225,0.8,24,15.6,18/03/2009,8.4
5921,9225,0,25.4,10.3,19/03/2009,15.1
5922,9225,0,25,14.9,20/03/2009,10.1
5923,9225,2.8,24.1,12.1,21/03/2009,12
5924,9225,0,23.5,8.5,22/03/2009,15
5925,9225,0,24.7,13.8,23/03/2009,10.9
5926,9225,2.6,25,13.6,24/03/2009,11.4
5927,9225,0.2,25.4,15.5,25/03/2009,9.9
5928,9225,0,31.3,15.9,26/03/2009,15.4
5929,9225,0,36.3,14.8,27/03/2009,21.5
5930,9225,0,27,16.9,28/03/2009,10.1
5931,9225,0,26.1,16.9,29/03/2009,9.2
5932,9225,0,25.3,17.4,30/03/2009,7.9
5933,9225,0,25.4,14.8,31/03/2009,10.6
5934,9225,0,23.4,11.8,1/04/2009,11.6
5935,9225,0,24.6,9.5,2/04/2009,15.1
5936,9225,0,28.3,13.5,3/04/2009,14.8
5937,9225,0,29.7,14.5,4/04/2009,15.2
5938,9225,0,28,14.4,5/04/2009,13.6
5939,9225,0,29.2,14.6,6/04/2009,14.6
5940,9225,0,32,16,7/04/2009,16
5941,9225,0,34,13,8/04/2009,21
5942,9225,0,33.5,14.4,9/04/2009,19.1
5943,9225,0,35.5,17,10/04/2009,18.5
5944,9225,0,28.8,13.8,11/04/2009,15
5945,9225,0,34.3,15.6,12/04/2009,18.7
5946,9225,0,24.8,20.9,13/04/2009,3.9
5947,9225,4.8,27.8,15.1,14/04/2009,12.7
5948,9225,0,24.9,13.4,15/04/2009,11.5
5949,9225,0,27.3,11.3,16/04/2009,16
5950,9225,0,29.4,12.8,17/04/2009,16.6
5951,9225,0,25.5,15.5,18/04/2009,10
5952,9225,0,29.7,13.3,19/04/2009,16.4
5953,9225,0,27.3,14.9,20/04/2009,12.4
5954,9225,0,30.1,13.4,21/04/2009,16.7
5955,9225,0,20.9,15.3,22/04/2009,5.6
5956,9225,0.2,20.8,6,23/04/2009,14.8
5957,9225,0,22.7,11.6,24/04/2009,11.1
5958,9225,0,22.3,13.9,25/04/2009,8.4
5959,9225,0,26.1,9.6,26/04/2009,16.5
5960,9225,0,28.5,11.4,27/04/2009,17.1
5961,9225,0,28.5,13.3,28/04/2009,15.2
5962,9225,0,25.7,14.2,29/04/2009,11.5
5963,9225,0,22.9,10,30/04/2009,12.9
5964,9225,0,25,11.3,1/05/2009,13.7
5965,9225,0,28.1,9.9,2/05/2009,18.2
5966,9225,0,27.7,8.7,3/05/2009,19
5967,9225,0,28.4,9.1,4/05/2009,19.3
5968,9225,0,28.5,8.7,5/05/2009,19.8
5969,9225,0,27.4,9.5,6/05/2009,17.9
5970,9225,0,26.6,8.4,7/05/2009,18.2
5971,9225,0,25.6,7.6,8/05/2009,18
5972,9225,0,26.3,6.5,9/05/2009,19.8
5973,9225,0,23.4,8.2,10/05/2009,15.2
5974,9225,0,26,11.4,11/05/2009,14.6
5975,9225,0,25,13.5,12/05/2009,11.5
5976,9225,0,24.7,11.9,13/05/2009,12.8
5977,9225,0,24.5,9,14/05/2009,15.5
5978,9225,0,25.3,6.3,15/05/2009,19
5979,9225,0,24.9,5.1,16/05/2009,19.8
5980,9225,0,26.4,6.4,17/05/2009,20
5981,9225,0,23,5.9,18/05/2009,17.1
5982,9225,0,23.5,10.4,19/05/2009,13.1
5983,9225,0,26,13.2,20/05/2009,12.8
5984,9225,12.2,23.7,16.2,21/05/2009,7.5
5985,9225,12,17.5,9.9,22/05/2009,7.6
5986,9225,21,16.1,11.8,23/05/2009,4.3
5987,9225,0.8,18.8,4.8,24/05/2009,14
5988,9225,0,19.3,3.3,25/05/2009,16
5989,9225,0,23.2,6.7,26/05/2009,16.5
5990,9225,0,23.1,12.2,27/05/2009,10.9
5991,9225,0,24.2,12.6,28/05/2009,11.6
5992,9225,0,24.4,11.3,29/05/2009,13.1
5993,9225,0,26.7,13.1,30/05/2009,13.6
5994,9225,0,24.2,12.2,31/05/2009,12
5995,9225,0,26.2,13.2,1/06/2009,13
5996,9225,4,23.6,10.5,2/06/2009,13.1
5997,9225,3.8,20.4,10.1,3/06/2009,10.3
5998,9225,3,17.6,8,4/06/2009,9.6
5999,9225,0.6,19.1,7.3,5/06/2009,11.8
6000,9225,0,20,6,6/06/2009,14
6001,9225,0,17.5,5.8,7/06/2009,11.7
6002,9225,0,21,5,8/06/2009,16
6003,9225,0,23.1,4.3,9/06/2009,18.8
6004,9225,1.2,22,11.9,10/06/2009,10.1
6005,9225,22.2,17,12.2,11/06/2009,4.8
6006,9225,8.6,15.4,5.2,12/06/2009,10.2
6007,9225,0.2,16.7,5.1,13/06/2009,11.6
6008,9225,0,19.4,3.4,14/06/2009,16
6009,9225,0,21.1,8.2,15/06/2009,12.9
6010,9225,0,21.4,6.1,16/06/2009,15.3
6011,9225,0,20.8,4.7,17/06/2009,16.1
6012,9225,0,19.7,10.5,18/06/2009,9.2
6013,9225,14.2,16.6,13.1,19/06/2009,3.5
6014,9225,8,18.3,11.2,20/06/2009,7.1
6015,9225,17.4,14.8,10.4,21/06/2009,4.4
6016,9225,0,15.7,7.6,22/06/2009,8.1
6017,9225,1.6,12.8,8.8,23/06/2009,4
6018,9225,11.8,17.5,9.2,24/06/2009,8.3
6019,9225,12.8,20,12,25/06/2009,8
6020,9225,0.6,16.6,9.5,26/06/2009,7.1
6021,9225,4.8,18,12.8,27/06/2009,5.2
6022,9225,9.8,19.3,13,28/06/2009,6.3
6023,9225,23.2,16,13.7,29/06/2009,2.3
6024,9225,8.4,15.9,9.1,30/06/2009,6.8
6025,9225,7.2,18.1,8.4,1/07/2009,9.7
6026,9225,0,17.4,2.6,2/07/2009,14.8
6027,9225,0,17.9,4.8,3/07/2009,13.1
6028,9225,0,18.1,8.3,4/07/2009,9.8
6029,9225,0,21,6.6,5/07/2009,14.4
6030,9225,4.2,19.1,11.5,6/07/2009,7.6
6031,9225,3.2,18.5,8.6,7/07/2009,9.9
6032,9225,1.2,18.3,10.7,8/07/2009,7.6
6033,9225,14,18.9,11.6,9/07/2009,7.3
6034,9225,17.4,17.8,10.8,10/07/2009,7
6035,9225,4,17.4,7.9,11/07/2009,9.5
6036,9225,0,16.9,5.4,12/07/2009,11.5
6037,9225,0,16.9,2.2,13/07/2009,14.7
6038,9225,0,17.7,1.5,14/07/2009,16.2
6039,9225,0,21.6,5.5,15/07/2009,16.1
6040,9225,8.6,17.2,12.3,16/07/2009,4.9
6041,9225,7.8,18.1,12.8,17/07/2009,5.3
6042,9225,0.2,19.5,13.5,18/07/2009,6
6043,9225,30.6,16.3,10.6,19/07/2009,5.7
6044,9225,24,14.3,8.1,20/07/2009,6.2
6045,9225,9.6,16,8.6,21/07/2009,7.4
6046,9225,4,17.4,7.5,22/07/2009,9.9
6047,9225,11,16,11.2,23/07/2009,4.8
6048,9225,0,15.8,3.4,24/07/2009,12.4
6049,9225,1.6,14.7,7,25/07/2009,7.7
6050,9225,0,15.2,2.7,26/07/2009,12.5
6051,9225,0,16.3,5,27/07/2009,11.3
6052,9225,0,17.4,4,28/07/2009,13.4
6053,9225,0,20.1,2.9,29/07/2009,17.2
6054,9225,0,21.7,4.3,30/07/2009,17.4
6055,9225,0,21.1,3.8,31/07/2009,17.3
6056,9225,0,19.5,3.3,1/08/2009,16.2
6057,9225,0,20.5,4.1,2/08/2009,16.4
6058,9225,0,20.9,4.7,3/08/2009,16.2
6059,9225,0,21,5.2,4/08/2009,15.8
6060,9225,0,20.2,7.7,5/08/2009,12.5
6061,9225,5.4,19.1,13.4,6/08/2009,5.7
6062,9225,0,19.9,6.7,7/08/2009,13.2
6063,9225,2.4,21.4,11.7,8/08/2009,9.7
6064,9225,1.6,21.3,11.6,9/08/2009,9.7
6065,9225,2,20,13.9,10/08/2009,6.1
6066,9225,10,18,10.7,11/08/2009,7.3
6067,9225,11,19,12.1,12/08/2009,6.9
6068,9225,1.4,20.3,12.1,13/08/2009,8.2
6069,9225,13.6,20.1,14.3,14/08/2009,5.8
6070,9225,7.4,15,9.2,15/08/2009,5.8
6071,9225,3.4,17.7,11.3,16/08/2009,6.4
6072,9225,8.6,19.6,11.3,17/08/2009,8.3
6073,9225,0.4,19.8,9.6,18/08/2009,10.2
6074,9225,13.6,19.6,12.9,19/08/2009,6.7
6075,9225,4.8,18.3,13.9,20/08/2009,4.4
6076,9225,16.2,17.4,10.2,21/08/2009,7.2
6077,9225,3.6,17.6,12.7,22/08/2009,4.9
6078,9225,1.6,16.5,12.6,23/08/2009,3.9
6079,9225,0.4,18,11.7,24/08/2009,6.3
6080,9225,0,19.1,7.1,25/08/2009,12
6081,9225,0,19.3,5.2,26/08/2009,14.1
6082,9225,0,17.8,5.2,27/08/2009,12.6
6083,9225,3.4,16.2,9.2,28/08/2009,7
6084,9225,0,16,2.7,29/08/2009,13.3
6085,9225,0.2,16.8,7.7,30/08/2009,9.1
6086,9225,0,19,4.8,31/08/2009,14.2
6087,9225,1.8,19.8,9,1/09/2009,10.8
6088,9225,3.8,15.6,11.5,2/09/2009,4.1
6089,9225,0.2,18,9.8,3/09/2009,8.2
6090,9225,0,21.3,3.1,4/09/2009,18.2
6091,9225,7.2,16.3,10.1,5/09/2009,6.2
6092,9225,0.8,18.2,8.4,6/09/2009,9.8
6093,9225,0.8,19.5,10.5,7/09/2009,9
6094,9225,6,19.3,6.2,8/09/2009,13.1
6095,9225,1,19.8,12.7,9/09/2009,7.1
6096,9225,1,18.4,14.6,10/09/2009,3.8
6097,9225,12,19.7,13.4,11/09/2009,6.3
6098,9225,11.4,16.8,11.1,12/09/2009,5.7
6099,9225,1,18.7,9.2,13/09/2009,9.5
6100,9225,0.2,19.5,10,14/09/2009,9.5
6101,9225,5.4,17.2,13.4,15/09/2009,3.8
6102,9225,1.4,18.9,6.4,16/09/2009,12.5
6103,9225,0.4,19.5,11,17/09/2009,8.5
6104,9225,6.6,17.6,12.3,18/09/2009,5.3
6105,9225,1.6,17.6,10.3,19/09/2009,7.3
6106,9225,2.6,18.6,10.6,20/09/2009,8
6107,9225,2.6,17.8,12.7,21/09/2009,5.1
6108,9225,2,17.9,5.7,22/09/2009,12.2
6109,9225,0.4,20.4,13.1,23/09/2009,7.3
6110,9225,0.2,18.9,13.8,24/09/2009,5.1
6111,9225,0,18.5,4.3,25/09/2009,14.2
6112,9225,0,20.7,7.6,26/09/2009,13.1
6113,9225,0,26,6.2,27/09/2009,19.8
6114,9225,1.8,16.9,12.7,28/09/2009,4.2
6115,9225,2.4,13.9,8.9,29/09/2009,5
6116,9225,5.6,16.6,6.5,30/09/2009,10.1
6117,9225,0,19.6,4.3,1/10/2009,15.3
6118,9225,0,20.7,6.5,2/10/2009,14.2
6119,9225,1,19.6,13.2,3/10/2009,6.4
6120,9225,0,19.4,8.9,4/10/2009,10.5
6121,9225,0,23.2,11.2,5/10/2009,12
6122,9225,0,22.7,10.7,6/10/2009,12
6123,9225,0,22.2,11.8,7/10/2009,10.4
6124,9225,0,23,11.7,8/10/2009,11.3
6125,9225,0,22.4,9.7,9/10/2009,12.7
6126,9225,0,20.8,14.6,10/10/2009,6.2
6127,9225,3.4,17.5,10.8,11/10/2009,6.7
6128,9225,0.2,18.5,8.7,12/10/2009,9.8
6129,9225,0,19.2,13.1,13/10/2009,6.1
6130,9225,0,23,9.8,14/10/2009,13.2
6131,9225,0,27.4,12.8,15/10/2009,14.6
6132,9225,0,31.7,13.1,16/10/2009,18.6
6133,9225,0,36.9,19,17/10/2009,17.9
6134,9225,0,24.9,17.2,18/10/2009,7.7
6135,9225,0,21.2,16.4,19/10/2009,4.8
6136,9225,0,21.3,10.8,20/10/2009,10.5
6137,9225,0,24.3,12.5,21/10/2009,11.8
6138,9225,0,23.5,12.3,22/10/2009,11.2
6139,9225,0,27.5,12.8,23/10/2009,14.7
6140,9225,0,21.3,14.1,24/10/2009,7.2
6141,9225,0.2,32.5,15.1,25/10/2009,17.4
6142,9225,0.2,23.8,17.6,26/10/2009,6.2
6143,9225,1.2,26.6,15,27/10/2009,11.6
6144,9225,0,21.1,16.1,28/10/2009,5
6145,9225,0.6,20.1,10,29/10/2009,10.1
6146,9225,0,25.7,8.9,30/10/2009,16.8
6147,9225,0,21.7,13.1,31/10/2009,8.6
6148,9225,0,24.6,10.4,1/11/2009,14.2
6149,9225,0,26.4,10.6,2/11/2009,15.8
6150,9225,0,31.1,11.4,3/11/2009,19.7
6151,9225,0,34.2,15.9,4/11/2009,18.3
6152,9225,0,30.6,17.8,5/11/2009,12.8
6153,9225,0,27.2,17.7,6/11/2009,9.5
6154,9225,0,23.4,14.5,7/11/2009,8.9
6155,9225,0,23.1,12.1,8/11/2009,11
6156,9225,0,29.6,11.1,9/11/2009,18.5
6157,9225,0,29.9,17.4,10/11/2009,12.5
6158,9225,0,31.8,14.8,11/11/2009,17
6159,9225,0,30.1,20.2,12/11/2009,9.9
6160,9225,3.4,24.9,18.9,13/11/2009,6
6161,9225,0,23.7,14.7,14/11/2009,9
6162,9225,0,26.6,11.6,15/11/2009,15
6163,9225,0,23.5,17.9,16/11/2009,5.6
6164,9225,0,22.6,13.7,17/11/2009,8.9
6165,9225,11.8,21.7,15.6,18/11/2009,6.1
6166,9225,22.4,20.2,13.6,19/11/2009,6.6
6167,9225,0.6,20.8,12.4,20/11/2009,8.4
6168,9225,0,21.6,11.8,21/11/2009,9.8
6169,9225,0,26.9,11.4,22/11/2009,15.5
6170,9225,0,33.6,11.9,23/11/2009,21.7
6171,9225,0,35.8,13,24/11/2009,22.8
6172,9225,0,23,15.7,25/11/2009,7.3
6173,9225,0,20.3,11.8,26/11/2009,8.5
6174,9225,0,21.7,8.6,27/11/2009,13.1
6175,9225,0,31.5,11.9,28/11/2009,19.6
6176,9225,0,28.7,13.6,29/11/2009,15.1
6177,9225,0,25.6,12.5,30/11/2009,13.1
6178,9225,0,24,16.6,1/12/2009,7.4
6179,9225,0,22.6,13.2,2/12/2009,9.4
6180,9225,0,27.9,14.1,3/12/2009,13.8
6181,9225,0,34.5,15.4,4/12/2009,19.1
6182,9225,0,36.9,20.4,5/12/2009,16.5
6183,9225,0,29.5,18.8,6/12/2009,10.7
6184,9225,0,28.9,17.9,7/12/2009,11
6185,9225,0,25.1,13.3,8/12/2009,11.8
6186,9225,0,29.4,14.7,9/12/2009,14.7
6187,9225,0,26.5,13.7,10/12/2009,12.8
6188,9225,0,31.8,15,11/12/2009,16.8
6189,9225,0,37,14.6,12/12/2009,22.4
6190,9225,0,39.2,15.6,13/12/2009,23.6
6191,9225,0,28.5,15.4,14/12/2009,13.1
6192,9225,0,25.7,14.8,15/12/2009,10.9
6193,9225,0,24.1,14.8,16/12/2009,9.3
6194,9225,0,28.9,13.7,17/12/2009,15.2
6195,9225,0,34.1,15.5,18/12/2009,18.6
6196,9225,0,37.1,20.8,19/12/2009,16.3
6197,9225,0,35.5,20.9,20/12/2009,14.6
6198,9225,0,32.3,21.4,21/12/2009,10.9
6199,9225,0,31.3,18.7,22/12/2009,12.6
6200,9225,0,23.9,15.6,23/12/2009,8.3
6201,9225,0,29.1,15.1,24/12/2009,14
6202,9225,0,35.1,13.6,25/12/2009,21.5
6203,9225,0,34.1,16.1,26/12/2009,18
6204,9225,0,31.9,15.9,27/12/2009,16
6205,9225,0,39.6,18.6,28/12/2009,21
6206,9225,0,39.4,23.6,29/12/2009,15.8
6207,9225,0,24,17.8,30/12/2009,6.2
6208,9225,0,26.6,15.2,31/12/2009,11.4
6209,9225,0,28.1,14,1/01/2010,14.1
6210,9225,0,36.5,17,2/01/2010,19.5
6211,9225,0,39.9,20.8,3/01/2010,19.1
6212,9225,0,36.6,20.9,4/01/2010,15.7
6213,9225,0,37.3,18.8,5/01/2010,18.5
6214,9225,0,33,22.1,6/01/2010,10.9
6215,9225,0,27.4,17,7/01/2010,10.4
6216,9225,0,31.4,15.9,8/01/2010,15.5
6217,9225,0,31.4,19.7,9/01/2010,11.7
6218,9225,0,25.5,16.3,10/01/2010,9.2
6219,9225,0,23.9,14.4,11/01/2010,9.5
6220,9225,0,28.7,15.1,12/01/2010,13.6
6221,9225,0,34.2,14.5,13/01/2010,19.7
6222,9225,0,36.9,16.7,14/01/2010,20.2
6223,9225,0,33.8,19.1,15/01/2010,14.7
6224,9225,0,35.7,15.9,16/01/2010,19.8
6225,9225,0,42.9,20.9,17/01/2010,22
6226,9225,0,42.7,21.1,18/01/2010,21.6
6227,9225,0,41.1,26.8,19/01/2010,14.3
6228,9225,0,30,20.8,20/01/2010,9.2
6229,9225,0,27.5,18.4,21/01/2010,9.1
6230,9225,0,29.7,17.1,22/01/2010,12.6
6231,9225,0,34.6,18,23/01/2010,16.6
6232,9225,0,35.2,24.7,24/01/2010,10.5
6233,9225,0,30,20.8,25/01/2010,9.2
6234,9225,0,33,20.3,26/01/2010,12.7
6235,9225,0,34.2,19.7,27/01/2010,14.5
6236,9225,0,36.2,19.7,28/01/2010,16.5
6237,9225,0,38.5,20.3,29/01/2010,18.2
6238,9225,0,29.4,22.2,30/01/2010,7.2
6239,9225,0,31.4,15.9,31/01/2010,15.5
6240,9225,0,32.4,16.9,1/02/2010,15.5
6241,9225,0,27.4,17.4,2/02/2010,10
6242,9225,0,26.1,13.3,3/02/2010,12.8
6243,9225,0,27.8,14.2,4/02/2010,13.6
6244,9225,0,32.6,12.3,5/02/2010,20.3
6245,9225,0,24.2,17.8,6/02/2010,6.4
6246,9225,0.2,26.2,17.7,7/02/2010,8.5
6247,9225,0,33.1,18.5,8/02/2010,14.6
6248,9225,0,34.1,19,9/02/2010,15.1
6249,9225,0,24.6,20.3,10/02/2010,4.3
6250,9225,0,26.9,20.7,11/02/2010,6.2
6251,9225,0,31.1,17.7,12/02/2010,13.4
6252,9225,0,31.9,19.1,13/02/2010,12.8
6253,9225,0,36.1,17.8,14/02/2010,18.3
6254,9225,0,31.5,18.7,15/02/2010,12.8
6255,9225,0,30.7,18.9,16/02/2010,11.8
6256,9225,0,33,20.8,17/02/2010,12.2
6257,9225,0,34.3,17.8,18/02/2010,16.5
6258,9225,0,27.3,19.6,19/02/2010,7.7
6259,9225,0,28,16.5,20/02/2010,11.5
6260,9225,0,29,16.5,21/02/2010,12.5
6261,9225,0,33.5,18.2,22/02/2010,15.3
6262,9225,0,34.3,15.9,23/02/2010,18.4
6263,9225,0,38.7,21.3,24/02/2010,17.4
6264,9225,0,41.5,23.8,25/02/2010,17.7
6265,9225,0,37.6,26.7,26/02/2010,10.9
6266,9225,0,37.9,21.5,27/02/2010,16.4
6267,9225,0,36.4,21,28/02/2010,15.4
6268,9225,0,39.1,21.9,1/03/2010,17.2
6269,9225,0,35.3,18.7,2/03/2010,16.6
6270,9225,0,29.8,19.8,3/03/2010,10
6271,9225,0,25.9,17,4/03/2010,8.9
6272,9225,0,26.3,13.2,5/03/2010,13.1
6273,9225,0,29.5,14.7,6/03/2010,14.8
6274,9225,0,30.8,18.3,7/03/2010,12.5
6275,9225,0,31.5,17.5,8/03/2010,14
6276,9225,0,32.6,18.1,9/03/2010,14.5
6277,9225,0,33.9,18.6,10/03/2010,15.3
6278,9225,0,37.7,20.5,11/03/2010,17.2
6279,9225,0,41,28.1,12/03/2010,12.9
6280,9225,0,32,21.3,13/03/2010,10.7
6281,9225,0,30.2,22.2,14/03/2010,8
6282,9225,0,27,19.5,15/03/2010,7.5
6283,9225,0,24.8,17.5,16/03/2010,7.3
6284,9225,0,28.1,14.3,17/03/2010,13.8
6285,9225,0,27.2,14.2,18/03/2010,13
6286,9225,0,24,16.3,19/03/2010,7.7
6287,9225,0,29.2,13.1,20/03/2010,16.1
6288,9225,0,33.1,19.5,21/03/2010,13.6
6289,9225,0,32.9,21.1,22/03/2010,11.8
6290,9225,40.2,32,18.6,23/03/2010,13.4
6291,9225,0.2,26.8,18.9,24/03/2010,7.9
6292,9225,0,28.4,19.7,25/03/2010,8.7
6293,9225,0,28.5,18.7,26/03/2010,9.8
6294,9225,0,23.2,19.5,27/03/2010,3.7
6295,9225,0,25.3,14.5,28/03/2010,10.8
6296,9225,0,29,14,29/03/2010,15
6297,9225,0,32.2,15,30/03/2010,17.2
6298,9225,0,29.2,15.9,31/03/2010,13.3
6299,9225,0,29.5,17.3,1/04/2010,12.2
6300,9225,0,28.5,16.7,2/04/2010,11.8
6301,9225,0,22.2,18,3/04/2010,4.2
6302,9225,0,22.7,17.5,4/04/2010,5.2
6303,9225,0,23.5,11.7,5/04/2010,11.8
6304,9225,0.2,26,16.2,6/04/2010,9.8
6305,9225,0,27.9,14.4,7/04/2010,13.5
6306,9225,0,25.3,14.5,8/04/2010,10.8
6307,9225,0,24,15.6,9/04/2010,8.4
6308,9225,0,24.1,13.7,10/04/2010,10.4
6309,9225,0,29.4,14,11/04/2010,15.4
6310,9225,0.4,17.7,16.7,12/04/2010,1
6311,9225,2.6,23.4,11.4,13/04/2010,12
6312,9225,11.6,22.1,14.3,14/04/2010,7.8
6313,9225,3.4,22.8,15.9,15/04/2010,6.9
6314,9225,6.8,23.9,14.1,16/04/2010,9.8
6315,9225,0,26.7,11.9,17/04/2010,14.8
6316,9225,0,32.3,15.7,18/04/2010,16.6
6317,9225,0,28.1,15.5,19/04/2010,12.6
6318,9225,0,24.3,15.7,20/04/2010,8.6
6319,9225,0,23.6,14.7,21/04/2010,8.9
6320,9225,0,20.9,15.1,22/04/2010,5.8
6321,9225,0,21.7,9.7,23/04/2010,12
6322,9225,0,24.5,7.8,24/04/2010,16.7
6323,9225,0,26.1,9.4,25/04/2010,16.7
6324,9225,0,23.8,11.7,26/04/2010,12.1
6325,9225,0,25.8,9.2,27/04/2010,16.6
6326,9225,0,28.8,8.5,28/04/2010,20.3
6327,9225,0,28.9,10.7,29/04/2010,18.2
6328,9225,0,22.9,12.1,30/04/2010,10.8
6329,9225,2.4,21.2,13.4,1/05/2010,7.8
6330,9225,0.2,23.9,10.7,2/05/2010,13.2
6331,9225,0,21.8,10.7,3/05/2010,11.1
6332,9225,0,21.8,7.9,4/05/2010,13.9
6333,9225,0,24.7,8.6,5/05/2010,16.1
6334,9225,0,24.2,6.7,6/05/2010,17.5
6335,9225,0,27.5,8.3,7/05/2010,19.2
6336,9225,0,26.2,7.5,8/05/2010,18.7
6337,9225,0,21.5,11.8,9/05/2010,9.7
6338,9225,0,19.7,7.2,10/05/2010,12.5
6339,9225,0,22.8,9,11/05/2010,13.8
6340,9225,0,22.5,9.6,12/05/2010,12.9
6341,9225,20.4,16.7,11.5,13/05/2010,5.2
6342,9225,0,17.2,4.4,14/05/2010,12.8
6343,9225,0,18.8,2.5,15/05/2010,16.3
6344,9225,0,20.6,7.9,16/05/2010,12.7
6345,9225,0,22.5,5.2,17/05/2010,17.3
6346,9225,0,23.8,9.1,18/05/2010,14.7
6347,9225,0,22.3,10.4,19/05/2010,11.9
6348,9225,0,27.3,8.7,20/05/2010,18.6
6349,9225,0,23.6,14.7,21/05/2010,8.9
6350,9225,20,19.5,14.9,22/05/2010,4.6
6351,9225,19,18.2,13.7,23/05/2010,4.5
6352,9225,0,18.3,7.2,24/05/2010,11.1
6353,9225,0,19.7,7,25/05/2010,12.7
6354,9225,0,22.2,6.3,26/05/2010,15.9
6355,9225,16.6,18.1,10.5,27/05/2010,7.6
6356,9225,10,20.4,9.6,28/05/2010,10.8
6357,9225,0,21.1,7.2,29/05/2010,13.9
6358,9225,0,24.1,5.7,30/05/2010,18.4
6359,9225,0,20.4,7.4,31/05/2010,13
6360,9225,0,18.7,7.6,1/06/2010,11.1
6361,9225,0,21.1,4.9,2/06/2010,16.2
6362,9225,0,20.9,6.3,3/06/2010,14.6
6363,9225,0,20.4,9.8,4/06/2010,10.6
6364,9225,0,20.7,13.9,5/06/2010,6.8
6365,9225,0,21.3,13.5,6/06/2010,7.8
6366,9225,0,20.2,6.3,7/06/2010,13.9
6367,9225,0,17.3,10.6,8/06/2010,6.7
6368,9225,0,17.8,6.4,9/06/2010,11.4
6369,9225,0,18.9,2.7,10/06/2010,16.2
6370,9225,0,19.9,3.2,11/06/2010,16.7
6371,9225,0,22.7,6.4,12/06/2010,16.3
6372,9225,0,24.6,5,13/06/2010,19.6
6373,9225,5.2,19.8,12.1,14/06/2010,7.7
6374,9225,14.8,15.7,14,15/06/2010,1.7
6375,9225,4.2,18.2,11.5,16/06/2010,6.7
6376,9225,0,18,6.9,17/06/2010,11.1
6377,9225,0.8,20.1,9.3,18/06/2010,10.8
6378,9225,3,20.4,13,19/06/2010,7.4
6379,9225,0,20.4,7.4,20/06/2010,13
6380,9225,0,20.3,7.7,21/06/2010,12.6
6381,9225,0,19.6,8.3,22/06/2010,11.3
6382,9225,19.6,17,12.3,23/06/2010,4.7
6383,9225,3.8,15.1,2.4,24/06/2010,12.7
6384,9225,0,15.6,0.1,25/06/2010,15.5
6385,9225,0,16.7,-0.6,26/06/2010,17.3
6386,9225,0,18.3,2.4,27/06/2010,15.9
6387,9225,0,15.2,2.9,28/06/2010,12.3
6388,9225,0,17.1,3.1,29/06/2010,14
6389,9225,0,16.9,2.2,30/06/2010,14.7
6390,9225,0,17.3,3,1/07/2010,14.3
6391,9225,0.2,16.2,4.6,2/07/2010,11.6
6392,9225,0,14.8,0,3/07/2010,14.8
6393,9225,0,16.9,0.6,4/07/2010,16.3
6394,9225,0,17,0.3,5/07/2010,16.7
6395,9225,0,17.9,1.9,6/07/2010,16
6396,9225,0,20.5,0.8,7/07/2010,19.7
6397,9225,0,17.8,4.7,8/07/2010,13.1
6398,9225,40.6,13.3,8.8,9/07/2010,4.5
6399,9225,17.6,17.8,7.7,10/07/2010,10.1
6400,9225,12.8,19,10,11/07/2010,9
6401,9225,21.8,15.5,11.2,12/07/2010,4.3
6402,9225,6.2,17.5,8.3,13/07/2010,9.2
6403,9225,0.2,19.7,5.3,14/07/2010,14.4
6404,9225,0.2,20.3,8,15/07/2010,12.3
6405,9225,0,20.2,4.7,16/07/2010,15.5
6406,9225,9,16.3,6.4,17/07/2010,9.9
6407,9225,0,16.8,4.3,18/07/2010,12.5
6408,9225,0,17.1,7.3,19/07/2010,9.8
6409,9225,0,18.1,4.2,20/07/2010,13.9
6410,9225,0,19.9,5.4,21/07/2010,14.5
6411,9225,0,19.7,3,22/07/2010,16.7
6412,9225,0,20.3,3.3,23/07/2010,17
6413,9225,0,19.9,4,24/07/2010,15.9
6414,9225,0,22.7,4.2,25/07/2010,18.5
6415,9225,11,19.4,11.3,26/07/2010,8.1
6416,9225,6.8,19.5,11.5,27/07/2010,8
6417,9225,2.6,18.8,12.4,28/07/2010,6.4
6418,9225,10.4,16.5,12.6,29/07/2010,3.9
6419,9225,0.2,18.4,4,30/07/2010,14.4
6420,9225,2.4,19.5,9.2,31/07/2010,10.3
6421,9225,0.2,20.7,5.1,1/08/2010,15.6
6422,9225,0,24.1,6.1,2/08/2010,18
6423,9225,0,23.9,3.6,3/08/2010,20.3
6424,9225,0,24,6.4,4/08/2010,17.6
6425,9225,0,20.9,3.4,5/08/2010,17.5
6426,9225,0,18.3,8.5,6/08/2010,9.8
6427,9225,0,17.9,3.7,7/08/2010,14.2
6428,9225,0,18.3,3,8/08/2010,15.3
6429,9225,0,17.5,1.4,9/08/2010,16.1
6430,9225,0,20.7,2.8,10/08/2010,17.9
6431,9225,0,20.3,8.4,11/08/2010,11.9
6432,9225,27.2,17.2,12.3,12/08/2010,4.9
6433,9225,11.6,18,9,13/08/2010,9
6434,9225,2.6,17.6,9,14/08/2010,8.6
6435,9225,0,19.4,5.1,15/08/2010,14.3
6436,9225,0,18.7,5.7,16/08/2010,13
6437,9225,0,18.3,5.7,17/08/2010,12.6
6438,9225,4.6,15.5,8.2,18/08/2010,7.3
6439,9225,0,17.9,2.8,19/08/2010,15.1
6440,9225,0,17.5,7.3,20/08/2010,10.2
6441,9225,0.2,18.4,6.7,21/08/2010,11.7
6442,9225,8.6,15.7,11,22/08/2010,4.7
6443,9225,0,17.5,2.9,23/08/2010,14.6
6444,9225,0,17.3,10.7,24/08/2010,6.6
6445,9225,0,17.5,3.2,25/08/2010,14.3
6446,9225,0,18.5,2.3,26/08/2010,16.2
6447,9225,0,21.5,4,27/08/2010,17.5
6448,9225,0,23.3,5.7,28/08/2010,17.6
6449,9225,0,21.5,6.8,29/08/2010,14.7
6450,9225,0,20.3,11.3,30/08/2010,9
6451,9225,8,14.3,11.9,31/08/2010,2.4
6452,9225,10,17.5,10.2,1/09/2010,7.3
6453,9225,0,17.7,5.9,2/09/2010,11.8
6454,9225,0,19,4.2,3/09/2010,14.8
6455,9225,2.8,19.5,9.1,4/09/2010,10.4
6456,9225,0.2,20,4.9,5/09/2010,15.1
6457,9225,0,22.7,5.5,6/09/2010,17.2
6458,9225,0,19.4,7.6,7/09/2010,11.8
6459,9225,12,17.4,9.1,8/09/2010,8.3
6460,9225,10.6,17,10.4,9/09/2010,6.6
6461,9225,0,18.2,4.5,10/09/2010,13.7
6462,9225,0,18.3,3.9,11/09/2010,14.4
6463,9225,8,16.5,10,12/09/2010,6.5
6464,9225,0,18.2,2.4,13/09/2010,15.8
6465,9225,0,19.3,3.9,14/09/2010,15.4
6466,9225,0,22,5.3,15/09/2010,16.7
6467,9225,0,24.3,11.5,16/09/2010,12.8
6468,9225,0,21.8,11.2,17/09/2010,10.6
6469,9225,0,18.8,9.1,18/09/2010,9.7
6470,9225,0,23.1,8.6,19/09/2010,14.5
6471,9225,0,23.9,9.3,20/09/2010,14.6
6472,9225,0,25.3,7.4,21/09/2010,17.9
6473,9225,0,26.7,4.9,22/09/2010,21.8
6474,9225,0,28.2,6.1,23/09/2010,22.1
6475,9225,0,25.9,6.7,24/09/2010,19.2
6476,9225,0,26.9,11,25/09/2010,15.9
6477,9225,0,21.7,9.1,26/09/2010,12.6
6478,9225,0,23.1,12.1,27/09/2010,11
6479,9225,0,27.4,10.5,28/09/2010,16.9
6480,9225,0,29,13.6,29/09/2010,15.4
6481,9225,0,25,18.2,30/09/2010,6.8
6482,9225,0,25.8,10.5,1/10/2010,15.3
6483,9225,0,20.5,14.1,2/10/2010,6.4
6484,9225,0,21.1,7.3,3/10/2010,13.8
6485,9225,0,22.9,7.7,4/10/2010,15.2
6486,9225,0,22.2,11.3,5/10/2010,10.9
6487,9225,0,23.8,10,6/10/2010,13.8
6488,9225,0,28.2,11.1,7/10/2010,17.1
6489,9225,0,30.7,9.1,8/10/2010,21.6
6490,9225,0,27.5,10.3,9/10/2010,17.2
6491,9225,5,20.7,15.4,10/10/2010,5.3
6492,9225,1,19.3,6.7,11/10/2010,12.6
6493,9225,0,23.3,6.3,12/10/2010,17
6494,9225,0,21.9,7.6,13/10/2010,14.3
6495,9225,0,22,10,14/10/2010,12
6496,9225,0,24,9,15/10/2010,15
6497,9225,0,27.3,11.1,16/10/2010,16.2
6498,9225,0,28.9,10.2,17/10/2010,18.7
6499,9225,0,32.6,9.7,18/10/2010,22.9
6500,9225,0,26.8,12.8,19/10/2010,14
6501,9225,0,24.6,11,20/10/2010,13.6
6502,9225,8.4,20.6,9.4,21/10/2010,11.2
6503,9225,0,21.5,11.4,22/10/2010,10.1
6504,9225,0,26.5,12.2,23/10/2010,14.3
6505,9225,0,26.7,11.5,24/10/2010,15.2
6506,9225,0,24.9,12.7,25/10/2010,12.2
6507,9225,0,33.8,11.6,26/10/2010,22.2
6508,9225,0,21.4,17.8,27/10/2010,3.6
6509,9225,5.8,19.8,14.1,28/10/2010,5.7
6510,9225,0.4,20.9,6.4,29/10/2010,14.5
6511,9225,0,24.9,10.9,30/10/2010,14
6512,9225,0,28.3,12.2,31/10/2010,16.1
6513,9225,0,30.9,11.6,1/11/2010,19.3
6514,9225,0,34.2,11.5,2/11/2010,22.7
6515,9225,0,37,13.4,3/11/2010,23.6
6516,9225,0,25.9,13.7,4/11/2010,12.2
6517,9225,0,23.1,15.2,5/11/2010,7.9
6518,9225,0,22.7,11.3,6/11/2010,11.4
6519,9225,0,24,12.9,7/11/2010,11.1
6520,9225,0,29.7,14.8,8/11/2010,14.9
6521,9225,0,26.9,17.7,9/11/2010,9.2
6522,9225,0,24.3,17.6,10/11/2010,6.7
6523,9225,10.6,21,12.9,11/11/2010,8.1
6524,9225,0.8,21.5,7.6,12/11/2010,13.9
6525,9225,0,24.9,12.1,13/11/2010,12.8
6526,9225,0,28.1,13.9,14/11/2010,14.2
6527,9225,0,29.5,14.1,15/11/2010,15.4
6528,9225,0,30.3,15.1,16/11/2010,15.2
6529,9225,0,34.9,13.2,17/11/2010,21.7
6530,9225,0,37.2,18.5,18/11/2010,18.7
6531,9225,0,38.8,23,19/11/2010,15.8
6532,9225,0,29.2,16.4,20/11/2010,12.8
6533,9225,0.2,32.7,21,21/11/2010,11.7
6534,9225,0,26.3,20.5,22/11/2010,5.8
6535,9225,0,24.7,17.6,23/11/2010,7.1
6536,9225,0,28.6,15.3,24/11/2010,13.3
6537,9225,0,27.4,15.2,25/11/2010,12.2
6538,9225,0,30.5,17.4,26/11/2010,13.1
6539,9225,0,33.7,14.7,27/11/2010,19
6540,9225,0,36.4,18.1,28/11/2010,18.3
6541,9225,0,36.5,17.9,29/11/2010,18.6
6542,9225,0,37.2,15.8,30/11/2010,21.4
6543,9225,0,25.2,17.5,1/12/2010,7.7
6544,9225,0,23,14.7,2/12/2010,8.3
6545,9225,0,21.1,11.9,3/12/2010,9.2
6546,9225,0,22.4,9.4,4/12/2010,13
6547,9225,0.8,23,14.7,5/12/2010,8.3
6548,9225,1.2,23.4,15.5,6/12/2010,7.9
6549,9225,1.4,23.2,15,7/12/2010,8.2
6550,9225,0,23.6,14.6,8/12/2010,9
6551,9225,0,26,13.9,9/12/2010,12.1
6552,9225,0,26.6,13.4,10/12/2010,13.2
6553,9225,0,29.4,14.7,11/12/2010,14.7
6554,9225,0,35.5,20,12/12/2010,15.5
6555,9225,0,26.2,16.8,13/12/2010,9.4
6556,9225,0,24.6,13.7,14/12/2010,10.9
6557,9225,0,29.8,15.4,15/12/2010,14.4
6558,9225,0,33.1,18,16/12/2010,15.1
6559,9225,0,31.3,17,17/12/2010,14.3
6560,9225,0,30.5,14.8,18/12/2010,15.7
6561,9225,0,28.8,15.1,19/12/2010,13.7
6562,9225,9.6,26.8,14.8,20/12/2010,12
6563,9225,4.4,34,17.2,21/12/2010,16.8
6564,9225,0,32.2,20.9,22/12/2010,11.3
6565,9225,0,35.5,22.4,23/12/2010,13.1
6566,9225,0,31.2,20.5,24/12/2010,10.7
6567,9225,0,39.9,18.6,25/12/2010,21.3
6568,9225,0,36.7,19.9,26/12/2010,16.8
6569,9225,0,40,21.5,27/12/2010,18.5
6570,9225,0,30.7,19.9,28/12/2010,10.8
6571,9225,0,28.9,17.4,29/12/2010,11.5
6572,9225,0,31.7,15.9,30/12/2010,15.8
6573,9225,0,32.9,19.6,31/12/2010,13.3
6574,9225,0,36.4,17.4,1/01/2011,19
6575,9225,0,39,18.7,2/01/2011,20.3
6576,9225,0,34.7,25.2,3/01/2011,9.5
6577,9225,0,36.5,22.3,4/01/2011,14.2
6578,9225,2.8,28.5,23.8,5/01/2011,4.7
6579,9225,13.6,25.8,18.6,6/01/2011,7.2
6580,9225,0,25.1,17.5,7/01/2011,7.6
6581,9225,0,30.5,17.1,8/01/2011,13.4
6582,9225,0,36.6,18.8,9/01/2011,17.8
6583,9225,0,36.4,22.2,10/01/2011,14.2
6584,9225,0,34.7,18.4,11/01/2011,16.3
6585,9225,0,36.9,19.5,12/01/2011,17.4
6586,9225,0,34.1,19.8,13/01/2011,14.3
6587,9225,0,25.1,18,14/01/2011,7.1
6588,9225,0,27.9,15,15/01/2011,12.9
6589,9225,0,36.3,17.5,16/01/2011,18.8
6590,9225,0,36.2,20,17/01/2011,16.2
6591,9225,0,32.4,18.6,18/01/2011,13.8
6592,9225,0,30.5,18.7,19/01/2011,11.8
6593,9225,0,27.7,16.4,20/01/2011,11.3
6594,9225,0,34.2,19.1,21/01/2011,15.1
6595,9225,0,33.2,18.2,22/01/2011,15
6596,9225,1.2,29.5,20.4,23/01/2011,9.1
6597,9225,0,22.6,18.5,24/01/2011,4.1
6598,9225,0,25.8,13.1,25/01/2011,12.7
6599,9225,0,28.4,15.5,26/01/2011,12.9
6600,9225,0,37.8,18.5,27/01/2011,19.3
6601,9225,0,38.1,26.1,28/01/2011,12
6602,9225,0.2,40.4,23.7,29/01/2011,16.7
6603,9225,7.8,37.6,23.7,30/01/2011,13.9
6604,9225,4.6,28.4,22.8,31/01/2011,5.6
6605,9225,0.4,29.8,17.9,1/02/2011,11.9
6606,9225,0,32.5,15.8,2/02/2011,16.7
6607,9225,0,35.5,19.7,3/02/2011,15.8
6608,9225,0,34.4,22.9,4/02/2011,11.5
6609,9225,0,29.6,18.4,5/02/2011,11.2
6610,9225,0,30.1,16,6/02/2011,14.1
6611,9225,0,32.4,18.3,7/02/2011,14.1
6612,9225,0,33.8,21.6,8/02/2011,12.2
6613,9225,0,31.1,20.1,9/02/2011,11
6614,9225,0,35.1,20.9,10/02/2011,14.2
6615,9225,0,32.3,20.5,11/02/2011,11.8
6616,9225,0,31.7,19.3,12/02/2011,12.4
6617,9225,0,32.9,17.9,13/02/2011,15
6618,9225,0,34.3,21.1,14/02/2011,13.2
6619,9225,0,36.3,22.3,15/02/2011,14
6620,9225,0,39,24.6,16/02/2011,14.4
6621,9225,0,34.4,21.8,17/02/2011,12.6
6622,9225,0,33.8,21.4,18/02/2011,12.4
6623,9225,0,34.1,21.5,19/02/2011,12.6
6624,9225,0,30.3,21,20/02/2011,9.3
6625,9225,0,36.3,21.9,21/02/2011,14.4
6626,9225,0,36.2,21.2,22/02/2011,15
6627,9225,0,34.9,21.4,23/02/2011,13.5
6628,9225,0,35.3,23.8,24/02/2011,11.5
6629,9225,0,37.5,24.5,25/02/2011,13
6630,9225,0,36.2,22.9,26/02/2011,13.3
6631,9225,0,37.4,23.1,27/02/2011,14.3
6632,9225,0,39,25.3,28/02/2011,13.7
6633,9225,0,34.8,21.3,1/03/2011,13.5
6634,9225,0,33,20.7,2/03/2011,12.3
6635,9225,0,34.3,19.5,3/03/2011,14.8
6636,9225,0,35.1,20.8,4/03/2011,14.3
6637,9225,0,29,22.3,5/03/2011,6.7
6638,9225,0,26.6,17.8,6/03/2011,8.8
6639,9225,0,28,17.1,7/03/2011,10.9
6640,9225,0,29.7,15.3,8/03/2011,14.4
6641,9225,0,32.2,17.7,9/03/2011,14.5
6642,9225,0,32,17.3,10/03/2011,14.7
6643,9225,0,27.6,16.7,11/03/2011,10.9
6644,9225,0,27,16.9,12/03/2011,10.1
6645,9225,0,30.8,16.2,13/03/2011,14.6
6646,9225,0,34.9,19.1,14/03/2011,15.8
6647,9225,0,35.4,22.8,15/03/2011,12.6
6648,9225,0,33.4,19.4,16/03/2011,14
6649,9225,0,32,20.7,17/03/2011,11.3
6650,9225,0,29.9,17.6,18/03/2011,12.3
6651,9225,0,28.1,18.1,19/03/2011,10
6652,9225,0,27.8,16.9,20/03/2011,10.9
6653,9225,0,31.5,16.7,21/03/2011,14.8
6654,9225,0,32.1,19.4,22/03/2011,12.7
6655,9225,0,31.2,19.7,23/03/2011,11.5
6656,9225,0,35.2,20.6,24/03/2011,14.6
6657,9225,0,36.4,20.9,25/03/2011,15.5
6658,9225,0,35.1,20.6,26/03/2011,14.5
6659,9225,0,34.2,14.1,27/03/2011,20.1
6660,9225,0,33.7,14.4,28/03/2011,19.3
6661,9225,0,32.9,18.7,29/03/2011,14.2
6662,9225,0,32.5,18.5,30/03/2011,14
6663,9225,0,31.7,18.4,31/03/2011,13.3
6664,9225,0,31.1,18.1,1/04/2011,13
6665,9225,0,30.3,17.1,2/04/2011,13.2
6666,9225,0,31.4,16.9,3/04/2011,14.5
6667,9225,0,33.6,14.8,4/04/2011,18.8
6668,9225,0,34.7,13.1,5/04/2011,21.6
6669,9225,0,30.5,15.4,6/04/2011,15.1
6670,9225,2,22.4,14.7,7/04/2011,7.7
6671,9225,0.2,23.5,9,8/04/2011,14.5
6672,9225,0,26,12.3,9/04/2011,13.7
6673,9225,0,29.3,16.6,10/04/2011,12.7
6674,9225,2.2,24.8,19.3,11/04/2011,5.5
6675,9225,0,24.6,19.4,12/04/2011,5.2
6676,9225,0,24.8,13.3,13/04/2011,11.5
6677,9225,0,25.8,12.8,14/04/2011,13
6678,9225,0,30.8,11.1,15/04/2011,19.7
6679,9225,0,35.7,20.5,16/04/2011,15.2
6680,9225,0,27.2,18.9,17/04/2011,8.3
6681,9225,0,26.3,19.1,18/04/2011,7.2
6682,9225,0,25.3,14,19/04/2011,11.3
6683,9225,0,25.6,11.1,20/04/2011,14.5
6684,9225,0,28.9,10.3,21/04/2011,18.6
6685,9225,0,32.3,16.7,22/04/2011,15.6
6686,9225,0,27.2,17.4,23/04/2011,9.8
6687,9225,0.4,25.6,19.2,24/04/2011,6.4
6688,9225,0.8,26.6,14.3,25/04/2011,12.3
6689,9225,0,26.1,12.8,26/04/2011,13.3
6690,9225,9.6,22.2,17.1,27/04/2011,5.1
6691,9225,4.2,20.6,12.9,28/04/2011,7.7
6692,9225,0,23.1,8,29/04/2011,15.1
6693,9225,0,23,7.9,30/04/2011,15.1
6694,9225,0,24.2,8.3,1/05/2011,15.9
6695,9225,0,25.3,10.5,2/05/2011,14.8
6696,9225,0,26.5,11.3,3/05/2011,15.2
6697,9225,0,26.5,9.8,4/05/2011,16.7
6698,9225,0,25,8.9,5/05/2011,16.1
6699,9225,0,23,12.3,6/05/2011,10.7
6700,9225,0,25.2,12.4,7/05/2011,12.8
6701,9225,0,30,15.5,8/05/2011,14.5
6702,9225,0,25.3,12.9,9/05/2011,12.4
6703,9225,0,25.3,15.3,10/05/2011,10
6704,9225,0,23.5,13.4,11/05/2011,10.1
6705,9225,0,23.3,10.9,12/05/2011,12.4
6706,9225,0,23,12.2,13/05/2011,10.8
6707,9225,0,22.6,12.8,14/05/2011,9.8
6708,9225,0,21.8,15,15/05/2011,6.8
6709,9225,0.8,24,14,16/05/2011,10
6710,9225,1.6,22.4,14.5,17/05/2011,7.9
6711,9225,8.2,20.9,9.7,18/05/2011,11.2
6712,9225,0,24.8,7.5,19/05/2011,17.3
6713,9225,24.2,18.5,15.6,20/05/2011,2.9
6714,9225,14.6,17.7,4.5,21/05/2011,13.2
6715,9225,0,20.6,4.9,22/05/2011,15.7
6716,9225,0,21.2,5.4,23/05/2011,15.8
6717,9225,0,20.5,6.9,24/05/2011,13.6
6718,9225,0,20.5,10.3,25/05/2011,10.2
6719,9225,0,21.5,12.2,26/05/2011,9.3
6720,9225,0,22.8,11.6,27/05/2011,11.2
6721,9225,0,24.8,7.2,28/05/2011,17.6
6722,9225,0,24.6,6.7,29/05/2011,17.9
6723,9225,25,21.7,15.2,30/05/2011,6.5
6724,9225,10.6,21.2,12,31/05/2011,9.2
6725,9225,8.6,21.4,14.6,1/06/2011,6.8
6726,9225,30.2,19.4,13.8,2/06/2011,5.6
6727,9225,0,18.5,7.7,3/06/2011,10.8
6728,9225,0,17,7,4/06/2011,10
6729,9225,0,18.6,4.6,5/06/2011,14
6730,9225,0,19.8,3.3,6/06/2011,16.5
6731,9225,0,18.8,5.8,7/06/2011,13
6732,9225,0,19.9,6,8/06/2011,13.9
6733,9225,0,19.9,12.3,9/06/2011,7.6
6734,9225,0,20.1,10,10/06/2011,10.1
6735,9225,0,19.8,10.4,11/06/2011,9.4
6736,9225,0,20.8,12,12/06/2011,8.8
6737,9225,0,17.5,8.8,13/06/2011,8.7
6738,9225,7.4,14.2,10.1,14/06/2011,4.1
6739,9225,9,19.6,10.2,15/06/2011,9.4
6740,9225,8.8,19.4,12.7,16/06/2011,6.7
6741,9225,0,20.3,6.6,17/06/2011,13.7
6742,9225,0.6,20.9,11.7,18/06/2011,9.2
6743,9225,2.8,19.7,11.3,19/06/2011,8.4
6744,9225,3,19.8,15,20/06/2011,4.8
6745,9225,0,20.5,11.4,21/06/2011,9.1
6746,9225,0,21.1,8.7,22/06/2011,12.4
6747,9225,0,21.3,10.3,23/06/2011,11
6748,9225,0.6,22.6,13.3,24/06/2011,9.3
6749,9225,57,19.2,11,25/06/2011,8.2
6750,9225,0,19.5,9.4,26/06/2011,10.1
6751,9225,0.2,24.3,7.9,27/06/2011,16.4
6752,9225,14.2,16.2,14.3,28/06/2011,1.9
6753,9225,26.8,18.4,10.9,29/06/2011,7.5
6754,9225,2.2,17.5,9.8,30/06/2011,7.7
6755,9225,26.8,17.2,9.3,1/07/2011,7.9
6756,9225,9.8,16.7,9.9,2/07/2011,6.8
6757,9225,5.4,14.3,6.6,3/07/2011,7.7
6758,9225,0.2,15.4,1.3,4/07/2011,14.1
6759,9225,0,16.4,1.8,5/07/2011,14.6
6760,9225,0,16.4,2.6,6/07/2011,13.8
6761,9225,0,15.3,3.4,7/07/2011,11.9
6762,9225,0,16.6,4.9,8/07/2011,11.7
6763,9225,0,16.6,6.3,9/07/2011,10.3
6764,9225,0,14,3.4,10/07/2011,10.6
6765,9225,6,13,10.2,11/07/2011,2.8
6766,9225,4.8,17,9.8,12/07/2011,7.2
6767,9225,0,19.9,8.9,13/07/2011,11
6768,9225,0,22,6.2,14/07/2011,15.8
6769,9225,4.8,19.1,11.5,15/07/2011,7.6
6770,9225,13.4,18.4,10.4,16/07/2011,8
6771,9225,0,18.8,7.3,17/07/2011,11.5
6772,9225,0,19.1,7.4,18/07/2011,11.7
6773,9225,0,19.9,9.1,19/07/2011,10.8
6774,9225,0.2,18.3,10.3,20/07/2011,8
6775,9225,4.2,19.8,8.3,21/07/2011,11.5
6776,9225,10.6,18.7,8,22/07/2011,10.7
6777,9225,12.4,19.9,7.8,23/07/2011,12.1
6778,9225,0,21.7,10.7,24/07/2011,11
6779,9225,0.2,18.8,12.4,25/07/2011,6.4
6780,9225,1.2,20.5,11.4,26/07/2011,9.1
6781,9225,0,21.4,9,27/07/2011,12.4
6782,9225,14.6,20.3,13.8,28/07/2011,6.5
6783,9225,12.4,20.5,14.2,29/07/2011,6.3
6784,9225,8.8,21,13.1,30/07/2011,7.9
6785,9225,25.2,21.1,15.4,31/07/2011,5.7
6786,9225,6.2,20.1,11.3,1/08/2011,8.8
6787,9225,16.2,20.5,14.2,2/08/2011,6.3
6788,9225,6.4,18,12.2,3/08/2011,5.8
6789,9225,4.6,16.6,4.9,4/08/2011,11.7
6790,9225,0,16.3,3.9,5/08/2011,12.4
6791,9225,0,20.3,4.7,6/08/2011,15.6
6792,9225,3,20.8,11.3,7/08/2011,9.5
6793,9225,0.8,19.5,13.3,8/08/2011,6.2
6794,9225,2.8,19,8.7,9/08/2011,10.3
6795,9225,0,19.4,4.4,10/08/2011,15
6796,9225,0,19.4,4.3,11/08/2011,15.1
6797,9225,0,22.1,7.4,12/08/2011,14.7
6798,9225,0,24.6,11.2,13/08/2011,13.4
6799,9225,18,18.9,13.6,14/08/2011,5.3
6800,9225,2.8,20,10.5,15/08/2011,9.5
6801,9225,7.8,17.7,11.5,16/08/2011,6.2
6802,9225,0.8,18.5,8.3,17/08/2011,10.2
6803,9225,0,19.6,8.3,18/08/2011,11.3
6804,9225,0,23.9,5.7,19/08/2011,18.2
6805,9225,0,23.5,11.3,20/08/2011,12.2
6806,9225,0,26.3,14.1,21/08/2011,12.2
6807,9225,38.6,19,14.3,22/08/2011,4.7
6808,9225,0.2,20.9,7.8,23/08/2011,13.1
6809,9225,4.6,17.9,12.9,24/08/2011,5
6810,9225,0.2,19,5.3,25/08/2011,13.7
6811,9225,0,18.2,4.6,26/08/2011,13.6
6812,9225,0,19.6,4.6,27/08/2011,15
6813,9225,0,20.7,6.1,28/08/2011,14.6
6814,9225,0,22.4,6.5,29/08/2011,15.9
6815,9225,0.8,20.1,12.8,30/08/2011,7.3
6816,9225,1.4,22.2,10.9,31/08/2011,11.3
6817,9225,0.2,22.9,8.9,1/09/2011,14
6818,9225,15,17.1,13.2,2/09/2011,3.9
6819,9225,6.4,18.4,8.3,3/09/2011,10.1
6820,9225,2.4,19.2,11.2,4/09/2011,8
6821,9225,0.6,19.1,8.3,5/09/2011,10.8
6822,9225,0,19.8,7.4,6/09/2011,12.4
6823,9225,0,20,8.8,7/09/2011,11.2
6824,9225,0,20.2,6.8,8/09/2011,13.4
6825,9225,0,21.1,8.6,9/09/2011,12.5
6826,9225,0,22.4,8.7,10/09/2011,13.7
6827,9225,0,23.9,6.9,11/09/2011,17
6828,9225,0,24.7,6.4,12/09/2011,18.3
6829,9225,0,21.7,9.6,13/09/2011,12.1
6830,9225,0,23,11.5,14/09/2011,11.5
6831,9225,0.6,21.3,13.9,15/09/2011,7.4
6832,9225,16,21.5,14.4,16/09/2011,7.1
6833,9225,6.2,20.7,9.2,17/09/2011,11.5
6834,9225,17.6,17.8,12.2,18/09/2011,5.6
6835,9225,3,20.2,11.9,19/09/2011,8.3
6836,9225,1,21.1,12,20/09/2011,9.1
6837,9225,1,20.2,12.4,21/09/2011,7.8
6838,9225,13.2,17.5,9.5,22/09/2011,8
6839,9225,0,19.9,6.1,23/09/2011,13.8
6840,9225,0,21.7,5.2,24/09/2011,16.5
6841,9225,0,20.8,7.1,25/09/2011,13.7
6842,9225,15.6,17.8,13.4,26/09/2011,4.4
6843,9225,5.8,17.1,9.8,27/09/2011,7.3
6844,9225,4.6,19.6,5.1,28/09/2011,14.5
6845,9225,0,22.2,4.9,29/09/2011,17.3
6846,9225,0,23.3,11.6,30/09/2011,11.7
6847,9225,0,28.1,14.3,1/10/2011,13.8
6848,9225,0,22.7,13.2,2/10/2011,9.5
6849,9225,0,21.1,13.6,3/10/2011,7.5
6850,9225,0,21.2,14.7,4/10/2011,6.5
6851,9225,0,22.6,7.8,5/10/2011,14.8
6852,9225,0,23.7,9.4,6/10/2011,14.3
6853,9225,0,23,9,7/10/2011,14
6854,9225,0,23.3,13.2,8/10/2011,10.1
6855,9225,0,26.2,11.9,9/10/2011,14.3
6856,9225,0,26.6,13.4,10/10/2011,13.2
6857,9225,0,25.3,12.8,11/10/2011,12.5
6858,9225,0,22.6,15.8,12/10/2011,6.8
6859,9225,1,20.8,15.7,13/10/2011,5.1
6860,9225,0.8,22.3,7.2,14/10/2011,15.1
6861,9225,0,28.6,12.2,15/10/2011,16.4
6862,9225,0,36.3,19.3,16/10/2011,17
6863,9225,0,22.9,17.6,17/10/2011,5.3
6864,9225,7,19.8,13.2,18/10/2011,6.6
6865,9225,0.6,20.8,8.5,19/10/2011,12.3
6866,9225,0,25.5,9,20/10/2011,16.5
6867,9225,0,30,9.7,21/10/2011,20.3
6868,9225,0,25.5,15.2,22/10/2011,10.3
6869,9225,3.2,24.6,15.3,23/10/2011,9.3
6870,9225,0,23.2,13.7,24/10/2011,9.5
6871,9225,29.4,23.3,14.3,25/10/2011,9
6872,9225,0.2,20.9,15.5,26/10/2011,5.4
6873,9225,21.8,22.8,14.3,27/10/2011,8.5
6874,9225,0.2,23.5,12.9,28/10/2011,10.6
6875,9225,0,25.6,11.7,29/10/2011,13.9
6876,9225,0,26.7,12.7,30/10/2011,14
6877,9225,0,29.6,14.4,31/10/2011,15.2
6878,9225,0,31.2,15.9,1/11/2011,15.3
6879,9225,0,33.4,19.9,2/11/2011,13.5
6880,9225,2.2,23.8,20.5,3/11/2011,3.3
6881,9225,7.2,23.9,17.6,4/11/2011,6.3
6882,9225,0.2,22.6,13.9,5/11/2011,8.7
6883,9225,3.2,22.2,13.2,6/11/2011,9
6884,9225,0,22.6,15.8,7/11/2011,6.8
6885,9225,13.2,21.5,15.2,8/11/2011,6.3
6886,9225,0.6,22,11.2,9/11/2011,10.8
6887,9225,0,23.6,10.2,10/11/2011,13.4
6888,9225,0,24.7,11.2,11/11/2011,13.5
6889,9225,0,23.6,13.8,12/11/2011,9.8
6890,9225,0,22.8,17.1,13/11/2011,5.7
6891,9225,0,24.2,18.5,14/11/2011,5.7
6892,9225,0,24.5,10.5,15/11/2011,14
6893,9225,0,23.9,11.8,16/11/2011,12.1
6894,9225,0,24,15.3,17/11/2011,8.7
6895,9225,2.2,22.6,12.9,18/11/2011,9.7
6896,9225,0,25.5,11.2,19/11/2011,14.3
6897,9225,0,28.2,13.8,20/11/2011,14.4
6898,9225,0,29.5,15,21/11/2011,14.5
6899,9225,0,33,16.5,22/11/2011,16.5
6900,9225,0,36.3,17.7,23/11/2011,18.6
6901,9225,0,37.2,20,24/11/2011,17.2
6902,9225,0,28,19.1,25/11/2011,8.9
6903,9225,0,24.7,15.4,26/11/2011,9.3
6904,9225,0,23.5,15.2,27/11/2011,8.3
6905,9225,0,22.7,13.7,28/11/2011,9
6906,9225,0.2,24.3,13.4,29/11/2011,10.9
6907,9225,0,28.4,12.5,30/11/2011,15.9
6908,9225,0,32.9,15.4,1/12/2011,17.5
6909,9225,0,34.9,17.6,2/12/2011,17.3
6910,9225,0,36.4,19.2,3/12/2011,17.2
6911,9225,0,37.6,23.2,4/12/2011,14.4
6912,9225,0,35.1,21.5,5/12/2011,13.6
6913,9225,6.4,24.2,19.1,6/12/2011,5.1
6914,9225,25.8,27.6,17.9,7/12/2011,9.7
6915,9225,0,26.8,17.2,8/12/2011,9.6
6916,9225,0,26.8,18.1,9/12/2011,8.7
6917,9225,0,30.1,16.6,10/12/2011,13.5
6918,9225,0,31.7,18.5,11/12/2011,13.2
6919,9225,0,26.3,19.4,12/12/2011,6.9
6920,9225,43.6,23.9,16.9,13/12/2011,7
6921,9225,0,29.1,18.6,14/12/2011,10.5
6922,9225,0,26.5,19.4,15/12/2011,7.1
6923,9225,0,28.1,16.7,16/12/2011,11.4
6924,9225,0,29.6,16.4,17/12/2011,13.2
6925,9225,0,25.5,17,18/12/2011,8.5
6926,9225,0,26.3,13.3,19/12/2011,13
6927,9225,0,30.6,16.6,20/12/2011,14
6928,9225,0,29.2,17.4,21/12/2011,11.8
6929,9225,0,30.4,17,22/12/2011,13.4
6930,9225,0,28.5,17.8,23/12/2011,10.7
6931,9225,0,30.9,17.6,24/12/2011,13.3
6932,9225,0,30.2,17.5,25/12/2011,12.7
6933,9225,0,32.1,16.8,26/12/2011,15.3
6934,9225,0,36.1,18,27/12/2011,18.1
6935,9225,0,39.9,21.8,28/12/2011,18.1
6936,9225,0,37.8,21.3,29/12/2011,16.5
6937,9225,0,30.8,21.3,30/12/2011,9.5
6938,9225,0,29.6,20.3,31/12/2011,9.3
6939,9225,0,27.7,20,1/01/2012,7.7
6940,9225,0,30.3,18.1,2/01/2012,12.2
6941,9225,0,33,18.2,3/01/2012,14.8
6942,9225,4.8,35,16.3,4/01/2012,18.7
6943,9225,0,27.8,19.8,5/01/2012,8
6944,9225,0,25.1,20.7,6/01/2012,4.4
6945,9225,0.6,24.6,17.4,7/01/2012,7.2
6946,9225,0,27.2,13.5,8/01/2012,13.7
6947,9225,0,30.5,16.5,9/01/2012,14
6948,9225,0,34.3,17.2,10/01/2012,17.1
6949,9225,0,35.9,19.5,11/01/2012,16.4
6950,9225,0,36.8,19.4,12/01/2012,17.4
6951,9225,0,34.9,23.8,13/01/2012,11.1
6952,9225,0,33.6,24.3,14/01/2012,9.3
6953,9225,0,33,21.6,15/01/2012,11.4
6954,9225,0,26.6,18.6,16/01/2012,8
6955,9225,0,31.3,16.6,17/01/2012,14.7
6956,9225,0,37.5,19,18/01/2012,18.5
6957,9225,0,35,19.2,19/01/2012,15.8
6958,9225,0.6,37.1,22,20/01/2012,15.1
6959,9225,9.8,35.3,20,21/01/2012,15.3
6960,9225,0,28.8,23.4,22/01/2012,5.4
6961,9225,0,34.7,19.7,23/01/2012,15
6962,9225,0,38.7,21.1,24/01/2012,17.6
6963,9225,0,41.1,25.6,25/01/2012,15.5
6964,9225,0,41.9,25.4,26/01/2012,16.5
6965,9225,3,37.1,23.7,27/01/2012,13.4
6966,9225,0,42.1,26.6,28/01/2012,15.5
6967,9225,0,33.1,22.4,29/01/2012,10.7
6968,9225,0,31.9,16.6,30/01/2012,15.3
6969,9225,0,35.8,17.6,31/01/2012,18.2
6970,9225,0,37.5,24.3,1/02/2012,13.2
6971,9225,3,29.4,23,2/02/2012,6.4
6972,9225,20.2,25.1,20.3,3/02/2012,4.8
6973,9225,0,26,15.4,4/02/2012,10.6
6974,9225,0,27.3,13.5,5/02/2012,13.8
6975,9225,0,30,15.5,6/02/2012,14.5
6976,9225,0,34.5,17.7,7/02/2012,16.8
6977,9225,0,35.2,18.8,8/02/2012,16.4
6978,9225,0,36.6,19.8,9/02/2012,16.8
6979,9225,0,40.1,23.7,10/02/2012,16.4
6980,9225,0,28.6,20.4,11/02/2012,8.2
6981,9225,0,28.9,22.2,12/02/2012,6.7
6982,9225,0,30.6,18,13/02/2012,12.6
6983,9225,0,30.7,19,14/02/2012,11.7
6984,9225,0,31.9,17.9,15/02/2012,14
6985,9225,0,29.7,19.5,16/02/2012,10.2
6986,9225,0,28.9,19.1,17/02/2012,9.8
6987,9225,0,31.4,21.1,18/02/2012,10.3
6988,9225,0,34.1,20,19/02/2012,14.1
6989,9225,0,37,19.6,20/02/2012,17.4
6990,9225,0,36.5,23.7,21/02/2012,12.8
6991,9225,0,36.1,20,22/02/2012,16.1
6992,9225,0,29.1,22.6,23/02/2012,6.5
6993,9225,0,27.4,20.8,24/02/2012,6.6
6994,9225,0,25.1,15,25/02/2012,10.1
6995,9225,0.4,26,12.1,26/02/2012,13.9
6996,9225,0,29.2,15.9,27/02/2012,13.3
6997,9225,0,27.9,17.8,28/02/2012,10.1
6998,9225,0,30,18.3,29/02/2012,11.7
6999,9225,0,30.4,16.3,1/03/2012,14.1
7000,9225,0,30.9,15.6,2/03/2012,15.3
7001,9225,0,32.7,16.3,3/03/2012,16.4
7002,9225,0,36.3,14.2,4/03/2012,22.1
7003,9225,0,38,14.8,5/03/2012,23.2
7004,9225,0,38.9,16.7,6/03/2012,22.2
7005,9225,0,29.4,15.6,7/03/2012,13.8
7006,9225,0,33.5,18,8/03/2012,15.5
7007,9225,0,38.9,17.8,9/03/2012,21.1
7008,9225,0,39.5,17.4,10/03/2012,22.1
7009,9225,0,41.1,20.2,11/03/2012,20.9
7010,9225,0,40.6,15.8,12/03/2012,24.8
7011,9225,0,31.2,20.7,13/03/2012,10.5
7012,9225,0,29.2,16.3,14/03/2012,12.9
7013,9225,0,28.9,16.1,15/03/2012,12.8
7014,9225,0,30.4,14.7,16/03/2012,15.7
7015,9225,0,33.3,15.6,17/03/2012,17.7
7016,9225,0,34.2,16.7,18/03/2012,17.5
7017,9225,0,29.3,16.4,19/03/2012,12.9
7018,9225,0,27.5,14.4,20/03/2012,13.1
7019,9225,0,26.4,15.9,21/03/2012,10.5
7020,9225,0,26.2,14.4,22/03/2012,11.8
7021,9225,0,27.4,15.7,23/03/2012,11.7
7022,9225,0,29.2,16.7,24/03/2012,12.5
7023,9225,0,27.3,16.3,25/03/2012,11
7024,9225,0,26.6,15.8,26/03/2012,10.8
7025,9225,0,27.4,13.2,27/03/2012,14.2
7026,9225,0,29.6,16.9,28/03/2012,12.7
7027,9225,0,33.1,17.3,29/03/2012,15.8
7028,9225,0.2,22.8,17.6,30/03/2012,5.2
7029,9225,0,24,9,31/03/2012,15
7030,9225,0,24.4,13,1/04/2012,11.4
7031,9225,0.6,25.5,19.2,2/04/2012,6.3
7032,9225,4.6,26.5,19.5,3/04/2012,7
7033,9225,0,25.6,20.9,4/04/2012,4.7
7034,9225,12.6,22.4,16.5,5/04/2012,5.9
7035,9225,0,23.6,10.8,6/04/2012,12.8
7036,9225,0,29.9,11.5,7/04/2012,18.4
7037,9225,0,29.8,16,8/04/2012,13.8
7038,9225,0,27.5,13.7,9/04/2012,13.8
7039,9225,0,35.4,14.5,10/04/2012,20.9
7040,9225,0,31.9,16.5,11/04/2012,15.4
7041,9225,0,30.8,13.1,12/04/2012,17.7
7042,9225,0,25.4,16.6,13/04/2012,8.8
7043,9225,0,26,11.8,14/04/2012,14.2
7044,9225,0,26.5,11.3,15/04/2012,15.2
7045,9225,0,26.1,12.9,16/04/2012,13.2
7046,9225,0,26.4,12.6,17/04/2012,13.8
7047,9225,0,25,11.7,18/04/2012,13.3
7048,9225,4.2,23,13,19/04/2012,10
7049,9225,0,22.3,11.5,20/04/2012,10.8
7050,9225,0,21.9,9.2,21/04/2012,12.7
7051,9225,0.2,22.2,11,22/04/2012,11.2
7052,9225,0,23.1,11.3,23/04/2012,11.8
7053,9225,0,26.4,12.2,24/04/2012,14.2
7054,9225,0,29.5,15.6,25/04/2012,13.9
7055,9225,0,32,10.9,26/04/2012,21.1
7056,9225,0,29.5,17.6,27/04/2012,11.9
7057,9225,0,25.5,20.1,28/04/2012,5.4
7058,9225,40.8,23.8,17.7,29/04/2012,6.1
7059,9225,6.2,23.1,17,30/04/2012,6.1
7060,9225,0,22.8,12,1/05/2012,10.8
7061,9225,0,27.3,10.7,2/05/2012,16.6
7062,9225,0,26.3,18.9,3/05/2012,7.4
7063,9225,6.4,20.6,18.6,4/05/2012,2
7064,9225,11.2,22.5,16.9,5/05/2012,5.6
7065,9225,10.4,20.5,14.8,6/05/2012,5.7
7066,9225,3.4,21.9,13.5,7/05/2012,8.4
7067,9225,4.6,21.8,16.6,8/05/2012,5.2
7068,9225,0.6,19.6,11.9,9/05/2012,7.7
7069,9225,11.6,21.7,13.6,10/05/2012,8.1
7070,9225,0,24,9.7,11/05/2012,14.3
7071,9225,0,26.3,11.5,12/05/2012,14.8
7072,9225,0,22.9,11.4,13/05/2012,11.5
7073,9225,0,21.8,11.3,14/05/2012,10.5
7074,9225,0.6,20.3,11.3,15/05/2012,9
7075,9225,0.2,21.7,8.3,16/05/2012,13.4
7076,9225,0,21.4,7.4,17/05/2012,14
7077,9225,0,23.8,9.4,18/05/2012,14.4
7078,9225,0,25.2,8.1,19/05/2012,17.1
7079,9225,0,26.5,9.2,20/05/2012,17.3
7080,9225,0,25.4,8.6,21/05/2012,16.8
7081,9225,0,21.3,7.3,22/05/2012,14
7082,9225,0,21.1,9.6,23/05/2012,11.5
7083,9225,0,22,5.6,24/05/2012,16.4
7084,9225,0,21.9,1.3,25/05/2012,20.6
7085,9225,0,23.5,3.5,26/05/2012,20
7086,9225,0,24.5,6.2,27/05/2012,18.3
7087,9225,0,23.3,10.5,28/05/2012,12.8
7088,9225,0,24.4,5.1,29/05/2012,19.3
7089,9225,0,25.8,9.4,30/05/2012,16.4
7090,9225,0,25.5,9.7,31/05/2012,15.8
7091,9225,7.6,19.6,11.6,1/06/2012,8
7092,9225,0,20.6,7.4,2/06/2012,13.2
7093,9225,0,24.2,12.5,3/06/2012,11.7
7094,9225,0,22.9,15.7,4/06/2012,7.2
7095,9225,0,23.2,15.4,5/06/2012,7.8
7096,9225,0,17.4,14.5,6/06/2012,2.9
7097,9225,13.4,20.4,12.8,7/06/2012,7.6
7098,9225,15.8,21,11.6,8/06/2012,9.4
7099,9225,0.6,19.2,11.1,9/06/2012,8.1
7100,9225,4.4,21.5,15.3,10/06/2012,6.2
7101,9225,5,20.8,16.3,11/06/2012,4.5
7102,9225,16.6,19.8,11,12/06/2012,8.8
7103,9225,21.8,16.9,13,13/06/2012,3.9
7104,9225,0.4,18.2,9.5,14/06/2012,8.7
7105,9225,9.6,18.9,7.2,15/06/2012,11.7
7106,9225,3,18.2,11.1,16/06/2012,7.1
7107,9225,3.6,21.5,12.9,17/06/2012,8.6
7108,9225,0,23.6,6.8,18/06/2012,16.8
7109,9225,8.4,21.1,12.2,19/06/2012,8.9
7110,9225,8.8,15.9,7.8,20/06/2012,8.1
7111,9225,11.4,16.1,2.7,21/06/2012,13.4
7112,9225,0,17.1,1.8,22/06/2012,15.3
7113,9225,0,17.6,2.2,23/06/2012,15.4
7114,9225,0,18.9,8.5,24/06/2012,10.4
7115,9225,0,15.3,7.1,25/06/2012,8.2
7116,9225,0,20.8,11.8,26/06/2012,9
7117,9225,9,19.8,11.2,27/06/2012,8.6
7118,9225,1.2,19.3,12.3,28/06/2012,7
7119,9225,0.2,17.4,7.9,29/06/2012,9.5
7120,9225,0,20.2,5.4,30/06/2012,14.8
7121,9225,0,21.6,4.7,1/07/2012,16.9
7122,9225,0,21,4.3,2/07/2012,16.7
7123,9225,0,20.5,3.2,3/07/2012,17.3
7124,9225,0,22.2,2.5,4/07/2012,19.7
7125,9225,0,22.8,2.6,5/07/2012,20.2
7126,9225,0,22.6,4.9,6/07/2012,17.7
7127,9225,9,20.3,10.9,7/07/2012,9.4
7128,9225,0.2,16,7.8,8/07/2012,8.2
7129,9225,0,15,4.3,9/07/2012,10.7
7130,9225,6.4,15.7,8.2,10/07/2012,7.5
7131,9225,3.2,17.3,7,11/07/2012,10.3
7132,9225,0,15.7,3.7,12/07/2012,12
7133,9225,0,17.7,3.2,13/07/2012,14.5
7134,9225,0,18.8,3.1,14/07/2012,15.7
7135,9225,0,20.2,8.8,15/07/2012,11.4
7136,9225,3.6,17.3,10.8,16/07/2012,6.5
7137,9225,5,16.6,5,17/07/2012,11.6
7138,9225,0,16.5,2.2,18/07/2012,14.3
7139,9225,0,18.7,1.2,19/07/2012,17.5
7140,9225,0,21.8,1.8,20/07/2012,20
7141,9225,0,23.6,4.3,21/07/2012,19.3
7142,9225,0,23.4,12.4,22/07/2012,11
7143,9225,0,20.5,6.9,23/07/2012,13.6
7144,9225,0.4,14.8,5,24/07/2012,9.8
7145,9225,0,15.9,0.4,25/07/2012,15.5
7146,9225,0,19.3,1.6,26/07/2012,17.7
7147,9225,0,19.3,2.5,27/07/2012,16.8
7148,9225,0,20.7,3.1,28/07/2012,17.6
7149,9225,0,20.8,3.7,29/07/2012,17.1
7150,9225,0,23.8,7.7,30/07/2012,16.1
7151,9225,6.8,19.5,12.2,31/07/2012,7.3
7152,9225,11.2,16.8,8.5,1/08/2012,8.3
7153,9225,7.8,18.4,7.6,2/08/2012,10.8
7154,9225,9.8,19.3,11.2,3/08/2012,8.1
7155,9225,1.8,19.7,11,4/08/2012,8.7
7156,9225,1,19.7,8.9,5/08/2012,10.8
7157,9225,0.6,21.7,12.4,6/08/2012,9.3
7158,9225,9.6,17.9,12.7,7/08/2012,5.2
7159,9225,4.2,18.2,6,8/08/2012,12.2
7160,9225,0,20.2,2.9,9/08/2012,17.3
7161,9225,0,23.4,4.7,10/08/2012,18.7
7162,9225,0,24.5,7.5,11/08/2012,17
7163,9225,0.2,18.8,13.5,12/08/2012,5.3
7164,9225,19.2,16,7.1,13/08/2012,8.9
7165,9225,0.6,19.1,9.4,14/08/2012,9.7
7166,9225,1.4,18,10.4,15/08/2012,7.6
7167,9225,0,18.9,3.6,16/08/2012,15.3
7168,9225,0,20,10,17/08/2012,10
7169,9225,0,24.1,6.4,18/08/2012,17.7
7170,9225,0,20.9,5.4,19/08/2012,15.5
7171,9225,0,23.8,11.5,20/08/2012,12.3
7172,9225,2.8,20.4,15.3,21/08/2012,5.1
7173,9225,7.6,16.4,13.3,22/08/2012,3.1
7174,9225,0,18.8,4.7,23/08/2012,14.1
7175,9225,0,21,9.4,24/08/2012,11.6
7176,9225,0,23.4,6.8,25/08/2012,16.6
7177,9225,0,20.3,5.8,26/08/2012,14.5
7178,9225,0,19.5,8,27/08/2012,11.5
7179,9225,6.6,19.4,10.6,28/08/2012,8.8
7180,9225,2.8,20.5,9,29/08/2012,11.5
7181,9225,0,22.9,6,30/08/2012,16.9
7182,9225,0,21.7,8,31/08/2012,13.7
7183,9225,1.2,20.5,12,1/09/2012,8.5
7184,9225,0,20.8,7.3,2/09/2012,13.5
7185,9225,0.2,20.8,10.4,3/09/2012,10.4
7186,9225,28.2,15.9,8.2,4/09/2012,7.7
7187,9225,5,18.8,9.5,5/09/2012,9.3
7188,9225,2,17.5,5.4,6/09/2012,12.1
7189,9225,0,19.5,6,7/09/2012,13.5
7190,9225,0,25.6,11.2,8/09/2012,14.4
7191,9225,0,29.3,8.8,9/09/2012,20.5
7192,9225,0,23.2,15.6,10/09/2012,7.6
7193,9225,0,20.6,15.5,11/09/2012,5.1
7194,9225,0.2,19.6,7.8,12/09/2012,11.8
7195,9225,0,22,5.4,13/09/2012,16.6
7196,9225,0,25.6,7.7,14/09/2012,17.9
7197,9225,0,25.9,7.5,15/09/2012,18.4
7198,9225,0,28.6,11.6,16/09/2012,17
7199,9225,0,25.2,15,17/09/2012,10.2
7200,9225,10.8,21.9,15.4,18/09/2012,6.5
7201,9225,0,22.6,12.8,19/09/2012,9.8
7202,9225,2.6,21,15,20/09/2012,6
7203,9225,1.2,21.4,13,21/09/2012,8.4
7204,9225,11.8,17.7,11.7,22/09/2012,6
7205,9225,0.2,20.2,4.7,23/09/2012,15.5
7206,9225,0,19.8,5.7,24/09/2012,14.1
7207,9225,6,20.5,13.4,25/09/2012,7.1
7208,9225,4,19.2,12.4,26/09/2012,6.8
7209,9225,12,14.9,10.7,27/09/2012,4.2
7210,9225,5.4,17.1,3.8,28/09/2012,13.3
7211,9225,0,20.7,3.9,29/09/2012,16.8
7212,9225,0,28.5,6.5,30/09/2012,22
7213,9225,0,34.3,10.5,1/10/2012,23.8
7214,9225,0,23.9,15,2/10/2012,8.9
7215,9225,3.8,20.1,15.2,3/10/2012,4.9
7216,9225,0.4,19.2,10.7,4/10/2012,8.5
7217,9225,0,23,8.5,5/10/2012,14.5
7218,9225,0,27.7,11.2,6/10/2012,16.5
7219,9225,0,21.8,10.6,7/10/2012,11.2
7220,9225,0,21.8,8.9,8/10/2012,12.9
7221,9225,0,25.3,13.3,9/10/2012,12
7222,9225,0,27.2,11.9,10/10/2012,15.3
7223,9225,0,30.2,16.4,11/10/2012,13.8
7224,9225,0,26,13.4,12/10/2012,12.6
7225,9225,0,23.2,18.4,13/10/2012,4.8
7226,9225,4.4,22,15.8,14/10/2012,6.2
7227,9225,2.2,21.4,12.7,15/10/2012,8.7
7228,9225,0,23.3,8.8,16/10/2012,14.5
7229,9225,0,22.5,13.5,17/10/2012,9
7230,9225,0,23.4,9.2,18/10/2012,14.2
7231,9225,0,23.3,10.2,19/10/2012,13.1
7232,9225,0,29,10.8,20/10/2012,18.2
7233,9225,0,29.3,12.1,21/10/2012,17.2
7234,9225,3.8,21.2,15.6,22/10/2012,5.6
7235,9225,1,21.1,10.1,23/10/2012,11
7236,9225,0,24.5,12.1,24/10/2012,12.4
7237,9225,0,25.9,12.5,25/10/2012,13.4
7238,9225,0,28.4,11.9,26/10/2012,16.5
7239,9225,0,33.6,13.7,27/10/2012,19.9
7240,9225,0,36.2,12.1,28/10/2012,24.1
7241,9225,0,23.4,14.5,29/10/2012,8.9
7242,9225,0,22.4,13,30/10/2012,9.4
7243,9225,0,21.4,14.2,31/10/2012,7.2
7244,9225,0,22.4,14.4,1/11/2012,8
7245,9225,0,23.3,13.3,2/11/2012,10
7246,9225,0,22.8,12.3,3/11/2012,10.5
7247,9225,26,19,13.1,4/11/2012,5.9
7248,9225,11.2,19.9,10.6,5/11/2012,9.3
7249,9225,0.4,21.8,13.6,6/11/2012,8.2
7250,9225,0,23.1,11.7,7/11/2012,11.4
7251,9225,0,26.5,11.6,8/11/2012,14.9
7252,9225,0,31.5,11.2,9/11/2012,20.3
7253,9225,0,23.8,12.4,10/11/2012,11.4
7254,9225,1.2,21.6,11,11/11/2012,10.6
7255,9225,0,26.9,11,12/11/2012,15.9
7256,9225,0,31,11.7,13/11/2012,19.3
7257,9225,0,26.6,14,14/11/2012,12.6
7258,9225,0,26.3,13,15/11/2012,13.3
7259,9225,0,30.4,13.6,16/11/2012,16.8
7260,9225,0,35.3,18.1,17/11/2012,17.2
7261,9225,0,25.4,16.7,18/11/2012,8.7
7262,9225,0,25,15.5,19/11/2012,9.5
7263,9225,0,26.1,12.9,20/11/2012,13.2
7264,9225,0,35.2,16.2,21/11/2012,19
7265,9225,0,31.8,18.8,22/11/2012,13
7266,9225,0,24.1,18,23/11/2012,6.1
7267,9225,0,30,16.8,24/11/2012,13.2
7268,9225,0.8,28.4,16.4,25/11/2012,12
7269,9225,0,30.2,15.4,26/11/2012,14.8
7270,9225,0,25.5,15.4,27/11/2012,10.1
7271,9225,8,22,14.1,28/11/2012,7.9
7272,9225,9.6,19.8,12.6,29/11/2012,7.2
7273,9225,1,20.7,13.5,30/11/2012,7.2
7274,9225,0,24.4,10,1/12/2012,14.4
7275,9225,0,29.8,15.1,2/12/2012,14.7
7276,9225,0,33.7,16.6,3/12/2012,17.1
7277,9225,0,38.2,18.6,4/12/2012,19.6
7278,9225,2.6,24.7,20,5/12/2012,4.7
7279,9225,2,24.1,19,6/12/2012,5.1
7280,9225,1,23.6,17.8,7/12/2012,5.8
7281,9225,0,28.1,9.4,8/12/2012,18.7
7282,9225,0,35.1,15.2,9/12/2012,19.9
7283,9225,0,34.1,19.4,10/12/2012,14.7
7284,9225,0.8,30.1,18.3,11/12/2012,11.8
7285,9225,8.6,24.7,16.6,12/12/2012,8.1
7286,9225,5.2,25.5,17.8,13/12/2012,7.7
7287,9225,0,26,17.1,14/12/2012,8.9
7288,9225,0,28.3,15,15/12/2012,13.3
7289,9225,0,31.4,15.7,16/12/2012,15.7
7290,9225,0,24.7,15.6,17/12/2012,9.1
7291,9225,0,25.1,18.6,18/12/2012,6.5
7292,9225,0,28.4,13.8,19/12/2012,14.6
7293,9225,0,35.3,17.1,20/12/2012,18.2
7294,9225,0,29.8,19.2,21/12/2012,10.6
7295,9225,0,26.7,15.9,22/12/2012,10.8
7296,9225,0,26.7,17,23/12/2012,9.7
7297,9225,0,32.7,17.3,24/12/2012,15.4
7298,9225,0,39.6,19,25/12/2012,20.6
7299,9225,0,37.5,23,26/12/2012,14.5
7300,9225,0,38.3,20.2,27/12/2012,18.1
7301,9225,0,39.3,24.3,28/12/2012,15
7302,9225,0,40.5,27.3,29/12/2012,13.2
7303,9225,0,37.5,21.5,30/12/2012,16
7304,9225,0,42.1,20.9,31/12/2012,21.2
7305,9225,0,30.8,25.1,1/01/2013,5.7
7306,9225,0.4,28.5,21.6,2/01/2013,6.9
7307,9225,0,27.3,18.9,3/01/2013,8.4
7308,9225,0,25.6,18.3,4/01/2013,7.3
7309,9225,0,36.9,14,5/01/2013,22.9
7310,9225,0,35.3,22,6/01/2013,13.3
7311,9225,4.8,37.8,24,7/01/2013,13.8
7312,9225,0.2,39.1,25.2,8/01/2013,13.9
7313,9225,0,26.4,22.3,9/01/2013,4.1
7314,9225,0,26.2,15.6,10/01/2013,10.6
7315,9225,0,29.4,16.7,11/01/2013,12.7
7316,9225,0,34.9,20.4,12/01/2013,14.5
7317,9225,0,28.1,22.2,13/01/2013,5.9
7318,9225,1.2,37.3,21.7,14/01/2013,15.6
7319,9225,0,32.6,27.3,15/01/2013,5.3
7320,9225,0,27.1,22.8,16/01/2013,4.3
7321,9225,0.6,24.5,19.1,17/01/2013,5.4
7322,9225,0,30.2,15.1,18/01/2013,15.1
7323,9225,0,33.2,16.6,19/01/2013,16.6
7324,9225,0,35.1,15.4,20/01/2013,19.7
7325,9225,0,31.5,19.4,21/01/2013,12.1
7326,9225,0,35.7,18.1,22/01/2013,17.6
7327,9225,0,28.7,20,23/01/2013,8.7
7328,9225,0,28.4,17.2,24/01/2013,11.2
7329,9225,0,30.8,16.1,25/01/2013,14.7
7330,9225,0,34.9,15.4,26/01/2013,19.5
7331,9225,0,34.5,20.6,27/01/2013,13.9
7332,9225,0,32.5,16.8,28/01/2013,15.7
7333,9225,0,32.7,17.8,29/01/2013,14.9
7334,9225,0,32.3,16.8,30/01/2013,15.5
7335,9225,0,34.9,17.2,31/01/2013,17.7
7336,9225,0,36.1,17.3,1/02/2013,18.8
7337,9225,0,38,18.7,2/02/2013,19.3
7338,9225,0,37.8,17.2,3/02/2013,20.6
7339,9225,0,30.4,20.2,4/02/2013,10.2
7340,9225,0,34.3,17.2,5/02/2013,17.1
7341,9225,0,29.3,17.3,6/02/2013,12
7342,9225,0,29.2,17.1,7/02/2013,12.1
7343,9225,0,34.2,17.2,8/02/2013,17
7344,9225,0,38.2,19.3,9/02/2013,18.9
7345,9225,0,38.8,19.3,10/02/2013,19.5
7346,9225,0,39.5,22.4,11/02/2013,17.1
7347,9225,0,40.5,24.4,12/02/2013,16.1
7348,9225,0,37.6,21.2,13/02/2013,16.4
7349,9225,0,29.6,23.2,14/02/2013,6.4
7350,9225,0,34.2,20.1,15/02/2013,14.1
7351,9225,0,33.5,20.3,16/02/2013,13.2
7352,9225,0,26.9,20.6,17/02/2013,6.3
7353,9225,0,29.8,14.6,18/02/2013,15.2
7354,9225,0,34.7,16.4,19/02/2013,18.3
7355,9225,0,40.1,21.1,20/02/2013,19
7356,9225,0.2,40.5,25.2,21/02/2013,15.3
7357,9225,0,26.7,23,22/02/2013,3.7
7358,9225,0.6,24.8,15.6,23/02/2013,9.2
7359,9225,0,28.1,12.9,24/02/2013,15.2
7360,9225,0,36,18.7,25/02/2013,17.3
7361,9225,0,37.4,22,26/02/2013,15.4
7362,9225,0,34.8,20.4,27/02/2013,14.4
7363,9225,0,34.2,19.2,28/02/2013,15
7364,9225,0,33.8,20,1/03/2013,13.8
7365,9225,0,28.3,17.4,2/03/2013,10.9
7366,9225,0,30.3,16.3,3/03/2013,14
7367,9225,0.2,27.3,18.4,4/03/2013,8.9
7368,9225,0.2,27.5,15.5,5/03/2013,12
7369,9225,0,30.1,16.9,6/03/2013,13.2
7370,9225,0,31.1,18.3,7/03/2013,12.8
7371,9225,0,33.5,18.1,8/03/2013,15.4
7372,9225,0,34.8,19.2,9/03/2013,15.6
7373,9225,0,30.8,23,10/03/2013,7.8
7374,9225,18,26.2,20.4,11/03/2013,5.8
7375,9225,0,25.6,12,12/03/2013,13.6
7376,9225,0,28.2,14.4,13/03/2013,13.8
7377,9225,0.4,24.4,16.9,14/03/2013,7.5
7378,9225,26.2,29.2,15.5,15/03/2013,13.7
7379,9225,0,29.7,19.8,16/03/2013,9.9
7380,9225,0,31.3,19.7,17/03/2013,11.6
7381,9225,0,30.1,19.2,18/03/2013,10.9
7382,9225,0,29.3,18.8,19/03/2013,10.5
7383,9225,0,24.9,19.3,20/03/2013,5.6
7384,9225,0,24.2,16,21/03/2013,8.2
7385,9225,0,25.6,12.1,22/03/2013,13.5
7386,9225,0,25.4,12.8,23/03/2013,12.6
7387,9225,0,28.2,12.7,24/03/2013,15.5
7388,9225,0,23.7,14.7,25/03/2013,9
7389,9225,24.6,20.4,12.6,26/03/2013,7.8
7390,9225,0,23.6,8.2,27/03/2013,15.4
7391,9225,0,24.9,11.4,28/03/2013,13.5
7392,9225,0,27.4,14.5,29/03/2013,12.9
7393,9225,0,27.3,13.1,30/03/2013,14.2
7394,9225,0,30.1,12.4,31/03/2013,17.7
7395,9225,0,31.7,14.9,1/04/2013,16.8
7396,9225,0,32,13,2/04/2013,19
7397,9225,0,34.4,16.2,3/04/2013,18.2
7398,9225,0,36.2,18.1,4/04/2013,18.1
7399,9225,0,27.3,18.2,5/04/2013,9.1
7400,9225,0,28.4,18.1,6/04/2013,10.3
7401,9225,0,31.7,17.7,7/04/2013,14
7402,9225,0,37.3,18.2,8/04/2013,19.1
7403,9225,0,33.8,15.9,9/04/2013,17.9
7404,9225,0,36.4,18.5,10/04/2013,17.9
7405,9225,0.2,36.2,20,11/04/2013,16.2
7406,9225,0.4,24,21,12/04/2013,3
7407,9225,2.8,27,19.7,13/04/2013,7.3
7408,9225,0,28.5,20.8,14/04/2013,7.7
7409,9225,0,28.7,20.7,15/04/2013,8
7410,9225,0,26.4,20.8,16/04/2013,5.6
7411,9225,0,26.6,19.7,17/04/2013,6.9
7412,9225,0,25.5,16.7,18/04/2013,8.8
7413,9225,3.6,26.6,18.1,19/04/2013,8.5
7414,9225,0.4,21.9,16,20/04/2013,5.9
7415,9225,0.2,22.5,13.2,21/04/2013,9.3
7416,9225,12.6,23.1,15.6,22/04/2013,7.5
7417,9225,0.4,24.1,11,23/04/2013,13.1
7418,9225,0,28.4,11.5,24/04/2013,16.9
7419,9225,0,26.4,15.7,25/04/2013,10.7
7420,9225,0,25.1,16.3,26/04/2013,8.8
7421,9225,0,25.1,13.6,27/04/2013,11.5
7422,9225,0.2,24.2,14.1,28/04/2013,10.1
7423,9225,0.2,24.3,12.2,29/04/2013,12.1
7424,9225,0,30,14.7,30/04/2013,15.3
7425,9225,0,25.7,14.4,1/05/2013,11.3
7426,9225,10.8,22.9,17.5,2/05/2013,5.4
7427,9225,5,22.6,12.4,3/05/2013,10.2
7428,9225,0,23.6,11.5,4/05/2013,12.1
7429,9225,0,25.4,12.8,5/05/2013,12.6
7430,9225,0,22.3,13,6/05/2013,9.3
7431,9225,0,24.1,13.7,7/05/2013,10.4
7432,9225,43.6,20.8,16.5,8/05/2013,4.3
7433,9225,22.8,20.8,13.2,9/05/2013,7.6
7434,9225,5.4,20.1,13.4,10/05/2013,6.7
7435,9225,7.2,19.7,11.9,11/05/2013,7.8
7436,9225,0,20.7,6.3,12/05/2013,14.4
7437,9225,0,21.1,7,13/05/2013,14.1
7438,9225,0,21.8,9.8,14/05/2013,12
7439,9225,0,22.6,6.3,15/05/2013,16.3
7440,9225,0,23.4,8.5,16/05/2013,14.9
7441,9225,9.4,20.3,12.2,17/05/2013,8.1
7442,9225,0.6,20.5,10.3,18/05/2013,10.2
7443,9225,0,21.7,9.1,19/05/2013,12.6
7444,9225,6,19.2,11,20/05/2013,8.2
7445,9225,1,21.2,7.5,21/05/2013,13.7
7446,9225,0,21.6,6.5,22/05/2013,15.1
7447,9225,0,20.8,6.3,23/05/2013,14.5
7448,9225,0,22,6.7,24/05/2013,15.3
7449,9225,0,23.2,8.2,25/05/2013,15
7450,9225,0,24.9,11.5,26/05/2013,13.4
7451,9225,0,23,12.8,27/05/2013,10.2
7452,9225,9.4,20,12,28/05/2013,8
7453,9225,0,19.6,10,29/05/2013,9.6
7454,9225,13.6,14.6,11.3,30/05/2013,3.3
7455,9225,3.4,16.2,3.5,31/05/2013,12.7
7456,9225,0,18.1,3.6,1/06/2013,14.5
7457,9225,0,18.1,8.2,2/06/2013,9.9
7458,9225,0,20,10.8,3/06/2013,9.2
7459,9225,0,20,5.3,4/06/2013,14.7
7460,9225,2.6,19.4,9,5/06/2013,10.4
7461,9225,0.4,21,13.8,6/06/2013,7.2
7462,9225,0.2,21.8,7.3,7/06/2013,14.5
7463,9225,0,20.6,7,8/06/2013,13.6
7464,9225,0.6,21,11.3,9/06/2013,9.7
7465,9225,10,19.5,10,10/06/2013,9.5
7466,9225,0,18.2,7.1,11/06/2013,11.1
7467,9225,0,19.3,10,12/06/2013,9.3
7468,9225,0,20.8,8,13/06/2013,12.8
7469,9225,0,20,9.8,14/06/2013,10.2
7470,9225,0,15.4,9.8,15/06/2013,5.6
7471,9225,0,18.4,2.6,16/06/2013,15.8
7472,9225,10,17.9,9.1,17/06/2013,8.8
7473,9225,0.2,18.1,7.1,18/06/2013,11
7474,9225,0,19.2,6.7,19/06/2013,12.5
7475,9225,0,20.1,4.7,20/06/2013,15.4
7476,9225,0,19.6,5.1,21/06/2013,14.5
7477,9225,0,22.9,5.2,22/06/2013,17.7
7478,9225,0,21,9.8,23/06/2013,11.2
7479,9225,6,22,10.8,24/06/2013,11.2
7480,9225,9.6,18.7,13.1,25/06/2013,5.6
7481,9225,4.4,18.1,6,26/06/2013,12.1
7482,9225,0,20,9.7,27/06/2013,10.3
7483,9225,0,21.2,8.1,28/06/2013,13.1
7484,9225,0,23,6,29/06/2013,17
7485,9225,0,22.9,3.9,30/06/2013,19
7486,9225,0,23,4,1/07/2013,19
7487,9225,0,22.1,3.2,2/07/2013,18.9
7488,9225,3.2,17.2,8.9,3/07/2013,8.3
7489,9225,2,16.8,5.7,4/07/2013,11.1
7490,9225,0,17.4,2.2,5/07/2013,15.2
7491,9225,0,17.3,4,6/07/2013,13.3
7492,9225,0,16.8,2.4,7/07/2013,14.4
7493,9225,0,18.5,1.5,8/07/2013,17
7494,9225,0,19.4,4.7,9/07/2013,14.7
7495,9225,34.6,20.4,9.3,10/07/2013,11.1
7496,9225,0,15,6.3,11/07/2013,8.7
7497,9225,2.2,18.7,9.6,12/07/2013,9.1
7498,9225,0,20.6,6.6,13/07/2013,14
7499,9225,1.2,21,9.4,14/07/2013,11.6
7500,9225,0,21.4,13.1,15/07/2013,8.3
7501,9225,15,19.4,11.5,16/07/2013,7.9
7502,9225,12.6,14.6,9.1,17/07/2013,5.5
7503,9225,0,16.2,1.4,18/07/2013,14.8
7504,9225,0,17.1,3.7,19/07/2013,13.4
7505,9225,0,16.5,2,20/07/2013,14.5
7506,9225,0,16.3,3.1,21/07/2013,13.2
7507,9225,0,19.1,3.3,22/07/2013,15.8
7508,9225,0,22.7,6,23/07/2013,16.7
7509,9225,19.2,19.8,12.2,24/07/2013,7.6
7510,9225,3.8,20.4,10.1,25/07/2013,10.3
7511,9225,10.4,17.6,12.7,26/07/2013,4.9
7512,9225,17.6,18.8,9.1,27/07/2013,9.7
7513,9225,5.4,19.4,9.4,28/07/2013,10
7514,9225,1,18.8,8.1,29/07/2013,10.7
7515,9225,0.4,20.3,9.6,30/07/2013,10.7
7516,9225,11.4,20.5,12,31/07/2013,8.5
7517,9225,3.8,21,11.2,1/08/2013,9.8
7518,9225,0,21,8.8,2/08/2013,12.2
7519,9225,0,21.7,9,3/08/2013,12.7
7520,9225,0,22.8,6.8,4/08/2013,16
7521,9225,0.8,22.5,13.6,5/08/2013,8.9
7522,9225,11.2,22.1,15.5,6/08/2013,6.6
7523,9225,4.6,21.9,17.1,7/08/2013,4.8
7524,9225,45.4,17.7,16.3,8/08/2013,1.4
7525,9225,13.4,20.1,11.8,9/08/2013,8.3
7526,9225,0.8,19.8,10.8,10/08/2013,9
7527,9225,2.8,18.7,13,11/08/2013,5.7
7528,9225,0.4,20.5,12.6,12/08/2013,7.9
7529,9225,1,18.9,15.1,13/08/2013,3.8
7530,9225,3.4,19.7,7.9,14/08/2013,11.8
7531,9225,2,19.4,13,15/08/2013,6.4
7532,9225,16,16.9,6.3,16/08/2013,10.6
7533,9225,6.8,19,11.2,17/08/2013,7.8
7534,9225,1.8,19,7.8,18/08/2013,11.2
7535,9225,0.4,20.6,9.4,19/08/2013,11.2
7536,9225,0,19.6,5.7,20/08/2013,13.9
7537,9225,0,19.8,9.4,21/08/2013,10.4
7538,9225,0,22,7,22/08/2013,15
7539,9225,0,24.7,5.9,23/08/2013,18.8
7540,9225,0,26.4,6.4,24/08/2013,20
7541,9225,0,20.7,11.7,25/08/2013,9
7542,9225,9.4,18.5,14.3,26/08/2013,4.2
7543,9225,3.4,16.8,8.5,27/08/2013,8.3
7544,9225,27,19.4,8.4,28/08/2013,11
7545,9225,0.4,20,9.1,29/08/2013,10.9
7546,9225,5.2,20.2,13.4,30/08/2013,6.8
7547,9225,7.4,21.1,15.1,31/08/2013,6
7548,9225,0.2,22.4,14.3,1/09/2013,8.1
7549,9225,0,23.6,16.2,2/09/2013,7.4
7550,9225,0,21,14.2,3/09/2013,6.8
7551,9225,11.2,18.5,11.7,4/09/2013,6.8
7552,9225,0,20.4,9,5/09/2013,11.4
7553,9225,0,22.4,5.3,6/09/2013,17.1
7554,9225,4.2,19,12.2,7/09/2013,6.8
7555,9225,1.4,20.1,9.3,8/09/2013,10.8
7556,9225,0,22.4,6.7,9/09/2013,15.7
7557,9225,0,20.5,11.1,10/09/2013,9.4
7558,9225,19.4,18.5,13.4,11/09/2013,5.1
7559,9225,16.8,19.1,13,12/09/2013,6.1
7560,9225,0,20.3,11.7,13/09/2013,8.6
7561,9225,20,17,11.9,14/09/2013,5.1
7562,9225,11.2,17.7,11.4,15/09/2013,6.3
7563,9225,0.2,21.2,7.5,16/09/2013,13.7
7564,9225,11.8,17.7,10.2,17/09/2013,7.5
7565,9225,0.6,19.8,11.7,18/09/2013,8.1
7566,9225,3.4,20.6,14.8,19/09/2013,5.8
7567,9225,2.6,21.7,12.1,20/09/2013,9.6
7568,9225,2,21.6,9.5,21/09/2013,12.1
7569,9225,14,18.9,13.5,22/09/2013,5.4
7570,9225,10.2,21.1,13.4,23/09/2013,7.7
7571,9225,2.6,20.5,15.3,24/09/2013,5.2
7572,9225,1.6,19.6,14.7,25/09/2013,4.9
7573,9225,0,20.7,10.5,26/09/2013,10.2
7574,9225,3,20.3,10,27/09/2013,10.3
7575,9225,0,20.2,9.5,28/09/2013,10.7
7576,9225,0,20.8,15.4,29/09/2013,5.4
7577,9225,7.8,17.3,9.6,30/09/2013,7.7
7578,9225,0.2,18.8,5.5,1/10/2013,13.3
7579,9225,0,25.7,10.9,2/10/2013,14.8
7580,9225,0,28.2,11.5,3/10/2013,16.7
7581,9225,0,21.8,16.3,4/10/2013,5.5
7582,9225,2.4,22.9,12.1,5/10/2013,10.8
7583,9225,0.8,22.2,11.2,6/10/2013,11
7584,9225,0,22.7,10.7,7/10/2013,12
7585,9225,0,22.9,11.9,8/10/2013,11
7586,9225,12.4,20.2,12.6,9/10/2013,7.6
7587,9225,0.8,21.7,8.7,10/10/2013,13
7588,9225,0,20.9,10.2,11/10/2013,10.7
7589,9225,2.2,18.8,10.6,12/10/2013,8.2
7590,9225,0,21.9,8.6,13/10/2013,13.3
7591,9225,0,25.2,7,14/10/2013,18.2
7592,9225,0,22,9.3,15/10/2013,12.7
7593,9225,0.8,22.4,16.4,16/10/2013,6
7594,9225,0.2,22.1,10.7,17/10/2013,11.4
7595,9225,0,23,13,18/10/2013,10
7596,9225,0,19.3,17.3,19/10/2013,2
7597,9225,18.2,19.6,9.9,20/10/2013,9.7
7598,9225,0,20.7,8.8,21/10/2013,11.9
7599,9225,0,24.1,10.1,22/10/2013,14
7600,9225,0,27,11.4,23/10/2013,15.6
7601,9225,0,27.9,15.6,24/10/2013,12.3
7602,9225,0,23.7,12.8,25/10/2013,10.9
7603,9225,0,24.8,13,26/10/2013,11.8
7604,9225,0,28.5,15,27/10/2013,13.5
7605,9225,0,29,15.3,28/10/2013,13.7
7606,9225,0,30.6,14.2,29/10/2013,16.4
7607,9225,0,37.2,17.6,30/10/2013,19.6
7608,9225,0,25.6,16.6,31/10/2013,9
7609,9225,0,27,15.4,1/11/2013,11.6
7610,9225,0,29.8,16.5,2/11/2013,13.3
7611,9225,0,33.4,15,3/11/2013,18.4
7612,9225,0,32.6,19.7,4/11/2013,12.9
7613,9225,0,24.2,18.1,5/11/2013,6.1
7614,9225,0,24.4,13.3,6/11/2013,11.1
7615,9225,0,27.1,14.1,7/11/2013,13
7616,9225,0,29.2,14.2,8/11/2013,15
7617,9225,0,33.2,14.2,9/11/2013,19
7618,9225,0,37.2,17,10/11/2013,20.2
7619,9225,0,30.7,13.5,11/11/2013,17.2
7620,9225,0,27.7,15.9,12/11/2013,11.8
7621,9225,0,29.3,14.4,13/11/2013,14.9
7622,9225,0,32.6,15.3,14/11/2013,17.3
7623,9225,0,33.7,16.1,15/11/2013,17.6
7624,9225,0,37.1,19.6,16/11/2013,17.5
7625,9225,0,28.3,20,17/11/2013,8.3
7626,9225,0,25.2,17.5,18/11/2013,7.7
7627,9225,0,25.7,12.1,19/11/2013,13.6
7628,9225,0,28.3,13,20/11/2013,15.3
7629,9225,0,31.9,15.6,21/11/2013,16.3
7630,9225,0,31.1,20.3,22/11/2013,10.8
7631,9225,0,27,16.6,23/11/2013,10.4
7632,9225,0,24.9,17.6,24/11/2013,7.3
7633,9225,0,25.2,12.4,25/11/2013,12.8
7634,9225,0,29.3,12.8,26/11/2013,16.5
7635,9225,0,29.6,15.5,27/11/2013,14.1
7636,9225,0,30.2,20.3,28/11/2013,9.9
7637,9225,0,24.4,17.5,29/11/2013,6.9
7638,9225,10.2,23.2,14.5,30/11/2013,8.7
7639,9225,1.8,24.1,16.4,1/12/2013,7.7
7640,9225,0,23.6,14.7,2/12/2013,8.9
7641,9225,0,23.5,14.2,3/12/2013,9.3
7642,9225,0,28.2,13.2,4/12/2013,15
7643,9225,0,32,13.5,5/12/2013,18.5
7644,9225,0,32.4,20,6/12/2013,12.4
7645,9225,0,27.5,18.1,7/12/2013,9.4
7646,9225,0,25.1,16.6,8/12/2013,8.5
7647,9225,0,28.6,14.2,9/12/2013,14.4
7648,9225,0,32.1,15.5,10/12/2013,16.6
7649,9225,0,33.5,17.2,11/12/2013,16.3
7650,9225,0,36.1,18.3,12/12/2013,17.8
7651,9225,0,39,20.4,13/12/2013,18.6
7652,9225,0,40.4,17.5,14/12/2013,22.9
7653,9225,0,37.1,18.9,15/12/2013,18.2
7654,9225,0,37.1,20.8,16/12/2013,16.3
7655,9225,0,28.4,18.4,17/12/2013,10
7656,9225,0,27.8,19,18/12/2013,8.8
7657,9225,0,30.5,17.8,19/12/2013,12.7
7658,9225,0,28.2,16,20/12/2013,12.2
7659,9225,0,28.7,14.3,21/12/2013,14.4
7660,9225,0,29.9,15.7,22/12/2013,14.2
7661,9225,0,33.9,13.8,23/12/2013,20.1
7662,9225,0,29.4,14.2,24/12/2013,15.2
7663,9225,0,30.8,15.8,25/12/2013,15
7664,9225,0,28.2,14.5,26/12/2013,13.7
7665,9225,0,28.3,18.8,27/12/2013,9.5
7666,9225,0,32.2,16.5,28/12/2013,15.7
7667,9225,0,32.6,17.3,29/12/2013,15.3
7668,9225,0,31,17.9,30/12/2013,13.1
7669,9225,0,25.8,19,31/12/2013,6.8
7670,9225,0,26.1,16.9,1/01/2014,9.2
7671,9225,0,25.7,12.6,2/01/2014,13.1
7672,9225,0,26.5,14.3,3/01/2014,12.2
7673,9225,0,27.3,14.9,4/01/2014,12.4
7674,9225,0,31.8,15.9,5/01/2014,15.9
7675,9225,0,39.1,16.3,6/01/2014,22.8
7676,9225,0,26.9,19.7,7/01/2014,7.2
7677,9225,0,28.4,17.5,8/01/2014,10.9
7678,9225,0,30,17,9/01/2014,13
7679,9225,0,34.2,16.7,10/01/2014,17.5
7680,9225,0,43.3,22.6,11/01/2014,20.7
7681,9225,0,41,29.7,12/01/2014,11.3
7682,9225,0,27.8,20.9,13/01/2014,6.9
7683,9225,0,26.7,15,14/01/2014,11.7
7684,9225,0,25.6,16.1,15/01/2014,9.5
7685,9225,0.2,25.6,18.7,16/01/2014,6.9
7686,9225,0,31.6,15.8,17/01/2014,15.8
7687,9225,0,37.1,15.5,18/01/2014,21.6
7688,9225,0,38.7,22.2,19/01/2014,16.5
7689,9225,0,38.3,20.4,20/01/2014,17.9
7690,9225,0,38,20,21/01/2014,18
7691,9225,0,37.2,23.8,22/01/2014,13.4
7692,9225,0,36.2,22.7,23/01/2014,13.5
7693,9225,0,32.6,23.2,24/01/2014,9.4
7694,9225,0,36.7,24.6,25/01/2014,12.1
7695,9225,0,31,23.5,26/01/2014,7.5
7696,9225,0,26.4,18.5,27/01/2014,7.9
7697,9225,0,31.5,15.9,28/01/2014,15.6
7698,9225,0,33.5,16.6,29/01/2014,16.9
7699,9225,0,34.6,19,30/01/2014,15.6
7700,9225,0,29.7,21.1,31/01/2014,8.6
7701,9225,0,28.5,18.4,1/02/2014,10.1
7702,9225,0,32.5,16.8,2/02/2014,15.7
7703,9225,0,33.8,16.9,3/02/2014,16.9
7704,9225,0,37.5,21.4,4/02/2014,16.1
7705,9225,0,32.3,21.7,5/02/2014,10.6
7706,9225,0,32.2,20.2,6/02/2014,12
7707,9225,0,30,19.5,7/02/2014,10.5
7708,9225,0,29.3,15.1,8/02/2014,14.2
7709,9225,0,33.1,15.5,9/02/2014,17.6
7710,9225,0,29.2,18.2,10/02/2014,11
7711,9225,0,33.3,17.6,11/02/2014,15.7
7712,9225,0,34.2,20.2,12/02/2014,14
7713,9225,0,34.6,20.5,13/02/2014,14.1
7714,9225,0,32.3,19.6,14/02/2014,12.7
7715,9225,0,32.3,19.2,15/02/2014,13.1
7716,9225,0,28.9,17.1,16/02/2014,11.8
7717,9225,0,33,17.3,17/02/2014,15.7
7718,9225,0,35.3,18.4,18/02/2014,16.9
7719,9225,0,37,17.5,19/02/2014,19.5
7720,9225,0,37.4,21.5,20/02/2014,15.9
7721,9225,0,34.9,19.7,21/02/2014,15.2
7722,9225,0,35.3,23.8,22/02/2014,11.5
7723,9225,0,35.3,18.5,23/02/2014,16.8
7724,9225,0,34.2,17.2,24/02/2014,17
7725,9225,0,31.8,19.7,25/02/2014,12.1
7726,9225,0,30.6,15.9,26/02/2014,14.7
7727,9225,0,34.6,16.9,27/02/2014,17.7
7728,9225,0,36.6,17.5,28/02/2014,19.1
7729,9225,0,38,16.4,1/03/2014,21.6
7730,9225,0,37.5,16.7,2/03/2014,20.8
7731,9225,0,30.8,17.4,3/03/2014,13.4
7732,9225,0,32.7,17.3,4/03/2014,15.4
7733,9225,0,32,17.2,5/03/2014,14.8
7734,9225,0,35.5,17.1,6/03/2014,18.4
7735,9225,0,37.7,22.9,7/03/2014,14.8
7736,9225,0,25.7,20.7,8/03/2014,5
7737,9225,0,25.1,14.3,9/03/2014,10.8
7738,9225,0,28.8,13.3,10/03/2014,15.5
7739,9225,0,33.6,16.7,11/03/2014,16.9
7740,9225,0,37.5,20.2,12/03/2014,17.3
7741,9225,0.2,26.9,21.6,13/03/2014,5.3
7742,9225,0,24.8,16.2,14/03/2014,8.6
7743,9225,0,24,10.3,15/03/2014,13.7
7744,9225,0,26.8,13.7,16/03/2014,13.1
7745,9225,0,28.5,15.6,17/03/2014,12.9
7746,9225,0,30,16.1,18/03/2014,13.9
7747,9225,0,31.9,17.3,19/03/2014,14.6
7748,9225,0,31.6,18.9,20/03/2014,12.7
7749,9225,1,28.1,16.2,21/03/2014,11.9
7750,9225,0,31.7,18.7,22/03/2014,13
7751,9225,0,33.9,20.7,23/03/2014,13.2
7752,9225,0,34.2,22.3,24/03/2014,11.9
7753,9225,0.2,27.5,21.5,25/03/2014,6
7754,9225,0.4,30.6,20.4,26/03/2014,10.2
7755,9225,0,28.4,17.8,27/03/2014,10.6
7756,9225,0,33.5,18.3,28/03/2014,15.2
7757,9225,0,24.9,19.6,29/03/2014,5.3
7758,9225,5.2,23.5,17.3,30/03/2014,6.2
7759,9225,0.4,23.4,15.4,31/03/2014,8
7760,9225,1,24,16.3,1/04/2014,7.7
7761,9225,0,25.2,11.4,2/04/2014,13.8
7762,9225,0,27.6,12,3/04/2014,15.6
7763,9225,0,30.2,11.9,4/04/2014,18.3
7764,9225,0,31.4,13.6,5/04/2014,17.8
7765,9225,0,25.8,14.8,6/04/2014,11
7766,9225,0,25.2,13.5,7/04/2014,11.7
7767,9225,0,30.4,14.5,8/04/2014,15.9
7768,9225,0,30.9,15.7,9/04/2014,15.2
7769,9225,0,32.3,19.1,10/04/2014,13.2
7770,9225,0,34.6,19.2,11/04/2014,15.4
7771,9225,0,32.3,17.9,12/04/2014,14.4
7772,9225,0,33,16.1,13/04/2014,16.9
7773,9225,0,29.2,16.1,14/04/2014,13.1
7774,9225,0,25.4,15.7,15/04/2014,9.7
7775,9225,0,24.9,16.9,16/04/2014,8
7776,9225,0,25.3,10.4,17/04/2014,14.9
7777,9225,0,28,15,18/04/2014,13
7778,9225,0,25.2,13.4,19/04/2014,11.8
7779,9225,0,24.5,12.3,20/04/2014,12.2
7780,9225,0,22.9,12.3,21/04/2014,10.6
7781,9225,0,23.7,7.7,22/04/2014,16
7782,9225,0,26,9,23/04/2014,17
7783,9225,0,24,16.3,24/04/2014,7.7
7784,9225,0.2,24.8,15.6,25/04/2014,9.2
7785,9225,0,23,15.2,26/04/2014,7.8
7786,9225,13.4,23.6,17.4,27/04/2014,6.2
7787,9225,9.6,19.4,13.2,28/04/2014,6.2
7788,9225,0.4,20.4,7.5,29/04/2014,12.9
7789,9225,0,22.4,11.8,30/04/2014,10.6
7790,9225,0,21.7,7.4,1/05/2014,14.3
7791,9225,0,20.9,6.5,2/05/2014,14.4
7792,9225,0,23.6,7.1,3/05/2014,16.5
7793,9225,0,22.1,13.1,4/05/2014,9
7794,9225,1.6,19.8,14.1,5/05/2014,5.7
7795,9225,0,22.9,15.1,6/05/2014,7.8
7796,9225,1.8,21.3,17.9,7/05/2014,3.4
7797,9225,47.2,19.7,12.5,8/05/2014,7.2
7798,9225,4.6,22.1,13.3,9/05/2014,8.8
7799,9225,10,21.9,13,10/05/2014,8.9
7800,9225,0.6,23.8,11.2,11/05/2014,12.6
7801,9225,0.2,23.5,12.8,12/05/2014,10.7
7802,9225,2,22.3,12.7,13/05/2014,9.6
7803,9225,0,21.6,13.2,14/05/2014,8.4
7804,9225,0,22.4,12.5,15/05/2014,9.9
7805,9225,0,22.9,11.2,16/05/2014,11.7
7806,9225,0,23.3,10.6,17/05/2014,12.7
7807,9225,0.2,21.3,12.7,18/05/2014,8.6
7808,9225,1.4,21.8,15.4,19/05/2014,6.4
7809,9225,2.2,23,16,20/05/2014,7
7810,9225,12.8,21.3,14.6,21/05/2014,6.7
7811,9225,0.2,22.6,14.2,22/05/2014,8.4
7812,9225,38.6,21.2,14.6,23/05/2014,6.6
7813,9225,11.6,20.5,14.9,24/05/2014,5.6
7814,9225,2.8,20.6,15.6,25/05/2014,5
7815,9225,5.4,20.6,13.5,26/05/2014,7.1
7816,9225,0.4,19.9,14.5,27/05/2014,5.4
7817,9225,9,19.5,11.3,28/05/2014,8.2
7818,9225,0,20.2,9.4,29/05/2014,10.8
7819,9225,0,19.1,6,30/05/2014,13.1
7820,9225,0,17,7.3,31/05/2014,9.7
7821,9225,1,21.4,10.6,1/06/2014,10.8
7822,9225,1.2,21.7,13.2,2/06/2014,8.5
7823,9225,0.2,21.6,10.3,3/06/2014,11.3
7824,9225,0,22.4,8.9,4/06/2014,13.5
7825,9225,0,24.6,8.8,5/06/2014,15.8
7826,9225,0,23.7,6.2,6/06/2014,17.5
7827,9225,0,20.6,13.3,7/06/2014,7.3
7828,9225,0,20.4,12.2,8/06/2014,8.2
7829,9225,0.8,23.8,14.2,9/06/2014,9.6
7830,9225,8.8,16.8,15.1,10/06/2014,1.7
7831,9225,0,17.4,4.7,11/06/2014,12.7
7832,9225,0,18.6,5.6,12/06/2014,13
7833,9225,0,17.9,2.9,13/06/2014,15
7834,9225,0,18.2,1.9,14/06/2014,16.3
7835,9225,0,19.6,2.1,15/06/2014,17.5
7836,9225,0,21.7,3,16/06/2014,18.7
7837,9225,0,18.6,7.3,17/06/2014,11.3
7838,9225,50.6,18.4,11.4,18/06/2014,7
7839,9225,3.4,18.6,8.1,19/06/2014,10.5
7840,9225,9,19.7,10.8,20/06/2014,8.9
7841,9225,0.2,19.8,10.9,21/06/2014,8.9
7842,9225,14.8,16.3,7.1,22/06/2014,9.2
7843,9225,1,16.2,2.1,23/06/2014,14.1
7844,9225,0,17.6,2.8,24/06/2014,14.8
7845,9225,0,20.3,2.7,25/06/2014,17.6
7846,9225,0,20.6,5.9,26/06/2014,14.7
7847,9225,2.6,17.8,5.5,27/06/2014,12.3
7848,9225,0,15.6,2.6,28/06/2014,13
7849,9225,0,16.2,4.8,29/06/2014,11.4
7850,9225,0,22.4,9.7,30/06/2014,12.7
7851,9225,0,23,13.7,1/07/2014,9.3
7852,9225,11.2,19.5,16.5,2/07/2014,3
7853,9225,7.4,15.7,3,3/07/2014,12.7
7854,9225,0,21.1,3,4/07/2014,18.1
7855,9225,8.4,22.8,8.9,5/07/2014,13.9
7856,9225,1.2,19.7,14.7,6/07/2014,5
7857,9225,17.6,18.1,11.7,7/07/2014,6.4
7858,9225,16.6,16.3,10.7,8/07/2014,5.6
7859,9225,1.6,16.2,3.4,9/07/2014,12.8
7860,9225,0,17.8,2.8,10/07/2014,15
7861,9225,0,19.3,8.1,11/07/2014,11.2
7862,9225,0.6,17.8,8.3,12/07/2014,9.5
7863,9225,0,19.3,3.9,13/07/2014,15.4
7864,9225,15.4,18.1,8.1,14/07/2014,10
7865,9225,2.2,18.9,10.1,15/07/2014,8.8
7866,9225,1.8,17,10.3,16/07/2014,6.7
7867,9225,0,17,2.8,17/07/2014,14.2
7868,9225,0,19.7,5.3,18/07/2014,14.4
7869,9225,0,20.1,5.4,19/07/2014,14.7
7870,9225,6,17.2,8.7,20/07/2014,8.5
7871,9225,3.4,16.6,8.7,21/07/2014,7.9
7872,9225,26.6,16.1,8.8,22/07/2014,7.3
7873,9225,5.6,15.8,9,23/07/2014,6.8
7874,9225,3.2,18.9,8.6,24/07/2014,10.3
7875,9225,1.4,19.5,11,25/07/2014,8.5
7876,9225,4.2,17.9,13.5,26/07/2014,4.4
7877,9225,14,19,11.7,27/07/2014,7.3
7878,9225,0.8,19.3,13.8,28/07/2014,5.5
7879,9225,0.4,19.8,10.6,29/07/2014,9.2
7880,9225,0,18.7,14.8,30/07/2014,3.9
7881,9225,1.6,16.7,7.7,31/07/2014,9
7882,9225,0,17.7,3.9,1/08/2014,13.8
7883,9225,0,19.7,4.7,2/08/2014,15
7884,9225,0,19.8,3.8,3/08/2014,16
7885,9225,0,21.3,5.9,4/08/2014,15.4
7886,9225,0,24.2,5.2,5/08/2014,19
7887,9225,0,26.6,6,6/08/2014,20.6
7888,9225,3.6,18.9,13.4,7/08/2014,5.5
7889,9225,1.2,21,12.9,8/08/2014,8.1
7890,9225,0,21.4,7,9/08/2014,14.4
7891,9225,0,24,12.4,10/08/2014,11.6
7892,9225,0,23.2,14.2,11/08/2014,9
7893,9225,0,19.3,13.6,12/08/2014,5.7
7894,9225,0,20.5,14.6,13/08/2014,5.9
7895,9225,0,23.6,14.8,14/08/2014,8.8
7896,9225,0,23,8.7,15/08/2014,14.3
7897,9225,0,23.9,6.6,16/08/2014,17.3
7898,9225,0,26.9,11.1,17/08/2014,15.8
7899,9225,12.6,19.7,12.5,18/08/2014,7.2
7900,9225,23.8,20,12.2,19/08/2014,7.8
7901,9225,0.8,19.4,12,20/08/2014,7.4
7902,9225,5.8,21.5,14.3,21/08/2014,7.2
7903,9225,5.8,19.8,14.3,22/08/2014,5.5
7904,9225,0,21.5,6.6,23/08/2014,14.9
7905,9225,0,22.3,6.4,24/08/2014,15.9
7906,9225,0,24.5,9.8,25/08/2014,14.7
7907,9225,0,20.7,12.6,26/08/2014,8.1
7908,9225,0.2,21.4,10,27/08/2014,11.4
7909,9225,0,24.3,11.1,28/08/2014,13.2
7910,9225,0,22.3,14.3,29/08/2014,8
7911,9225,51.2,18.7,14.7,30/08/2014,4
7912,9225,2,18.1,10.4,31/08/2014,7.7
7913,9225,0,18.9,7.2,1/09/2014,11.7
7914,9225,0,21.1,12.7,2/09/2014,8.4
7915,9225,0,20.3,12.3,3/09/2014,8
7916,9225,0,19.6,9.4,4/09/2014,10.2
7917,9225,0,25.7,13.8,5/09/2014,11.9
7918,9225,1.6,22.9,14.7,6/09/2014,8.2
7919,9225,6.6,18.9,15,7/09/2014,3.9
7920,9225,8,17.6,11.8,8/09/2014,5.8
7921,9225,3,19.9,13.1,9/09/2014,6.8
7922,9225,0.2,21.4,14.5,10/09/2014,6.9
7923,9225,2.2,21.6,9.7,11/09/2014,11.9
7924,9225,0,23.7,7.9,12/09/2014,15.8
7925,9225,0.4,21.2,11,13/09/2014,10.2
7926,9225,0,22.1,5.8,14/09/2014,16.3
7927,9225,0,22.8,10.3,15/09/2014,12.5
7928,9225,0,24.6,11.9,16/09/2014,12.7
7929,9225,0,26.2,12,17/09/2014,14.2
7930,9225,0,24,11.2,18/09/2014,12.8
7931,9225,0,24.6,10.9,19/09/2014,13.7
7932,9225,0,34.2,13,20/09/2014,21.2
7933,9225,0,21.9,15.9,21/09/2014,6
7934,9225,35.8,18.1,9.4,22/09/2014,8.7
7935,9225,0,17.1,6.5,23/09/2014,10.6
7936,9225,0,21.6,6.8,24/09/2014,14.8
7937,9225,0,22.5,8.3,25/09/2014,14.2
7938,9225,0,23,11.7,26/09/2014,11.3
7939,9225,11.4,18.2,15.4,27/09/2014,2.8
7940,9225,3.8,20.3,13.9,28/09/2014,6.4
7941,9225,3.4,21.6,12.6,29/09/2014,9
7942,9225,0.6,23.4,12.2,30/09/2014,11.2
7943,9225,0,28.9,11.6,1/10/2014,17.3
7944,9225,0,24.7,16.4,2/10/2014,8.3
7945,9225,0,22.4,11.1,3/10/2014,11.3
7946,9225,0,25.4,10.8,4/10/2014,14.6
7947,9225,4.2,19.7,13,5/10/2014,6.7
7948,9225,8.8,19.4,10.8,6/10/2014,8.6
7949,9225,0,22.2,5.8,7/10/2014,16.4
7950,9225,0,21.7,7.7,8/10/2014,14
7951,9225,5,20.8,15.4,9/10/2014,5.4
7952,9225,0,22.3,11.1,10/10/2014,11.2
7953,9225,0,21,9.7,11/10/2014,11.3
7954,9225,0,21.8,11.4,12/10/2014,10.4
7955,9225,0,25.8,10.2,13/10/2014,15.6
7956,9225,0,30.9,9.8,14/10/2014,21.1
7957,9225,0,35.4,10.8,15/10/2014,24.6
7958,9225,0,27.8,16.2,16/10/2014,11.6
7959,9225,0,24.6,14.3,17/10/2014,10.3
7960,9225,0.6,25.2,16,18/10/2014,9.2
7961,9225,12,19.3,13.8,19/10/2014,5.5
7962,9225,3,21.1,10.3,20/10/2014,10.8
7963,9225,0,25.1,8.2,21/10/2014,16.9
7964,9225,0,31.9,15,22/10/2014,16.9
7965,9225,2.2,23.4,14.3,23/10/2014,9.1
7966,9225,0,26,12.6,24/10/2014,13.4
7967,9225,0,22.3,13.4,25/10/2014,8.9
7968,9225,0.2,22.3,16.2,26/10/2014,6.1
7969,9225,0.6,24.7,10.1,27/10/2014,14.6
7970,9225,0,29.9,13.4,28/10/2014,16.5
7971,9225,0,27.9,17.8,29/10/2014,10.1
7972,9225,0,22.2,14.9,30/10/2014,7.3
7973,9225,0.4,23.8,14.9,31/10/2014,8.9
7974,9225,0,30.7,12,1/11/2014,18.7
7975,9225,0,23.1,13.4,2/11/2014,9.7
7976,9225,0,22.9,13.4,3/11/2014,9.5
7977,9225,0,27.8,10.3,4/11/2014,17.5
7978,9225,0,28.6,12.2,5/11/2014,16.4
7979,9225,0,22.3,12.8,6/11/2014,9.5
7980,9225,2.2,22.2,15.3,7/11/2014,6.9
7981,9225,0,26,11.8,8/11/2014,14.2
7982,9225,0,37.8,12.6,9/11/2014,25.2
7983,9225,2,24.2,16.5,10/11/2014,7.7
7984,9225,1.2,24.7,14.2,11/11/2014,10.5
7985,9225,0,22.5,14.8,12/11/2014,7.7
7986,9225,0,21.6,11,13/11/2014,10.6
7987,9225,0,23.2,9.1,14/11/2014,14.1
7988,9225,0,26,10.8,15/11/2014,15.2
7989,9225,0,30.7,11.1,16/11/2014,19.6
7990,9225,0,27.9,13.6,17/11/2014,14.3
7991,9225,0,25.9,15.2,18/11/2014,10.7
7992,9225,0,24.1,14.6,19/11/2014,9.5
7993,9225,0,24.1,12.3,20/11/2014,11.8
7994,9225,4.6,23.4,16.4,21/11/2014,7
7995,9225,1,23.6,13.8,22/11/2014,9.8
7996,9225,0,23,16.6,23/11/2014,6.4
7997,9225,0,27,11.8,24/11/2014,15.2
7998,9225,0,34.7,14.5,25/11/2014,20.2
7999,9225,0,33.9,19.3,26/11/2014,14.6
8000,9225,11.4,27,19.3,27/11/2014,7.7
8001,9225,1.4,24.9,18.4,28/11/2014,6.5
8002,9225,0,25.4,18,29/11/2014,7.4
8003,9225,0,26.2,14.8,30/11/2014,11.4
8004,9225,0,24.6,17.8,1/12/2014,6.8
8005,9225,0,26.3,14.3,2/12/2014,12
8006,9225,0,26.9,13.1,3/12/2014,13.8
8007,9225,0,25,13.6,4/12/2014,11.4
8008,9225,0,24.5,16.2,5/12/2014,8.3
8009,9225,0,29.2,14.2,6/12/2014,15
8010,9225,0,30.2,14.7,7/12/2014,15.5
8011,9225,0,24.7,18.1,8/12/2014,6.6
8012,9225,0,23.6,12.7,9/12/2014,10.9
8013,9225,0,27.1,13,10/12/2014,14.1
8014,9225,0,33.4,16.8,11/12/2014,16.6
8015,9225,0,24.7,18.7,12/12/2014,6
8016,9225,0,24.9,13,13/12/2014,11.9
8017,9225,0,27.1,11.6,14/12/2014,15.5
8018,9225,0,23.7,15.1,15/12/2014,8.6
8019,9225,0,24.2,12.7,16/12/2014,11.5
8020,9225,0,23.8,13.2,17/12/2014,10.6
8021,9225,0,30.2,15.7,18/12/2014,14.5
8022,9225,0,38.6,15.4,19/12/2014,23.2
8023,9225,0,26.9,20.6,20/12/2014,6.3
8024,9225,0,28.8,16.3,21/12/2014,12.5
8025,9225,0,29.3,16.5,22/12/2014,12.8
8026,9225,0,32.6,16.1,23/12/2014,16.5
8027,9225,0,32.4,16.8,24/12/2014,15.6
8028,9225,0,32,15.4,25/12/2014,16.6
8029,9225,0,33.5,14.9,26/12/2014,18.6
8030,9225,0,34.9,16.8,27/12/2014,18.1
8031,9225,0,30.6,17.6,28/12/2014,13
8032,9225,0,34.4,19.1,29/12/2014,15.3
8033,9225,0,39.3,19.6,30/12/2014,19.7
8034,9225,0,27.5,19.2,31/12/2014,8.3
8035,9225,0,28.5,17.4,1/01/2015,11.1
8036,9225,0,26.3,15.5,2/01/2015,10.8
8037,9225,0,29.5,15.8,3/01/2015,13.7
8038,9225,0,34.7,16.2,4/01/2015,18.5
8039,9225,0,44.4,23.2,5/01/2015,21.2
8040,9225,0,34.6,21,6/01/2015,13.6
8041,9225,0,34.2,19.9,7/01/2015,14.3
8042,9225,0,32.3,15.6,8/01/2015,16.7
8043,9225,0,30,15.2,9/01/2015,14.8
8044,9225,0,30.6,16.2,10/01/2015,14.4
8045,9225,0,32,16.6,11/01/2015,15.4
8046,9225,0,35.8,15.2,12/01/2015,20.6
8047,9225,0,35.5,15.3,13/01/2015,20.2
8048,9225,0,29.7,17,14/01/2015,12.7
8049,9225,0,30,18.6,15/01/2015,11.4
8050,9225,0,30.3,18.3,16/01/2015,12
8051,9225,0,38,17.6,17/01/2015,20.4
8052,9225,0,29.5,18.7,18/01/2015,10.8
8053,9225,0,27.6,19.1,19/01/2015,8.5
8054,9225,0,38.9,16.1,20/01/2015,22.8
8055,9225,0,35.8,19.8,21/01/2015,16
8056,9225,0,29,22.6,22/01/2015,6.4
8057,9225,0,30.4,15.9,23/01/2015,14.5
8058,9225,0,29.6,16.4,24/01/2015,13.2
8059,9225,0,33.3,17.2,25/01/2015,16.1
8060,9225,0,37.1,16.7,26/01/2015,20.4
8061,9225,0,40,21.2,27/01/2015,18.8
8062,9225,0,36.8,22.4,28/01/2015,14.4
8063,9225,5.2,33.9,23,29/01/2015,10.9
8064,9225,13.4,34.7,20.4,30/01/2015,14.3
8065,9225,0,31,19.5,31/01/2015,11.5
8066,9225,0,33.8,20.9,1/02/2015,12.9
8067,9225,9.6,31.9,19.7,2/02/2015,12.2
8068,9225,11.8,39.1,20.1,3/02/2015,19
8069,9225,1.6,32.6,19.8,4/02/2015,12.8
8070,9225,0,30.9,18.9,5/02/2015,12
8071,9225,0,29.7,18.5,6/02/2015,11.2
8072,9225,0,32.8,19.2,7/02/2015,13.6
8073,9225,0,39.5,20.6,8/02/2015,18.9
8074,9225,0,33.7,19.9,9/02/2015,13.8
8075,9225,0,34.9,18.5,10/02/2015,16.4
8076,9225,0,36.4,20,11/02/2015,16.4
8077,9225,0,30.3,21.9,12/02/2015,8.4
8078,9225,0,26.9,21.5,13/02/2015,5.4
8079,9225,0.4,24.4,19.1,14/02/2015,5.3
8080,9225,0,29.4,14.9,15/02/2015,14.5
8081,9225,0,34,17.1,16/02/2015,16.9
8082,9225,0,32.5,18.6,17/02/2015,13.9
8083,9225,0,34.9,18.2,18/02/2015,16.7
8084,9225,0,32.4,19.7,19/02/2015,12.7
8085,9225,0,30.3,19.8,20/02/2015,10.5
8086,9225,0,26.7,16.7,21/02/2015,10
8087,9225,0,29.6,17.1,22/02/2015,12.5
8088,9225,0,33.8,16.1,23/02/2015,17.7
8089,9225,0,38.4,21,24/02/2015,17.4
8090,9225,0,36,21.5,25/02/2015,14.5
8091,9225,0,33.6,21.6,26/02/2015,12
8092,9225,0,26.1,21.1,27/02/2015,5
8093,9225,0,30.8,18.3,28/02/2015,12.5
8094,9225,0,31.2,17.3,1/03/2015,13.9
8095,9225,0,28.6,19.6,2/03/2015,9
8096,9225,0,30.6,17.5,3/03/2015,13.1
8097,9225,0,32.7,17.6,4/03/2015,15.1
8098,9225,0,33.3,18,5/03/2015,15.3
8099,9225,0,32.6,18.6,6/03/2015,14
8100,9225,0,33,18.3,7/03/2015,14.7
8101,9225,0,31.1,19.5,8/03/2015,11.6
8102,9225,0,32.6,17.4,9/03/2015,15.2
8103,9225,0,31.7,15.6,10/03/2015,16.1
8104,9225,0,34.5,16.6,11/03/2015,17.9
8105,9225,0,37.9,19.8,12/03/2015,18.1
8106,9225,0,34.8,18.7,13/03/2015,16.1
8107,9225,4.8,32.6,20.7,14/03/2015,11.9
8108,9225,2.4,26.5,21.3,15/03/2015,5.2
8109,9225,0.2,26.7,18.8,16/03/2015,7.9
8110,9225,0,26.9,18.5,17/03/2015,8.4
8111,9225,4.6,23.8,19.5,18/03/2015,4.3
8112,9225,0.8,25.3,15.6,19/03/2015,9.7
8113,9225,0,31,14.6,20/03/2015,16.4
8114,9225,0,24.5,16.6,21/03/2015,7.9
8115,9225,0,24.6,15,22/03/2015,9.6
8116,9225,0,24.6,12.3,23/03/2015,12.3
8117,9225,0,25.8,13.1,24/03/2015,12.7
8118,9225,0,29.2,14.9,25/03/2015,14.3
8119,9225,0,30.4,15.6,26/03/2015,14.8
8120,9225,2.8,26.9,15,27/03/2015,11.9
8121,9225,0,26.5,12.4,28/03/2015,14.1
8122,9225,0,31.1,12.8,29/03/2015,18.3
8123,9225,0,27.8,14.3,30/03/2015,13.5
8124,9225,0,25.3,17.3,31/03/2015,8
8125,9225,0,27.7,14.3,1/04/2015,13.4
8126,9225,0,27.7,14.7,2/04/2015,13
8127,9225,0,29.2,12.9,3/04/2015,16.3
8128,9225,0,28.7,14,4/04/2015,14.7
8129,9225,0,30.4,17.3,5/04/2015,13.1
8130,9225,0,24.9,16.8,6/04/2015,8.1
8131,9225,9,20.7,14.5,7/04/2015,6.2
8132,9225,12.4,24.7,16.3,8/04/2015,8.4
8133,9225,3.2,24.5,17.6,9/04/2015,6.9
8134,9225,12.4,24.1,19.1,10/04/2015,5
8135,9225,0.6,23.5,16.9,11/04/2015,6.6
8136,9225,14.8,22.2,16.6,12/04/2015,5.6
8137,9225,1,23.4,12.1,13/04/2015,11.3
8138,9225,0,23.3,13.6,14/04/2015,9.7
8139,9225,0.2,22.8,12.5,15/04/2015,10.3
8140,9225,0,23.2,12.3,16/04/2015,10.9
8141,9225,0,24.2,9.3,17/04/2015,14.9
8142,9225,0,27.1,9.3,18/04/2015,17.8
8143,9225,0,28.2,14.3,19/04/2015,13.9
8144,9225,0,28.1,12.4,20/04/2015,15.7
8145,9225,0,28.2,9.7,21/04/2015,18.5
8146,9225,0,27.1,8.9,22/04/2015,18.2
8147,9225,0,26,10.3,23/04/2015,15.7
8148,9225,0,21.6,11.3,24/04/2015,10.3
8149,9225,0,23.2,11.9,25/04/2015,11.3
8150,9225,0,24.9,11.3,26/04/2015,13.6
8151,9225,0,25.7,10,27/04/2015,15.7
8152,9225,0,25.4,14.8,28/04/2015,10.6
8153,9225,0,24.9,13.6,29/04/2015,11.3
8154,9225,0.4,26.6,16.6,30/04/2015,10
8155,9225,0,22.3,14.2,1/05/2015,8.1
8156,9225,0,21.8,11.2,2/05/2015,10.6
8157,9225,0,23,8.9,3/05/2015,14.1
8158,9225,5,17.2,8.9,4/05/2015,8.3
8159,9225,0,20.1,4.4,5/05/2015,15.7
8160,9225,0,21.4,5.1,6/05/2015,16.3
8161,9225,0,23.1,6.8,7/05/2015,16.3
8162,9225,0,22.6,6.6,8/05/2015,16
8163,9225,0,23.4,7.9,9/05/2015,15.5
8164,9225,0,23.8,7.8,10/05/2015,16
8165,9225,0,25,9.3,11/05/2015,15.7
8166,9225,0,23.7,13,12/05/2015,10.7
8167,9225,0,23.5,12.4,13/05/2015,11.1
8168,9225,0,26.1,13.9,14/05/2015,12.2
8169,9225,0,25.9,12,15/05/2015,13.9
8170,9225,4,15.8,12.6,16/05/2015,3.2
8171,9225,32,19,11.9,17/05/2015,7.1
8172,9225,42.8,19.6,14,18/05/2015,5.6
8173,9225,0,17.5,7.5,19/05/2015,10
8174,9225,0,17.2,8.6,20/05/2015,8.6
8175,9225,0,19.2,9.6,21/05/2015,9.6
8176,9225,0,22.4,8.6,22/05/2015,13.8
8177,9225,0,22.2,6.6,23/05/2015,15.6
8178,9225,0,20.4,8.2,24/05/2015,12.2
8179,9225,0,22.1,9.8,25/05/2015,12.3
8180,9225,0,20.2,8.6,26/05/2015,11.6
8181,9225,0,18.7,7.4,27/05/2015,11.3
8182,9225,0,18.9,3.7,28/05/2015,15.2
8183,9225,0,20.5,4.6,29/05/2015,15.9
8184,9225,0,22.7,7.8,30/05/2015,14.9
8185,9225,0,22.4,5.2,31/05/2015,17.2
8186,9225,0,20.9,6.4,1/06/2015,14.5
8187,9225,5.2,20.9,12.1,2/06/2015,8.8
8188,9225,2,22.7,15.8,3/06/2015,6.9
8189,9225,3.2,22.9,12.6,4/06/2015,10.3
8190,9225,0,23.4,9.2,5/06/2015,14.2
8191,9225,0.2,20.8,12.2,6/06/2015,8.6
8192,9225,0.6,21.7,9,7/06/2015,12.7
8193,9225,0,20.8,7,8/06/2015,13.8
8194,9225,0,22.9,9.7,9/06/2015,13.2
8195,9225,0,23.8,12.9,10/06/2015,10.9
8196,9225,0,25.1,11,11/06/2015,14.1
8197,9225,0.4,20.8,13.3,12/06/2015,7.5
8198,9225,0,17.8,8.3,13/06/2015,9.5
8199,9225,0,18.8,5.3,14/06/2015,13.5
8200,9225,0,19.4,5.1,15/06/2015,14.3
8201,9225,0,21.8,9.5,16/06/2015,12.3
8202,9225,0,19.4,14.5,17/06/2015,4.9
8203,9225,3.2,21.3,13.2,18/06/2015,8.1
8204,9225,23.4,23.3,14.9,19/06/2015,8.4
8205,9225,15.8,22.4,15.8,20/06/2015,6.6
8206,9225,33,19.4,14.2,21/06/2015,5.2
8207,9225,13.4,15.8,10,22/06/2015,5.8
8208,9225,0,16.8,2.3,23/06/2015,14.5
8209,9225,0,19.7,4.2,24/06/2015,15.5
8210,9225,0,20.7,4.5,25/06/2015,16.2
8211,9225,0,20.7,6.8,26/06/2015,13.9
8212,9225,0,19.1,7.6,27/06/2015,11.5
8213,9225,0,20.3,8.5,28/06/2015,11.8
8214,9225,0,24.4,6.8,29/06/2015,17.6
8215,9225,0,23.2,6.4,30/06/2015,16.8
8216,9225,0,19.5,10.6,1/07/2015,8.9
8217,9225,1.6,21,13,2/07/2015,8
8218,9225,3.8,21.7,11.6,3/07/2015,10.1
8219,9225,0,21,10.9,4/07/2015,10.1
8220,9225,1.8,20.5,10.7,5/07/2015,9.8
8221,9225,2.6,20,9.1,6/07/2015,10.9
8222,9225,5.6,18.7,11.2,7/07/2015,7.5
8223,9225,9.2,15,9.1,8/07/2015,5.9
8224,9225,0,15.6,0.8,9/07/2015,14.8
8225,9225,1.2,17.2,6.8,10/07/2015,10.4
8226,9225,0.2,16.7,2.6,11/07/2015,14.1
8227,9225,0,17.1,2.8,12/07/2015,14.3
8228,9225,0,17.7,5.4,13/07/2015,12.3
8229,9225,0,18.4,7.9,14/07/2015,10.5
8230,9225,0,17.6,8.2,15/07/2015,9.4
8231,9225,0,19,9.4,16/07/2015,9.6
8232,9225,0,20.8,11.7,17/07/2015,9.1
8233,9225,0.8,20.5,12.6,18/07/2015,7.9
8234,9225,0.8,19,13.1,19/07/2015,5.9
8235,9225,33.2,19.8,13.6,20/07/2015,6.2
8236,9225,8.6,17.7,8.9,21/07/2015,8.8
8237,9225,0.2,18.3,7.3,22/07/2015,11
8238,9225,8.4,16.5,10.3,23/07/2015,6.2
8239,9225,0,18,2.2,24/07/2015,15.8
8240,9225,0,18.1,8.4,25/07/2015,9.7
8241,9225,0,18.2,3.9,26/07/2015,14.3
8242,9225,0,21,7.1,27/07/2015,13.9
8243,9225,0.4,15.2,11.7,28/07/2015,3.5
8244,9225,5.2,19.7,9.7,29/07/2015,10
8245,9225,0.4,20,15.1,30/07/2015,4.9
8246,9225,18.4,21.5,15.8,31/07/2015,5.7
8247,9225,0.2,18.1,11.7,1/08/2015,6.4
8248,9225,0,17,6,2/08/2015,11
8249,9225,0,18.3,4.3,3/08/2015,14
8250,9225,0,18.1,8.2,4/08/2015,9.9
8251,9225,0,18.3,6.6,5/08/2015,11.7
8252,9225,0,19.9,9.6,6/08/2015,10.3
8253,9225,1,18.3,12.1,7/08/2015,6.2
8254,9225,6.4,15.2,8.4,8/08/2015,6.8
8255,9225,12.6,15.5,4.6,9/08/2015,10.9
8256,9225,4,18.8,8,10/08/2015,10.8
8257,9225,3.8,18.3,10.1,11/08/2015,8.2
8258,9225,0,17.2,5.5,12/08/2015,11.7
8259,9225,0,17.1,11.8,13/08/2015,5.3
8260,9225,0,23.1,6.1,14/08/2015,17
8261,9225,0,27,7.9,15/08/2015,19.1
8262,9225,0,23.3,9.1,16/08/2015,14.2
8263,9225,5.6,20.6,15.4,17/08/2015,5.2
8264,9225,5,20.1,12.2,18/08/2015,7.9
8265,9225,1,20.2,13.3,19/08/2015,6.9
8266,9225,16.8,18.4,11.5,20/08/2015,6.9
8267,9225,7,16.2,9.7,21/08/2015,6.5
8268,9225,29.6,17.3,4.3,22/08/2015,13
8269,9225,0,18.8,5.2,23/08/2015,13.6
8270,9225,0,19,8.7,24/08/2015,10.3
8271,9225,0,19.5,8.1,25/08/2015,11.4
8272,9225,0,21.3,7.9,26/08/2015,13.4
8273,9225,0,25.1,9.1,27/08/2015,16
8274,9225,0,21.6,11.7,28/08/2015,9.9
8275,9225,4.2,21.3,12.3,29/08/2015,9
8276,9225,15.6,18.7,13.8,30/08/2015,4.9
8277,9225,0.2,17.6,8.7,31/08/2015,8.9
8278,9225,6.6,15.5,7.2,1/09/2015,8.3
8279,9225,0,17.1,2.8,2/09/2015,14.3
8280,9225,0,20.6,8.4,3/09/2015,12.2
8281,9225,0,20.3,4.7,4/09/2015,15.6
8282,9225,8,19.2,13,5/09/2015,6.2
8283,9225,0,19,5.1,6/09/2015,13.9
8284,9225,0,23.9,5.6,7/09/2015,18.3
8285,9225,0,27,8.1,8/09/2015,18.9
8286,9225,0,32.1,7.7,9/09/2015,24.4
8287,9225,0,21.7,15.6,10/09/2015,6.1
8288,9225,8,21.2,10.4,11/09/2015,10.8
8289,9225,19.4,17.3,13.5,12/09/2015,3.8
8290,9225,8.8,18.3,6.2,13/09/2015,12.1
8291,9225,0,18.6,9.5,14/09/2015,9.1
8292,9225,1.2,17.8,9,15/09/2015,8.8
8293,9225,0,20.2,4.9,16/09/2015,15.3
8294,9225,0,26,7,17/09/2015,19
8295,9225,0,23.8,7.3,18/09/2015,16.5
8296,9225,0,19.1,12.8,19/09/2015,6.3
8297,9225,0,20.3,7.5,20/09/2015,12.8
8298,9225,0,23.1,9.5,21/09/2015,13.6
8299,9225,0,25.8,10.9,22/09/2015,14.9
8300,9225,0,30.2,10.5,23/09/2015,19.7
8301,9225,0,31.5,13.1,24/09/2015,18.4
8302,9225,0,22.6,14.1,25/09/2015,8.5
8303,9225,0,23.2,10.2,26/09/2015,13
8304,9225,0,26.1,14,27/09/2015,12.1
8305,9225,0,27.6,12.6,28/09/2015,15
8306,9225,0,22.3,12.3,29/09/2015,10
8307,9225,0,24.1,11.4,30/09/2015,12.7
8308,9225,0,32.4,11.9,1/10/2015,20.5
8309,9225,0,27.5,12,2/10/2015,15.5
8310,9225,0.2,24.8,14.3,3/10/2015,10.5
8311,9225,0,23.7,15.5,4/10/2015,8.2
8312,9225,1.2,21,15.9,5/10/2015,5.1
8313,9225,0.2,21.8,5.9,6/10/2015,15.9
8314,9225,0,27.9,10.8,7/10/2015,17.1
8315,9225,0,29.2,9.6,8/10/2015,19.6
8316,9225,0,33.2,13,9/10/2015,20.2
8317,9225,0,32.4,14.4,10/10/2015,18
8318,9225,0,33.2,16.5,11/10/2015,16.7
8319,9225,0,33.4,17,12/10/2015,16.4
8320,9225,0,31.8,15.1,13/10/2015,16.7
8321,9225,1,22.1,15.5,14/10/2015,6.6
8322,9225,1.8,20.6,12.9,15/10/2015,7.7
8323,9225,0,22.5,6.8,16/10/2015,15.7
8324,9225,0,30.3,9.3,17/10/2015,21
8325,9225,0,23.6,13,18/10/2015,10.6
8326,9225,3,22.1,11.5,19/10/2015,10.6
8327,9225,0,27.4,9.7,20/10/2015,17.7
8328,9225,0,31.7,12.1,21/10/2015,19.6
8329,9225,0,23.6,14.1,22/10/2015,9.5
8330,9225,0,23.1,16.7,23/10/2015,6.4
8331,9225,0,23.8,15.1,24/10/2015,8.7
8332,9225,0,25.1,15.1,25/10/2015,10
8333,9225,0,28.7,14.2,26/10/2015,14.5
8334,9225,0,26.9,15.4,27/10/2015,11.5
8335,9225,2.8,27.6,17.2,28/10/2015,10.4
8336,9225,0,26.1,15.8,29/10/2015,10.3
8337,9225,0,27.7,17.6,30/10/2015,10.1
8338,9225,10.4,25.1,16.8,31/10/2015,8.3
8339,9225,0,26.3,12.6,1/11/2015,13.7
8340,9225,16,23.1,14.6,2/11/2015,8.5
8341,9225,0,26,13.5,3/11/2015,12.5
8342,9225,0,25.3,14.6,4/11/2015,10.7
8343,9225,0,24.1,11.8,5/11/2015,12.3
8344,9225,0,24.7,17,6/11/2015,7.7
8345,9225,0.6,22.9,17.3,7/11/2015,5.6
8346,9225,0,25.8,14.1,8/11/2015,11.7
8347,9225,0,30.9,15.5,9/11/2015,15.4
8348,9225,0,32.2,17.3,10/11/2015,14.9
8349,9225,0,29.4,15.4,11/11/2015,14
8350,9225,0,33.5,16,12/11/2015,17.5
8351,9225,0,36,20.5,13/11/2015,15.5
8352,9225,0,39.4,22.2,14/11/2015,17.2
8353,9225,0.2,31.4,19.8,15/11/2015,11.6
8354,9225,0,32.3,15.1,16/11/2015,17.2
8355,9225,0,26,14.9,17/11/2015,11.1
8356,9225,1.4,22.1,16.6,18/11/2015,5.5
8357,9225,2.2,22.3,12.6,19/11/2015,9.7
8358,9225,0,29,13.1,20/11/2015,15.9
8359,9225,0,34.9,15.9,21/11/2015,19
8360,9225,0,35.3,22.8,22/11/2015,12.5
8361,9225,0,27,17.8,23/11/2015,9.2
8362,9225,0,25.6,16.9,24/11/2015,8.7
8363,9225,0,25.9,14.9,25/11/2015,11
8364,9225,0,30.9,14.6,26/11/2015,16.3
8365,9225,0,31.4,16,27/11/2015,15.4
8366,9225,0,27.9,17.2,28/11/2015,10.7
8367,9225,0,26.4,14.9,29/11/2015,11.5
8368,9225,0,24.5,13.4,30/11/2015,11.1
8369,9225,0,29.2,14.2,1/12/2015,15
8370,9225,0,35.3,15.8,2/12/2015,19.5
8371,9225,0,29.4,21,3/12/2015,8.4
8372,9225,0,23.9,16.5,4/12/2015,7.4
8373,9225,5.6,19,12.6,5/12/2015,6.4
8374,9225,7,21.4,11.9,6/12/2015,9.5
8375,9225,1,22.6,15,7/12/2015,7.6
8376,9225,0,24,10.2,8/12/2015,13.8
8377,9225,0,25.1,15.3,9/12/2015,9.8
8378,9225,0,27.3,14.3,10/12/2015,13
8379,9225,0,31.6,15.9,11/12/2015,15.7
8380,9225,0,28.1,16.9,12/12/2015,11.2
8381,9225,0,26,17,13/12/2015,9
8382,9225,0,26,14.9,14/12/2015,11.1
8383,9225,0,28.3,14,15/12/2015,14.3
8384,9225,0,26.5,16.6,16/12/2015,9.9
8385,9225,0,29.4,16.7,17/12/2015,12.7
8386,9225,0,25.6,16.9,18/12/2015,8.7
8387,9225,0,22.7,14.8,19/12/2015,7.9
8388,9225,0,30.4,15.6,20/12/2015,14.8
8389,9225,0,35.7,17.3,21/12/2015,18.4
8390,9225,0,38.7,21,22/12/2015,17.7
8391,9225,0,40.5,22.2,23/12/2015,18.3
8392,9225,0,25.8,18.2,24/12/2015,7.6
8393,9225,0,28,13.3,25/12/2015,14.7
8394,9225,0,33.2,14.7,26/12/2015,18.5
8395,9225,0,38.5,15.3,27/12/2015,23.2
8396,9225,0,41.6,18.7,28/12/2015,22.9
8397,9225,0,34,19.3,29/12/2015,14.7
8398,9225,0,31.5,20.6,30/12/2015,10.9
8399,9225,0,32.5,17.7,31/12/2015,14.8
8400,9225,0,35,17.1,1/01/2016,17.9
8401,9225,0,36,21.9,2/01/2016,14.1
8402,9225,0,36.7,23.1,3/01/2016,13.6
8403,9225,0,31.5,23.4,4/01/2016,8.1
8404,9225,0,27.9,20.4,5/01/2016,7.5
8405,9225,0,33.5,19.9,6/01/2016,13.6
8406,9225,0,41.9,21.7,7/01/2016,20.2
8407,9225,0,37.7,25.6,8/01/2016,12.1
8408,9225,0,34.7,18.9,9/01/2016,15.8
8409,9225,0,26.4,18.9,10/01/2016,7.5
8410,9225,0,27.4,16.5,11/01/2016,10.9
8411,9225,0,26,18.6,12/01/2016,7.4
8412,9225,0.6,31,15.3,13/01/2016,15.7
8413,9225,0,34.2,15.9,14/01/2016,18.3
8414,9225,0,36.7,19.1,15/01/2016,17.6
8415,9225,0,38.7,21.2,16/01/2016,17.5
8416,9225,0,31.4,19.9,17/01/2016,11.5
8417,9225,1.2,23.6,18.2,18/01/2016,5.4
8418,9225,0.4,26.3,13.9,19/01/2016,12.4
8419,9225,0.4,26.7,14.6,20/01/2016,12.1
8420,9225,0,27.5,16.8,21/01/2016,10.7
8421,9225,0,28.9,16.7,22/01/2016,12.2
8422,9225,0,34.9,17.3,23/01/2016,17.6
8423,9225,1,35.6,19.2,24/01/2016,16.4
8424,9225,4.4,33.6,20.8,25/01/2016,12.8
8425,9225,0.8,33.1,21.1,26/01/2016,12
8426,9225,0,33.1,21.5,27/01/2016,11.6
8427,9225,0,34.4,17.6,28/01/2016,16.8
8428,9225,0,37.1,19.5,29/01/2016,17.6
8429,9225,0,27,24.5,30/01/2016,2.5
8430,9225,6.4,24.5,19.4,31/01/2016,5.1
8431,9225,0.2,22.9,9.9,1/02/2016,13
8432,9225,0,26.4,10,2/02/2016,16.4
8433,9225,0,31.5,16.2,3/02/2016,15.3
8434,9225,0,34.4,16.4,4/02/2016,18
8435,9225,0,36.1,15.5,5/02/2016,20.6
8436,9225,0,34.3,19.1,6/02/2016,15.2
8437,9225,0,40.4,20.1,7/02/2016,20.3
8438,9225,0,42.5,21.2,8/02/2016,21.3
8439,9225,0,41.2,19.2,9/02/2016,22
8440,9225,0,40.3,21.7,10/02/2016,18.6
8441,9225,0,33.7,20,11/02/2016,13.7
8442,9225,0,29.8,19.1,12/02/2016,10.7
8443,9225,0,31.3,19,13/02/2016,12.3
8444,9225,0,32.3,16.6,14/02/2016,15.7
8445,9225,0,33.9,17.9,15/02/2016,16
8446,9225,0,39.5,19.8,16/02/2016,19.7
8447,9225,0,33.1,19.8,17/02/2016,13.3
8448,9225,0,31.1,18.7,18/02/2016,12.4
8449,9225,0,30.6,19.7,19/02/2016,10.9
8450,9225,0,33.6,19.1,20/02/2016,14.5
8451,9225,0,26.7,18.3,21/02/2016,8.4
8452,9225,0.2,24.9,18.8,22/02/2016,6.1
8453,9225,0,24.5,13.1,23/02/2016,11.4
8454,9225,0.2,24,12.5,24/02/2016,11.5
8455,9225,0,28.3,14.7,25/02/2016,13.6
8456,9225,0,36.8,17,26/02/2016,19.8
8457,9225,0,38,20.8,27/02/2016,17.2
8458,9225,0,27.4,21.6,28/02/2016,5.8
8459,9225,0,25.2,17.3,29/02/2016,7.9
8460,9225,0,25.3,15.7,1/03/2016,9.6
8461,9225,0,31.4,13.3,2/03/2016,18.1
8462,9225,0,26.8,15.1,3/03/2016,11.7
8463,9225,0,26.9,15.4,4/03/2016,11.5
8464,9225,0,28.7,17.3,5/03/2016,11.4
8465,9225,0,32,18.5,6/03/2016,13.5
8466,9225,0,33,19,7/03/2016,14
8467,9225,0,35.1,19.5,8/03/2016,15.6
8468,9225,0,37.2,17.8,9/03/2016,19.4
8469,9225,0,29.8,16.5,10/03/2016,13.3
8470,9225,0,29.5,18.7,11/03/2016,10.8
8471,9225,0,33,18.7,12/03/2016,14.3
8472,9225,0,39.7,21.1,13/03/2016,18.6
8473,9225,0,39.8,26,14/03/2016,13.8
8474,9225,0,28.9,22.6,15/03/2016,6.3
8475,9225,0,26.2,19.5,16/03/2016,6.7
8476,9225,0,28.5,16.2,17/03/2016,12.3
8477,9225,0,29.8,16.9,18/03/2016,12.9
8478,9225,0,25.2,20.7,19/03/2016,4.5
8479,9225,1.2,31.6,17.1,20/03/2016,14.5
8480,9225,0,33.3,19.1,21/03/2016,14.2
8481,9225,0,27.3,20.7,22/03/2016,6.6
8482,9225,0,24,19.2,23/03/2016,4.8
8483,9225,0,27.1,18.5,24/03/2016,8.6
8484,9225,0,32.7,20.9,25/03/2016,11.8
8485,9225,9,23,19.9,26/03/2016,3.1
8486,9225,6.6,23,16.9,27/03/2016,6.1
8487,9225,0,26,13.2,28/03/2016,12.8
8488,9225,0,28.4,12.7,29/03/2016,15.7
8489,9225,0,30.1,13.4,30/03/2016,16.7
8490,9225,0,25.7,13.4,31/03/2016,12.3
8491,9225,0,25.3,15.8,1/04/2016,9.5
8492,9225,0,30.5,14.1,2/04/2016,16.4
8493,9225,0,33.8,15.5,3/04/2016,18.3
8494,9225,0,25.1,15.3,4/04/2016,9.8
8495,9225,0,22.4,13.2,5/04/2016,9.2
8496,9225,0,24.3,10.2,6/04/2016,14.1
8497,9225,0,24.8,13.7,7/04/2016,11.1
8498,9225,0,27.5,15.9,8/04/2016,11.6
8499,9225,0,24.1,17.6,9/04/2016,6.5
8500,9225,11.2,26.5,17.4,10/04/2016,9.1
8501,9225,0.2,23.7,20.8,11/04/2016,2.9
8502,9225,5,25,18.9,12/04/2016,6.1
8503,9225,3.4,24.9,20,13/04/2016,4.9
8504,9225,0,23.8,13.9,14/04/2016,9.9
8505,9225,0,26.7,13.9,15/04/2016,12.8
8506,9225,0,32.6,18,16/04/2016,14.6
8507,9225,1.6,24.4,17.8,17/04/2016,6.6
8508,9225,0,23.3,15.5,18/04/2016,7.8
8509,9225,25.8,24.3,15.4,19/04/2016,8.9
8510,9225,0.2,24.5,13,20/04/2016,11.5
8511,9225,0,25.5,12.4,21/04/2016,13.1
8512,9225,0,26.1,14.6,22/04/2016,11.5
8513,9225,0,30,17,23/04/2016,13
8514,9225,0,26.5,15.9,24/04/2016,10.6
8515,9225,2.6,21,18.8,25/04/2016,2.2
8516,9225,9.2,21.5,17.5,26/04/2016,4
8517,9225,2,19.5,10.1,27/04/2016,9.4
8518,9225,2,20.9,10.8,28/04/2016,10.1
8519,9225,1.2,21.4,13,29/04/2016,8.4
8520,9225,3.8,19.6,12.4,30/04/2016,7.2
8521,9225,0,19.4,12.8,1/05/2016,6.6
8522,9225,0,20.6,9.9,2/05/2016,10.7
8523,9225,0.2,21.5,9.7,3/05/2016,11.8
8524,9225,0,22.3,11.2,4/05/2016,11.1
8525,9225,0,21,11.6,5/05/2016,9.4
8526,9225,1.6,20.3,13.2,6/05/2016,7.1
8527,9225,18,18.6,12.4,7/05/2016,6.2
8528,9225,1.2,17,4.6,8/05/2016,12.4
8529,9225,0,20.9,5,9/05/2016,15.9
8530,9225,0,22.8,7,10/05/2016,15.8
8531,9225,0,25.5,7.3,11/05/2016,18.2
8532,9225,0,25.5,6,12/05/2016,19.5
8533,9225,0,22.7,10.5,13/05/2016,12.2
8534,9225,4.6,22.3,13.9,14/05/2016,8.4
8535,9225,0,22.4,10.2,15/05/2016,12.2
8536,9225,2.2,21.2,9.4,16/05/2016,11.8
8537,9225,0,21.5,8.9,17/05/2016,12.6
8538,9225,3.6,22,12.5,18/05/2016,9.5
8539,9225,0,19.8,13.1,19/05/2016,6.7
8540,9225,0,22,9.1,20/05/2016,12.9
8541,9225,36.4,17.5,15.1,21/05/2016,2.4
8542,9225,8.6,19.6,10.5,22/05/2016,9.1
8543,9225,2.8,20.6,10.6,23/05/2016,10
8544,9225,23.8,19.5,13.2,24/05/2016,6.3
8545,9225,2.6,19.2,10.1,25/05/2016,9.1
8546,9225,2.2,19.8,12.8,26/05/2016,7
8547,9225,0.4,20.7,7,27/05/2016,13.7
8548,9225,3.4,20,12.5,28/05/2016,7.5
8549,9225,0.4,19.3,11,29/05/2016,8.3
8550,9225,0,20,7.3,30/05/2016,12.7
8551,9225,0,20.6,5,31/05/2016,15.6
8552,9225,0,21.2,4.9,1/06/2016,16.3
8553,9225,0,21.4,8.5,2/06/2016,12.9
8554,9225,0,24.3,14.3,3/06/2016,10
8555,9225,8.6,17.8,14.7,4/06/2016,3.1
8556,9225,0.4,18.1,9.5,5/06/2016,8.6
8557,9225,0,17.3,5.4,6/06/2016,11.9
8558,9225,19.4,14.2,10.9,7/06/2016,3.3
8559,9225,2.2,15.1,5.9,8/06/2016,9.2
8560,9225,0,17.3,8.3,9/06/2016,9
8561,9225,2,18.5,10.5,10/06/2016,8
8562,9225,2,19.6,8.1,11/06/2016,11.5
8563,9225,0,21.1,10.9,12/06/2016,10.2
8564,9225,26,18.5,11.5,13/06/2016,7
8565,9225,0,19.8,10.9,14/06/2016,8.9
8566,9225,0.2,19.1,8.3,15/06/2016,10.8
8567,9225,0,20.3,8.6,16/06/2016,11.7
8568,9225,0,17.4,10.5,17/06/2016,6.9
8569,9225,0,19.6,5.4,18/06/2016,14.2
8570,9225,0,20.6,8.8,19/06/2016,11.8
8571,9225,8.6,17.2,12.1,20/06/2016,5.1
8572,9225,3.6,16.8,8.5,21/06/2016,8.3
8573,9225,2,18.4,9.6,22/06/2016,8.8
8574,9225,2.2,16.9,9.1,23/06/2016,7.8
8575,9225,0,17.4,9.5,24/06/2016,7.9
8576,9225,9.6,17,9.5,25/06/2016,7.5
8577,9225,4.4,18.4,3.4,26/06/2016,15
8578,9225,0,17.9,6.6,27/06/2016,11.3
8579,9225,0.4,18.6,8,28/06/2016,10.6
8580,9225,17.8,19.2,9.7,29/06/2016,9.5
8581,9225,0,18.4,5,30/06/2016,13.4
8582,9225,0,19.3,2.9,1/07/2016,16.4
8583,9225,0,20.7,6.4,2/07/2016,14.3
8584,9225,0,16.6,6.3,3/07/2016,10.3
8585,9225,0.4,14.7,4.8,4/07/2016,9.9
8586,9225,0,16.7,8.2,5/07/2016,8.5
8587,9225,0,17.6,7.2,6/07/2016,10.4
8588,9225,0,15.9,10.1,7/07/2016,5.8
8589,9225,13.2,17.4,10.9,8/07/2016,6.5
8590,9225,27.4,14.5,8.2,9/07/2016,6.3
8591,9225,29.8,16.4,8.4,10/07/2016,8
8592,9225,2.6,16.6,6.8,11/07/2016,9.8
8593,9225,0.2,14.2,4.1,12/07/2016,10.1
8594,9225,0,16,0.6,13/07/2016,15.4
8595,9225,0,18.2,4,14/07/2016,14.2
8596,9225,0,22,10.8,15/07/2016,11.2
8597,9225,0,21.1,15.3,16/07/2016,5.8
8598,9225,32.8,19.4,14.3,17/07/2016,5.1
8599,9225,6.8,16.8,8.5,18/07/2016,8.3
8600,9225,0,18,3.6,19/07/2016,14.4
8601,9225,0,19,4.5,20/07/2016,14.5
8602,9225,15.4,15.3,8.8,21/07/2016,6.5
8603,9225,4,15.7,6.9,22/07/2016,8.8
8604,9225,0,17.1,8,23/07/2016,9.1
8605,9225,0.6,15.1,1.2,24/07/2016,13.9
8606,9225,0,17.1,6.7,25/07/2016,10.4
8607,9225,0,18.4,4.7,26/07/2016,13.7
8608,9225,0,19,5.1,27/07/2016,13.9
8609,9225,0,21.1,8.7,28/07/2016,12.4
8610,9225,0,22.5,10.6,29/07/2016,11.9
8611,9225,0,19.4,12.2,30/07/2016,7.2
8612,9225,6.4,15.6,12.3,31/07/2016,3.3
8613,9225,0.8,15.8,1.6,1/08/2016,14.2
8614,9225,0,17.3,2.3,2/08/2016,15
8615,9225,0,17.8,4.6,3/08/2016,13.2
8616,9225,3,15.9,11.8,4/08/2016,4.1
8617,9225,3,16.7,7.1,5/08/2016,9.6
8618,9225,0,17.7,9.2,6/08/2016,8.5
8619,9225,5,17.7,10.3,7/08/2016,7.4
8620,9225,12.2,15.1,10.3,8/08/2016,4.8
8621,9225,5.2,17,10.5,9/08/2016,6.5
8622,9225,4.8,18.4,8.6,10/08/2016,9.8
8623,9225,0.4,19.3,11.5,11/08/2016,7.8
8624,9225,5.4,17.9,4.9,12/08/2016,13
8625,9225,0,19.7,6.4,13/08/2016,13.3
8626,9225,0,21.9,4.6,14/08/2016,17.3
8627,9225,0.2,19.6,8.9,15/08/2016,10.7
8628,9225,4,19.9,7.4,16/08/2016,12.5
8629,9225,1.6,16.2,12.1,17/08/2016,4.1
8630,9225,17.4,15.4,5.5,18/08/2016,9.9
8631,9225,0,15.9,9.5,19/08/2016,6.4
8632,9225,2.8,17.9,9.1,20/08/2016,8.8
8633,9225,1.6,18.5,7.3,21/08/2016,11.2
8634,9225,7.4,16.3,7.5,22/08/2016,8.8
8635,9225,0,16.8,3.3,23/08/2016,13.5
8636,9225,0,17.1,3.8,24/08/2016,13.3
8637,9225,0,18.7,6.2,25/08/2016,12.5
8638,9225,0,21.5,12,26/08/2016,9.5
8639,9225,31,17,11.2,27/08/2016,5.8
8640,9225,7.6,16.5,10.9,28/08/2016,5.6
8641,9225,0,17.6,11.1,29/08/2016,6.5
8642,9225,0,18.2,4.5,30/08/2016,13.7
8643,9225,9.8,17.2,10.9,31/08/2016,6.3
8644,9225,1.6,17.2,5.3,1/09/2016,11.9
8645,9225,0,17.2,5.3,2/09/2016,11.9
8646,9225,0,19.5,6.8,3/09/2016,12.7
8647,9225,0,22.2,9,4/09/2016,13.2
8648,9225,0,19.9,9.5,5/09/2016,10.4
8649,9225,0,19.6,7.2,6/09/2016,12.4
8650,9225,6.2,17.5,12.3,7/09/2016,5.2
8651,9225,5.4,17.9,11.6,8/09/2016,6.3
8652,9225,0,19.2,7,9/09/2016,12.2
8653,9225,0,20.5,12.3,10/09/2016,8.2
8654,9225,0,16.5,11.9,11/09/2016,4.6
8655,9225,0,17.8,9,12/09/2016,8.8
8656,9225,0,18,8.5,13/09/2016,9.5
8657,9225,0,20,6.9,14/09/2016,13.1
8658,9225,0,18.6,4.3,15/09/2016,14.3
8659,9225,5.8,17.3,7.1,16/09/2016,10.2
8660,9225,0,18.2,5,17/09/2016,13.2
8661,9225,0,19.1,3.7,18/09/2016,15.4
8662,9225,13.8,15.8,5.9,19/09/2016,9.9
8663,9225,0,19.6,6.5,20/09/2016,13.1
8664,9225,0,23.1,5.2,21/09/2016,17.9
8665,9225,0,18.8,7.2,22/09/2016,11.6
8666,9225,10.2,15.6,10.2,23/09/2016,5.4
8667,9225,1.2,17.5,6.3,24/09/2016,11.2
8668,9225,15.6,16.7,8.9,25/09/2016,7.8
8669,9225,0,18.3,4.5,26/09/2016,13.8
8670,9225,3.6,19.7,12,27/09/2016,7.7
8671,9225,5.4,15.8,6.4,28/09/2016,9.4
8672,9225,0,18.7,4.4,29/09/2016,14.3
8673,9225,0,19.1,6.5,30/09/2016,12.6
8674,9225,4.6,16.5,12.3,1/10/2016,4.2
8675,9225,2.8,17.5,10,2/10/2016,7.5
8676,9225,0,18.8,9.1,3/10/2016,9.7
8677,9225,0.8,21,11.2,4/10/2016,9.8
8678,9225,0,23.2,9,5/10/2016,14.2
8679,9225,0,22.4,12.3,6/10/2016,10.1
8680,9225,1.2,24.3,14.7,7/10/2016,9.6
8681,9225,9,18.8,15.3,8/10/2016,3.5
8682,9225,5.2,18.2,13,9/10/2016,5.2
8683,9225,0,20.7,6.5,10/10/2016,14.2
8684,9225,0,26.2,8.9,11/10/2016,17.3
8685,9225,0,33.1,13.9,12/10/2016,19.2
8686,9225,0,24.5,11.1,13/10/2016,13.4
8687,9225,0.6,21.4,16,14/10/2016,5.4
8688,9225,4.8,17.2,10.4,15/10/2016,6.8
8689,9225,1.4,19.4,7.8,16/10/2016,11.6
8690,9225,0,19.8,9.3,17/10/2016,10.5
8691,9225,0,21.6,10.8,18/10/2016,10.8
8692,9225,0,19.8,8.1,19/10/2016,11.7
8693,9225,2.6,19.1,11.1,20/10/2016,8
8694,9225,0,22,7.9,21/10/2016,14.1
8695,9225,0,28.5,9.5,22/10/2016,19
8696,9225,0,29.5,10.2,23/10/2016,19.3
8697,9225,0,22,10.7,24/10/2016,11.3
8698,9225,0,21.4,8.9,25/10/2016,12.5
8699,9225,0,22.3,8.4,26/10/2016,13.9
8700,9225,0,21.9,9.9,27/10/2016,12
8701,9225,0,22.4,9.8,28/10/2016,12.6
8702,9225,1.4,20,15,29/10/2016,5
8703,9225,3,21.2,8.9,30/10/2016,12.3
8704,9225,0,22.5,9.7,31/10/2016,12.8
8705,9225,0,25.6,11.2,1/11/2016,14.4
8706,9225,0,30.8,12,2/11/2016,18.8
8707,9225,0,22.9,13.2,3/11/2016,9.7
8708,9225,0,26.1,16,4/11/2016,10.1
8709,9225,0,37,14.1,5/11/2016,22.9
8710,9225,0,25,18.2,6/11/2016,6.8
8711,9225,0,22.4,11.5,7/11/2016,10.9
8712,9225,0,23.6,9.4,8/11/2016,14.2
8713,9225,0,21.4,13,9/11/2016,8.4
8714,9225,0,21.8,8.2,10/11/2016,13.6
8715,9225,0.4,21.2,11.2,11/11/2016,10
8716,9225,0,22.5,8.2,12/11/2016,14.3
8717,9225,0,31.1,11.6,13/11/2016,19.5
8718,9225,0,36.9,14.1,14/11/2016,22.8
8719,9225,0,35.8,17.3,15/11/2016,18.5
8720,9225,0,21.6,18.6,16/11/2016,3
8721,9225,14,21.8,10.6,17/11/2016,11.2
8722,9225,0,30.3,9.9,18/11/2016,20.4
8723,9225,0,25.6,11.8,19/11/2016,13.8
8724,9225,0,23.5,15.3,20/11/2016,8.2
8725,9225,0,21.8,10.2,21/11/2016,11.6
8726,9225,0,28.2,13,22/11/2016,15.2
8727,9225,0,33,14.3,23/11/2016,18.7
8728,9225,0,33.9,18,24/11/2016,15.9
8729,9225,0,35.4,16.7,25/11/2016,18.7
8730,9225,0,38.2,18.7,26/11/2016,19.5
8731,9225,0,31,17.1,27/11/2016,13.9
8732,9225,0,29.5,15.2,28/11/2016,14.3
8733,9225,0,25.9,15.3,29/11/2016,10.6
8734,9225,0,26.6,15.1,30/11/2016,11.5
8735,9225,0,24.3,13.7,1/12/2016,10.6
8736,9225,0,27.9,14,2/12/2016,13.9
8737,9225,0,23.4,15.7,3/12/2016,7.7
8738,9225,1.8,23.6,14.6,4/12/2016,9
8739,9225,0,23.8,12.8,5/12/2016,11
8740,9225,0,24.7,12.9,6/12/2016,11.8
8741,9225,0,24.1,17.8,7/12/2016,6.3
8742,9225,0,30,13.3,8/12/2016,16.7
8743,9225,0,35.8,14.1,9/12/2016,21.7
8744,9225,0,37.6,16.2,10/12/2016,21.4
8745,9225,0,28.6,18.2,11/12/2016,10.4
8746,9225,7.8,24.6,17.7,12/12/2016,6.9
8747,9225,0,24.8,14.4,13/12/2016,10.4
8748,9225,0,30.1,15.6,14/12/2016,14.5
8749,9225,0,33.7,18.3,15/12/2016,15.4
8750,9225,0,30.8,17.9,16/12/2016,12.9
8751,9225,0,30,14.2,17/12/2016,15.8
8752,9225,0,24.2,15.5,18/12/2016,8.7
8753,9225,0,27.3,14.5,19/12/2016,12.8
8754,9225,0,34.3,16,20/12/2016,18.3
8755,9225,0,42.4,20.3,21/12/2016,22.1
8756,9225,0,27.1,20,22/12/2016,7.1
8757,9225,0,32.6,17.3,23/12/2016,15.3
8758,9225,0,29.9,19.2,24/12/2016,10.7
8759,9225,0,32.7,17.9,25/12/2016,14.8
8760,9225,0,32.7,16.2,26/12/2016,16.5
8761,9225,0.6,22.5,16.3,27/12/2016,6.2
8762,9225,0,22.9,13.4,28/12/2016,9.5
8763,9225,0,24.2,11.8,29/12/2016,12.4
8764,9225,0,23.2,13.1,30/12/2016,10.1
8765,9225,0,27.4,13.1,31/12/2016,14.3
8766,9225,0,31.3,16.3,1/01/2017,15
8767,9225,0,37.1,18.2,2/01/2017,18.9
8768,9225,0,40,18.2,3/01/2017,21.8
8769,9225,0,40.9,18.9,4/01/2017,22
8770,9225,0,24.9,20,5/01/2017,4.9
8771,9225,0,23.2,16.9,6/01/2017,6.3
8772,9225,0,24.9,13.8,7/01/2017,11.1
8773,9225,0,30.6,13.7,8/01/2017,16.9
8774,9225,0,35.4,17,9/01/2017,18.4
8775,9225,0,35.5,17.3,10/01/2017,18.2
8776,9225,0,36,21.2,11/01/2017,14.8
8777,9225,0.4,23.5,17.1,12/01/2017,6.4
8778,9225,0,26,11.5,13/01/2017,14.5
8779,9225,0,37.2,14.3,14/01/2017,22.9
8780,9225,0,35.1,15.3,15/01/2017,19.8
8781,9225,0,26,17.7,16/01/2017,8.3
8782,9225,0,30.5,16.1,17/01/2017,14.4
8783,9225,0,33.8,16.7,18/01/2017,17.1
8784,9225,0,24.1,17.3,19/01/2017,6.8
8785,9225,0,26.9,12.4,20/01/2017,14.5
8786,9225,0,33.1,14.9,21/01/2017,18.2
8787,9225,0,24.4,16.8,22/01/2017,7.6
8788,9225,0,25,12.7,23/01/2017,12.3
8789,9225,0,32.2,13.5,24/01/2017,18.7
8790,9225,0,39.4,15.8,25/01/2017,23.6
8791,9225,0,42,21.3,26/01/2017,20.7
8792,9225,0,34,21.4,27/01/2017,12.6
8793,9225,0,38.8,20.1,28/01/2017,18.7
8794,9225,6.2,25.8,21.4,29/01/2017,4.4
8795,9225,7,20.3,16.7,30/01/2017,3.6
8796,9225,31.8,22.9,16.1,31/01/2017,6.8
8797,9225,2.8,30.3,16.5,1/02/2017,13.8
8798,9225,0,31.8,19.2,2/02/2017,12.6
8799,9225,0,32.6,19.3,3/02/2017,13.3
8800,9225,0,27.6,16.5,4/02/2017,11.1
8801,9225,0,30.4,19,5/02/2017,11.4
8802,9225,0,34.1,16.7,6/02/2017,17.4
8803,9225,0,30.3,20.8,7/02/2017,9.5
8804,9225,0,26.6,14.9,8/02/2017,11.7
8805,9225,2.6,17.4,14.1,9/02/2017,3.3
8806,9225,114.4,22.4,14.8,10/02/2017,7.6
8807,9225,15,26.2,16.5,11/02/2017,9.7
8808,9225,0,28.3,20.1,12/02/2017,8.2
8809,9225,0,34,21.4,13/02/2017,12.6
8810,9225,0,30.7,23.8,14/02/2017,6.9
8811,9225,0,32.4,20.6,15/02/2017,11.8
8812,9225,0,30.8,18.6,16/02/2017,12.2
8813,9225,0,32.4,16.2,17/02/2017,16.2
8814,9225,0,35.1,17.9,18/02/2017,17.2
8815,9225,0,37.7,23.4,19/02/2017,14.3
8816,9225,0,26.4,20.4,20/02/2017,6
8817,9225,2.4,22.1,16.5,21/02/2017,5.6
8818,9225,0,24.1,10.1,22/02/2017,14
8819,9225,0,30.6,12.7,23/02/2017,17.9
8820,9225,0,36.5,16.2,24/02/2017,20.3
8821,9225,0,39.3,18.3,25/02/2017,21
8822,9225,0,29.4,18,26/02/2017,11.4
8823,9225,0,29.8,15.7,27/02/2017,14.1
8824,9225,0,33,17.9,28/02/2017,15.1
8825,9225,0,37.7,20.1,1/03/2017,17.6
8826,9225,2.4,29.9,22.9,2/03/2017,7
8827,9225,0.2,35.2,20.3,3/03/2017,14.9
8828,9225,0,36.1,22.9,4/03/2017,13.2
8829,9225,0,36.2,21.3,5/03/2017,14.9
8830,9225,0,34.7,19.2,6/03/2017,15.5
8831,9225,0,33.8,17.9,7/03/2017,15.9
8832,9225,0,34.5,20.7,8/03/2017,13.8
8833,9225,0,31.9,18.1,9/03/2017,13.8
8834,9225,0,29.9,19.5,10/03/2017,10.4
8835,9225,0,30.9,15.6,11/03/2017,15.3
8836,9225,0,24.8,18.5,12/03/2017,6.3
8837,9225,8.4,24.2,20.6,13/03/2017,3.6
8838,9225,2.4,24.1,18.7,14/03/2017,5.4
8839,9225,1.6,24,16.6,15/03/2017,7.4
8840,9225,0,28.3,13,16/03/2017,15.3
8841,9225,0,24.6,11.7,17/03/2017,12.9
8842,9225,1.2,19.8,16.8,18/03/2017,3
8843,9225,0.4,23.8,10.3,19/03/2017,13.5
8844,9225,0,26.2,12.6,20/03/2017,13.6
8845,9225,0,21.4,17.5,21/03/2017,3.9
8846,9225,3.8,24,16.2,22/03/2017,7.8
8847,9225,0.8,24.2,16.8,23/03/2017,7.4
8848,9225,0,26.3,14.7,24/03/2017,11.6
8849,9225,0,27.2,15.7,25/03/2017,11.5
8850,9225,2.2,22.4,16.6,26/03/2017,5.8
8851,9225,0.2,23.3,8.3,27/03/2017,15
8852,9225,0,22.9,9.5,28/03/2017,13.4
8853,9225,0,24.9,12.9,29/03/2017,12
8854,9225,0,28,12.1,30/03/2017,15.9
8855,9225,0,29.9,9.6,31/03/2017,20.3
8856,9225,0,30.1,14.9,1/04/2017,15.2
8857,9225,0,31.6,17.4,2/04/2017,14.2
8858,9225,0,31.8,12.1,3/04/2017,19.7
8859,9225,0,30.4,15.4,4/04/2017,15
8860,9225,0,30.4,12.3,5/04/2017,18.1
8861,9225,0,24.4,13.7,6/04/2017,10.7
8862,9225,0,22.3,14.8,7/04/2017,7.5
8863,9225,0,23.6,8.7,8/04/2017,14.9
8864,9225,0,27.4,11.1,9/04/2017,16.3
8865,9225,0,30.1,10,10/04/2017,20.1
8866,9225,0,28.1,13.1,11/04/2017,15
8867,9225,0,23.8,10.6,12/04/2017,13.2
8868,9225,0,26.8,12.9,13/04/2017,13.9
8869,9225,0,29,12.8,14/04/2017,16.2
8870,9225,0,29.3,14.8,15/04/2017,14.5
8871,9225,0,25.1,17.2,16/04/2017,7.9
8872,9225,0,21.8,15.4,17/04/2017,6.4
8873,9225,0,25,15.3,18/04/2017,9.7
8874,9225,0,25.6,14.1,19/04/2017,11.5
8875,9225,0,28.6,11.2,20/04/2017,17.4
8876,9225,0,28.3,12.2,21/04/2017,16.1
8877,9225,0,28.6,15.3,22/04/2017,13.3
8878,9225,0,28.1,16.5,23/04/2017,11.6
8879,9225,0,26,14.6,24/04/2017,11.4
8880,9225,0,24.2,13.2,25/04/2017,11
8881,9225,0,26.1,8.3,26/04/2017,17.8
8882,9225,0,26.3,12,27/04/2017,14.3
8883,9225,0,26.7,9.6,28/04/2017,17.1
8884,9225,0,27.6,8.7,29/04/2017,18.9
8885,9225,0,23.9,8.7,30/04/2017,15.2
8886,9225,0,24.1,12.1,1/05/2017,12
8887,9225,0,26.4,10.4,2/05/2017,16
8888,9225,0,29.2,13,3/05/2017,16.2
8889,9225,0,24.2,14.2,4/05/2017,10
8890,9225,7.8,24.3,16,5/05/2017,8.3
8891,9225,0.2,26.3,12.2,6/05/2017,14.1
8892,9225,0,30.8,11.7,7/05/2017,19.1
8893,9225,0,26.4,13.3,8/05/2017,13.1
8894,9225,2.2,20.7,17.4,9/05/2017,3.3
8895,9225,0,21.6,8.6,10/05/2017,13
8896,9225,0,22.1,10,11/05/2017,12.1
8897,9225,0,22.5,8.6,12/05/2017,13.9
8898,9225,0,22.9,8,13/05/2017,14.9
8899,9225,0,25,11.7,14/05/2017,13.3
8900,9225,3,20.7,15.7,15/05/2017,5
8901,9225,7.6,21.5,14.5,16/05/2017,7
8902,9225,0,20.4,10.1,17/05/2017,10.3
8903,9225,0,25.9,9.4,18/05/2017,16.5
8904,9225,1,22.9,15.4,19/05/2017,7.5
8905,9225,8.2,16.9,10.9,20/05/2017,6
8906,9225,17.2,18.2,12.2,21/05/2017,6
8907,9225,16,19.9,8.5,22/05/2017,11.4
8908,9225,5.2,17.9,11.5,23/05/2017,6.4
8909,9225,1,21.4,12.5,24/05/2017,8.9
8910,9225,0,22.4,7.4,25/05/2017,15
8911,9225,1.4,19.4,10,26/05/2017,9.4
8912,9225,0,18.8,7.6,27/05/2017,11.2
8913,9225,0,19.4,4.9,28/05/2017,14.5
8914,9225,0,21.6,5.8,29/05/2017,15.8
8915,9225,0,24.9,9.3,30/05/2017,15.6
8916,9225,0,25.8,7.7,31/05/2017,18.1
8917,9225,0,22.8,8.2,1/06/2017,14.6
8918,9225,0,24.2,8.7,2/06/2017,15.5
8919,9225,0,22.7,10.3,3/06/2017,12.4
8920,9225,0,22.2,12.1,4/06/2017,10.1
8921,9225,0,25.6,9.7,5/06/2017,15.9
8922,9225,0,25.4,8.6,6/06/2017,16.8
8923,9225,0,22.6,5.9,7/06/2017,16.7
8924,9225,0,22.5,8.5,8/06/2017,14
8925,9225,0,24.3,1.9,9/06/2017,22.4
8926,9225,0,21,6,10/06/2017,15
8927,9225,0,23.6,8.1,11/06/2017,15.5
8928,9225,0,24.2,6.4,12/06/2017,17.8
8929,9225,0,24.6,6.7,13/06/2017,17.9
8930,9225,26.2,20.9,12.9,14/06/2017,8
8931,9225,0,19.6,10.9,15/06/2017,8.7
8932,9225,0,21.2,6.5,16/06/2017,14.7
8933,9225,0,21.6,7,17/06/2017,14.6
8934,9225,0,23.4,7.5,18/06/2017,15.9
8935,9225,0,23,5.5,19/06/2017,17.5
8936,9225,0,22.5,7.8,20/06/2017,14.7
8937,9225,0.2,19.9,10.3,21/06/2017,9.6
8938,9225,61.2,16.8,13,22/06/2017,3.8
8939,9225,0.4,18.9,13.3,23/06/2017,5.6
8940,9225,0,18.2,11.5,24/06/2017,6.7
8941,9225,0,17,6.3,25/06/2017,10.7
8942,9225,0,17.8,3.5,26/06/2017,14.3
8943,9225,0,18.5,4.7,27/06/2017,13.8
8944,9225,0,18.7,6.3,28/06/2017,12.4
8945,9225,0,18.7,3.4,29/06/2017,15.3
8946,9225,0,19.8,5.3,30/06/2017,14.5
8947,9225,2.8,17.5,8.9,1/07/2017,8.6
8948,9225,21.8,14.6,6,2/07/2017,8.6
8949,9225,0.2,16.7,7.3,3/07/2017,9.4
8950,9225,4.8,15.3,6.4,4/07/2017,8.9
8951,9225,3.6,15.5,8.7,5/07/2017,6.8
8952,9225,13.6,15.3,5.4,6/07/2017,9.9
8953,9225,11.4,16.8,8.6,7/07/2017,8.2
8954,9225,0.2,16.9,4.9,8/07/2017,12
8955,9225,0,18,7.2,9/07/2017,10.8
8956,9225,0,17.7,6.9,10/07/2017,10.8
8957,9225,0,19.7,12,11/07/2017,7.7
8958,9225,2.4,20.7,14.8,12/07/2017,5.9
8959,9225,6,19.3,13.8,13/07/2017,5.5
8960,9225,0.2,19.1,12.4,14/07/2017,6.7
8961,9225,0,20.1,11.5,15/07/2017,8.6
8962,9225,5,18.9,14.6,16/07/2017,4.3
8963,9225,0,19.6,8.3,17/07/2017,11.3
8964,9225,0,25,11.2,18/07/2017,13.8
8965,9225,11,19.1,13.4,19/07/2017,5.7
8966,9225,11.8,18.2,12.9,20/07/2017,5.3
8967,9225,5,20.6,13.5,21/07/2017,7.1
8968,9225,3.2,19.3,9.1,22/07/2017,10.2
8969,9225,2.8,19.1,11.9,23/07/2017,7.2
8970,9225,12,18.6,11.4,24/07/2017,7.2
8971,9225,4.4,20.1,10.7,25/07/2017,9.4
8972,9225,0.2,20.1,12.6,26/07/2017,7.5
8973,9225,22.8,21.4,12.2,27/07/2017,9.2
8974,9225,10.2,18,14.5,28/07/2017,3.5
8975,9225,10.8,16.2,10.1,29/07/2017,6.1
8976,9225,6.4,17.9,6.3,30/07/2017,11.6
8977,9225,0,15.3,9.6,31/07/2017,5.7
8978,9225,27.4,15.1,4.2,1/08/2017,10.9
8979,9225,0,14.8,1.7,2/08/2017,13.1
8980,9225,0.4,18.5,4.4,3/08/2017,14.1
8981,9225,2.6,15.7,8.6,4/08/2017,7.1
8982,9225,0.8,18.6,11,5/08/2017,7.6
8983,9225,0,19.7,7.4,6/08/2017,12.3
8984,9225,0,18.8,10,7/08/2017,8.8
8985,9225,0.2,18.4,13.3,8/08/2017,5.1
8986,9225,47.2,14.2,8.9,9/08/2017,5.3
8987,9225,9.2,16.7,6.1,10/08/2017,10.6
8988,9225,0,18.3,8.9,11/08/2017,9.4
8989,9225,19.8,20.2,13.6,12/08/2017,6.6
8990,9225,2.2,20.3,14.2,13/08/2017,6.1
8991,9225,6.6,18.4,15.1,14/08/2017,3.3
8992,9225,8.4,17.4,11.6,15/08/2017,5.8
8993,9225,5.4,16.6,11.7,16/08/2017,4.9
8994,9225,1,18.2,6.5,17/08/2017,11.7
8995,9225,0,20.7,8.9,18/08/2017,11.8
8996,9225,11,18,10,19/08/2017,8
8997,9225,2.8,16.9,10.3,20/08/2017,6.6
8998,9225,0,17,6.6,21/08/2017,10.4
8999,9225,0.6,18.5,9.8,22/08/2017,8.7
9000,9225,0,19.3,8.5,23/08/2017,10.8
9001,9225,0,22.3,8.1,24/08/2017,14.2
9002,9225,0,21,7.5,25/08/2017,13.5
9003,9225,0,20.8,9.3,26/08/2017,11.5
9004,9225,0,24.2,12.2,27/08/2017,12
9005,9225,0,24.4,12.6,28/08/2017,11.8
9006,9225,0,18.5,11,29/08/2017,7.5
9007,9225,1.4,20.1,10.5,30/08/2017,9.6
9008,9225,4.6,18.8,9.9,31/08/2017,8.9
9009,9225,9,16.9,10.2,1/09/2017,6.7
9010,9225,3,16.3,5.5,2/09/2017,10.8
9011,9225,0.2,16.3,5.8,3/09/2017,10.5
9012,9225,0,18.4,4.2,4/09/2017,14.2
9013,9225,0,22.1,5.5,5/09/2017,16.6
9014,9225,0,25.9,10.1,6/09/2017,15.8
9015,9225,0,24.8,14.8,7/09/2017,10
9016,9225,0,24.9,13.8,8/09/2017,11.1
9017,9225,0,23.1,10.8,9/09/2017,12.3
9018,9225,1.6,21.3,12.5,10/09/2017,8.8
9019,9225,5.2,20.5,12.2,11/09/2017,8.3
9020,9225,6.2,18.6,13.7,12/09/2017,4.9
9021,9225,0.2,21.3,6.4,13/09/2017,14.9
9022,9225,0,24.8,6.3,14/09/2017,18.5
9023,9225,0,27.9,13.7,15/09/2017,14.2
9024,9225,0,24.4,11.2,16/09/2017,13.2
9025,9225,0.2,21.8,14.8,17/09/2017,7
9026,9225,0,26,8.9,18/09/2017,17.1
9027,9225,0,22.1,10.5,19/09/2017,11.6
9028,9225,6,21.8,15.2,20/09/2017,6.6
9029,9225,3.8,21.8,17.4,21/09/2017,4.4
9030,9225,6.2,19.4,13.6,22/09/2017,5.8
9031,9225,5.8,17.7,11.8,23/09/2017,5.9
9032,9225,7.8,16.9,10.6,24/09/2017,6.3
9033,9225,9.6,16.8,9.4,25/09/2017,7.4
9034,9225,4.4,18.1,9.3,26/09/2017,8.8
9035,9225,0,16.6,5.5,27/09/2017,11.1
9036,9225,2.2,15.7,8.7,28/09/2017,7
9037,9225,6,18.5,5.1,29/09/2017,13.4
9038,9225,0,21.1,6.8,30/09/2017,14.3
9039,9225,0,25.1,9.4,1/10/2017,15.7
9040,9225,0,22.9,8.4,2/10/2017,14.5
9041,9225,0,21.5,10.3,3/10/2017,11.2
9042,9225,0,19.7,7.8,4/10/2017,11.9
9043,9225,0,22.1,9.5,5/10/2017,12.6
9044,9225,0,21.9,6.5,6/10/2017,15.4
9045,9225,1.6,16.2,9.7,7/10/2017,6.5
9046,9225,0.6,20,8.4,8/10/2017,11.6
9047,9225,0,21.8,5.8,9/10/2017,16
9048,9225,0.2,20.4,10.1,10/10/2017,10.3
9049,9225,4.8,19.2,11.7,11/10/2017,7.5
9050,9225,0,23.8,9.1,12/10/2017,14.7
9051,9225,0,31,14.4,13/10/2017,16.6
9052,9225,2.4,27.2,15,14/10/2017,12.2
9053,9225,0,24.6,16,15/10/2017,8.6
9054,9225,6.6,20.2,15.4,16/10/2017,4.8
9055,9225,10.6,20.6,13.8,17/10/2017,6.8
9056,9225,6.6,19.5,13.3,18/10/2017,6.2
9057,9225,0.2,24.7,8.3,19/10/2017,16.4
9058,9225,0,29.9,12.9,20/10/2017,17
9059,9225,0,30.3,16.9,21/10/2017,13.4
9060,9225,0.6,28.4,18.1,22/10/2017,10.3
9061,9225,0,23.8,16.7,23/10/2017,7.1
9062,9225,0,22.5,14.3,24/10/2017,8.2
9063,9225,0,23,11,25/10/2017,12
9064,9225,1.2,21.2,14.8,26/10/2017,6.4
9065,9225,4.2,19.5,13.1,27/10/2017,6.4
9066,9225,1.4,21.2,14.5,28/10/2017,6.7
9067,9225,1,20.2,13.4,29/10/2017,6.8
9068,9225,0,27.1,8.7,30/10/2017,18.4
9069,9225,0,28.1,11.6,31/10/2017,16.5
9070,9225,0,29.4,14.5,1/11/2017,14.9
9071,9225,0,27.5,14.4,2/11/2017,13.1
9072,9225,0,26.1,13.7,3/11/2017,12.4
9073,9225,0,29.8,15.2,4/11/2017,14.6
9074,9225,0,31.4,15.3,5/11/2017,16.1
9075,9225,0,33,15,6/11/2017,18
9076,9225,0,36.2,17.2,7/11/2017,19
9077,9225,0,34.7,17.5,8/11/2017,17.2
9078,9225,2.2,30.7,15.8,9/11/2017,14.9
9079,9225,0,31.8,15.9,10/11/2017,15.9
9080,9225,0,36.9,17.5,11/11/2017,19.4
9081,9225,0,29.9,21.7,12/11/2017,8.2
9082,9225,0,27.2,18.9,13/11/2017,8.3
9083,9225,0,29.5,14.7,14/11/2017,14.8
9084,9225,0,32.1,13,15/11/2017,19.1
9085,9225,0,35.7,20.7,16/11/2017,15
9086,9225,0,24.9,20.1,17/11/2017,4.8
9087,9225,2.2,24.1,16.6,18/11/2017,7.5
9088,9225,0.2,23.4,15.3,19/11/2017,8.1
9089,9225,0,24.5,12.2,20/11/2017,12.3
9090,9225,0,25.6,14.7,21/11/2017,10.9
9091,9225,0,29.7,13.6,22/11/2017,16.1
9092,9225,0,31.3,14.6,23/11/2017,16.7
9093,9225,0,32.6,14.3,24/11/2017,18.3
9094,9225,0,29.9,16.5,25/11/2017,13.4
9095,9225,0,33,16.2,26/11/2017,16.8
9096,9225,0,27.7,17,27/11/2017,10.7
9097,9225,0,23.4,18.5,28/11/2017,4.9
9098,9225,0.2,23,14.9,29/11/2017,8.1
9099,9225,0,23.7,13.1,30/11/2017,10.6
9100,9225,0,27.8,13.1,1/12/2017,14.7
9101,9225,0,34.5,13.2,2/12/2017,21.3
9102,9225,0,35.5,20.6,3/12/2017,14.9
9103,9225,7.4,25.1,19.1,4/12/2017,6
9104,9225,0,27.3,19,5/12/2017,8.3
9105,9225,0,27.9,16.5,6/12/2017,11.4
9106,9225,0,29,14.9,7/12/2017,14.1
9107,9225,0,35.2,16.2,8/12/2017,19
9108,9225,0,33.2,21.8,9/12/2017,11.4
9109,9225,0,37.7,16.8,10/12/2017,20.9
9110,9225,0,37.6,18.7,11/12/2017,18.9
9111,9225,0,27.6,20.3,12/12/2017,7.3
9112,9225,0,25.3,15.8,13/12/2017,9.5
9113,9225,0,27.6,15.4,14/12/2017,12.2
9114,9225,0,29.5,16.4,15/12/2017,13.1
9115,9225,0,27.8,16.6,16/12/2017,11.2
9116,9225,2.6,21.9,15.3,17/12/2017,6.6
9117,9225,22.2,20.9,12.4,18/12/2017,8.5
9118,9225,8.4,23.4,13.8,19/12/2017,9.6
9119,9225,0,28.9,15,20/12/2017,13.9
9120,9225,0,36.1,14.3,21/12/2017,21.8
9121,9225,0,31.7,16.6,22/12/2017,15.1
9122,9225,0,30.5,17,23/12/2017,13.5
9123,9225,0,33.7,18.1,24/12/2017,15.6
9124,9225,0,32.5,18.9,25/12/2017,13.6
9125,9225,0,26.4,17.9,26/12/2017,8.5
9126,9225,0,25.2,15.7,27/12/2017,9.5
9127,9225,0,25.8,15.6,28/12/2017,10.2
9128,9225,0,28.3,15.5,29/12/2017,12.8
9129,9225,0,34.7,17.6,30/12/2017,17.1
9130,9225,0,32,19.1,31/12/2017,12.9
9131,9225,0,34,18,1/01/2018,16
9132,9225,0,37.7,19.5,2/01/2018,18.2
9133,9225,0,29.8,19.5,3/01/2018,10.3
9134,9225,0,30.9,17.3,4/01/2018,13.6
9135,9225,0,26.1,15,5/01/2018,11.1
9136,9225,0,27.3,12.6,6/01/2018,14.7
9137,9225,0,30.2,13.4,7/01/2018,16.8
9138,9225,0,33.4,17.3,8/01/2018,16.1
9139,9225,0,34.8,18.1,9/01/2018,16.7
9140,9225,0,28.3,20.9,10/01/2018,7.4
9141,9225,0.2,23.7,17.7,11/01/2018,6
9142,9225,0,26.6,13.2,12/01/2018,13.4
9143,9225,0,37.3,19.3,13/01/2018,18
9144,9225,0,38,22.5,14/01/2018,15.5
9145,9225,7,25.8,19.1,15/01/2018,6.7
9146,9225,96.2,31,18.5,16/01/2018,12.5
9147,9225,0.6,26.8,21.9,17/01/2018,4.9
9148,9225,2.2,28.7,18.8,18/01/2018,9.9
9149,9225,0,30.5,15.9,19/01/2018,14.6
9150,9225,0,34.7,18.8,20/01/2018,15.9
9151,9225,0,32.2,21.3,21/01/2018,10.9
9152,9225,0,33.4,20.1,22/01/2018,13.3
9153,9225,0,33.3,21.4,23/01/2018,11.9
9154,9225,0,31.4,19.2,24/01/2018,12.2
9155,9225,0,29.9,19.3,25/01/2018,10.6
9156,9225,0,30.9,17.6,26/01/2018,13.3
9157,9225,0,27.1,18.4,27/01/2018,8.7
9158,9225,0,28.5,18.3,28/01/2018,10.2
9159,9225,0,30.6,15.5,29/01/2018,15.1
9160,9225,0,30.3,16,30/01/2018,14.3
9161,9225,0,31.2,16.8,31/01/2018,14.4
9162,9225,0,31.9,18.8,1/02/2018,13.1
9163,9225,0,32.5,22.8,2/02/2018,9.7
9164,9225,0,33,24.7,3/02/2018,8.3
9165,9225,0,28.3,20.2,4/02/2018,8.1
9166,9225,0,30.6,16.8,5/02/2018,13.8
9167,9225,0,29.3,19.2,6/02/2018,10.1
9168,9225,0,27.2,18,7/02/2018,9.2
9169,9225,0,31.1,16.4,8/02/2018,14.7
9170,9225,0,25.7,17.8,9/02/2018,7.9
9171,9225,0,31.2,16.9,10/02/2018,14.3
9172,9225,0,31.7,14.8,11/02/2018,16.9
9173,9225,0,32,17.5,12/02/2018,14.5
9174,9225,0,26.2,15.3,13/02/2018,10.9
9175,9225,0,31.1,17.3,14/02/2018,13.8
9176,9225,0,37.9,18.7,15/02/2018,19.2
9177,9225,0,36,21.6,16/02/2018,14.4
9178,9225,0.2,27.4,18.5,17/02/2018,8.9
9179,9225,0,28.5,16.5,18/02/2018,12
9180,9225,0,27.5,20.3,19/02/2018,7.2
9181,9225,0,28,18.6,20/02/2018,9.4
9182,9225,0,29,15.8,21/02/2018,13.2
9183,9225,0,29.7,15.2,22/02/2018,14.5
9184,9225,0,30.7,18.7,23/02/2018,12
9185,9225,0,31.7,16.4,24/02/2018,15.3
9186,9225,0,31.5,20.4,25/02/2018,11.1
9187,9225,0,24,20,26/02/2018,4
9188,9225,0,23.8,15.4,27/02/2018,8.4
9189,9225,0,29.1,15.6,28/02/2018,13.5
9190,9225,0,31.6,14.7,1/03/2018,16.9
9191,9225,0,27.4,16.5,2/03/2018,10.9
9192,9225,0,29.8,16,3/03/2018,13.8
9193,9225,0,32.3,16.5,4/03/2018,15.8
9194,9225,0,35.9,19.8,5/03/2018,16.1
9195,9225,0,36.5,25.5,6/03/2018,11
9196,9225,0,29.1,21.8,7/03/2018,7.3
9197,9225,0,29.9,16.6,8/03/2018,13.3
9198,9225,0,28.7,16.8,9/03/2018,11.9
9199,9225,0,30.9,17.4,10/03/2018,13.5
9200,9225,0,33.1,17.6,11/03/2018,15.5
9201,9225,0,35,19,12/03/2018,16
9202,9225,0,38.5,23.2,13/03/2018,15.3
9203,9225,0,29.2,23.8,14/03/2018,5.4
9204,9225,1.6,26,21.3,15/03/2018,4.7
9205,9225,0,25.8,16.9,16/03/2018,8.9
9206,9225,0,23.8,15.5,17/03/2018,8.3
9207,9225,0,27.3,10.5,18/03/2018,16.8
9208,9225,0,32,12.2,19/03/2018,19.8
9209,9225,0,33.5,19.6,20/03/2018,13.9
9210,9225,0,38.1,23.4,21/03/2018,14.7
9211,9225,0,25.2,20.4,22/03/2018,4.8
9212,9225,0,29.2,16.9,23/03/2018,12.3
9213,9225,0,27.1,18.1,24/03/2018,9
9214,9225,0,25.8,18.8,25/03/2018,7
9215,9225,0.2,25.8,20.3,26/03/2018,5.5
9216,9225,0.8,24.6,16.6,27/03/2018,8
9217,9225,0,24.6,9.4,28/03/2018,15.2
9218,9225,0,28.5,11.8,29/03/2018,16.7
9219,9225,0,33.2,14.1,30/03/2018,19.1
9220,9225,0,26.5,17,31/03/2018,9.5
9221,9225,0,28,14.5,1/04/2018,13.5
9222,9225,0,31.2,15.1,2/04/2018,16.1
9223,9225,0,33,19.9,3/04/2018,13.1
9224,9225,0,27.6,18.3,4/04/2018,9.3
9225,9225,0,28.6,14.9,5/04/2018,13.7
9226,9225,0,30.6,16.1,6/04/2018,14.5
9227,9225,0,24.7,16.4,7/04/2018,8.3
9228,9225,0,25.4,13.2,8/04/2018,12.2
9229,9225,0,25.2,14.5,9/04/2018,10.7
9230,9225,0,21.9,13.2,10/04/2018,8.7
9231,9225,0,23.3,9.7,11/04/2018,13.6
9232,9225,0,22.1,11.5,12/04/2018,10.6
9233,9225,0.6,22.5,12.8,13/04/2018,9.7
9234,9225,0,22.7,9.4,14/04/2018,13.3
9235,9225,0,27.7,8.6,15/04/2018,19.1
9236,9225,0,33.1,14.9,16/04/2018,18.2
9237,9225,0,24.4,15.2,17/04/2018,9.2
9238,9225,5.2,22.7,16.2,18/04/2018,6.5
9239,9225,0.4,21.3,13.1,19/04/2018,8.2
9240,9225,3.4,23.2,12.1,20/04/2018,11.1
9241,9225,0,28,11.9,21/04/2018,16.1
9242,9225,7,23.3,17.4,22/04/2018,5.9
9243,9225,4,22.7,17.5,23/04/2018,5.2
9244,9225,0,23.1,12.5,24/04/2018,10.6
9245,9225,0,24.7,9.2,25/04/2018,15.5
9246,9225,0,26,10.8,26/04/2018,15.2
9247,9225,0,26.3,16.2,27/04/2018,10.1
9248,9225,0,28.9,16.2,28/04/2018,12.7
9249,9225,0,31,17,29/04/2018,14
9250,9225,0,29.7,13.5,30/04/2018,16.2
9251,9225,0,21.1,12.3,1/05/2018,8.8
9252,9225,0,19.2,10.9,2/05/2018,8.3
9253,9225,2.6,20.9,8.2,3/05/2018,12.7
9254,9225,0,22.1,6,4/05/2018,16.1
9255,9225,0,28.8,6.7,5/05/2018,22.1
9256,9225,3.2,21.7,13.8,6/05/2018,7.9
9257,9225,0.4,21.5,7.9,7/05/2018,13.6
9258,9225,0,22.5,7.5,8/05/2018,15
9259,9225,0,24.6,10,9/05/2018,14.6
9260,9225,0,24.4,14.6,10/05/2018,9.8
9261,9225,0,28.9,13.9,11/05/2018,15
9262,9225,0,32.7,15.2,12/05/2018,17.5
9263,9225,0,25.3,13.1,13/05/2018,12.2
9264,9225,0,26.1,13.4,14/05/2018,12.7
9265,9225,0,27,12.8,15/05/2018,14.2
9266,9225,0,26.3,10.4,16/05/2018,15.9
9267,9225,0,24.9,8.2,17/05/2018,16.7
9268,9225,0,24.3,10.1,18/05/2018,14.2
9269,9225,0,24.3,5.7,19/05/2018,18.6
9270,9225,0,24.6,5.1,20/05/2018,19.5
9271,9225,0,25.4,6.3,21/05/2018,19.1
9272,9225,0,28.1,7.9,22/05/2018,20.2
9273,9225,0,28.6,7.5,23/05/2018,21.1
9274,9225,0,27.4,8.6,24/05/2018,18.8
9275,9225,29.2,18.8,13.9,25/05/2018,4.9
9276,9225,24.6,19.3,12.7,26/05/2018,6.6
9277,9225,4.2,21.3,14.8,27/05/2018,6.5
9278,9225,2.8,17.2,9.1,28/05/2018,8.1
9279,9225,0.4,21.2,7.6,29/05/2018,13.6
9280,9225,0,22.3,5.1,30/05/2018,17.2
9281,9225,0,19.1,10.2,31/05/2018,8.9
9282,9225,8.4,18.5,8.1,1/06/2018,10.4
9283,9225,0,19.6,5.3,2/06/2018,14.3
9284,9225,0,22.6,6.2,3/06/2018,16.4
9285,9225,0,20.2,9.8,4/06/2018,10.4
9286,9225,4.4,18.1,13,5/06/2018,5.1
9287,9225,9.4,16.8,12.1,6/06/2018,4.7
9288,9225,20.8,14.1,10.1,7/06/2018,4
9289,9225,7,17.8,4.7,8/06/2018,13.1
9290,9225,0,20.7,9.1,9/06/2018,11.6
9291,9225,21.8,19.8,13.5,10/06/2018,6.3
9292,9225,2.8,16.7,9,11/06/2018,7.7
9293,9225,1.6,19.7,10.7,12/06/2018,9
9294,9225,4.2,17.7,7.2,13/06/2018,10.5
9295,9225,0,20.3,7,14/06/2018,13.3
9296,9225,0,21.2,6.8,15/06/2018,14.4
9297,9225,0,21.5,7.1,16/06/2018,14.4
9298,9225,0,24.1,5.9,17/06/2018,18.2
9299,9225,11.2,17.4,11.9,18/06/2018,5.5
9300,9225,2.4,19.2,7.9,19/06/2018,11.3
9301,9225,4,19.5,10.9,20/06/2018,8.6
9302,9225,0,20.1,9.7,21/06/2018,10.4
9303,9225,0,19.7,9.4,22/06/2018,10.3
9304,9225,0,21.9,7.8,23/06/2018,14.1
9305,9225,0,21.5,6.5,24/06/2018,15
9306,9225,0,19.9,5.3,25/06/2018,14.6
9307,9225,0,19,10.3,26/06/2018,8.7
9308,9225,14.8,16.6,13.4,27/06/2018,3.2
9309,9225,13.6,17.2,8.7,28/06/2018,8.5
9310,9225,0,17,3.8,29/06/2018,13.2
9311,9225,0,18.5,3.9,30/06/2018,14.6
9312,9225,0,22,6.3,1/07/2018,15.7
9313,9225,3.4,18.6,14.8,2/07/2018,3.8
9314,9225,31.2,19.1,14.7,3/07/2018,4.4
9315,9225,2.8,18.9,12.9,4/07/2018,6
9316,9225,10.8,16,9.1,5/07/2018,6.9
9317,9225,1.4,18.5,4.1,6/07/2018,14.4
9318,9225,0,16.8,5.8,7/07/2018,11
9319,9225,0,19.7,5.7,8/07/2018,14
9320,9225,0,21.7,4.9,9/07/2018,16.8
9321,9225,0,22.8,4.6,10/07/2018,18.2
9322,9225,0,19.8,5,11/07/2018,14.8
9323,9225,0,20.5,5.2,12/07/2018,15.3
9324,9225,8.6,19.3,10.6,13/07/2018,8.7
9325,9225,0.8,17.1,8.2,14/07/2018,8.9
9326,9225,23.4,17.8,8.8,15/07/2018,9
9327,9225,6.2,18.2,10.5,16/07/2018,7.7
9328,9225,1.2,18.8,8.8,17/07/2018,10
9329,9225,0,18.7,14.6,18/07/2018,4.1
9330,9225,2,18.4,7.7,19/07/2018,10.7
9331,9225,0,20.5,6.4,20/07/2018,14.1
9332,9225,5.2,20.1,12.3,21/07/2018,7.8
9333,9225,20.2,18.8,14,22/07/2018,4.8
9334,9225,2,19.4,14.3,23/07/2018,5.1
9335,9225,5.4,18.9,12.4,24/07/2018,6.5
9336,9225,0.6,20.7,11.4,25/07/2018,9.3
9337,9225,17.4,20.3,9.7,26/07/2018,10.6
9338,9225,3,17.5,13,27/07/2018,4.5
9339,9225,4.8,17.7,10,28/07/2018,7.7
9340,9225,0,19.8,11.4,29/07/2018,8.4
9341,9225,1.6,18.6,12.8,30/07/2018,5.8
9342,9225,0,19.7,4.8,31/07/2018,14.9
9343,9225,15,16.1,10.7,1/08/2018,5.4
9344,9225,17.8,16.9,6.5,2/08/2018,10.4
9345,9225,10.8,18.1,9.1,3/08/2018,9
9346,9225,24.4,14.8,9.7,4/08/2018,5.1
9347,9225,12.2,14.5,7.5,5/08/2018,7
9348,9225,0,15.4,6.8,6/08/2018,8.6
9349,9225,0.2,19.4,10.8,7/08/2018,8.6
9350,9225,2.2,18.4,11.9,8/08/2018,6.5
9351,9225,19,15.8,11.6,9/08/2018,4.2
9352,9225,11.2,14.8,3.2,10/08/2018,11.6
9353,9225,0.2,17,2.8,11/08/2018,14.2
9354,9225,0,21.4,3.5,12/08/2018,17.9
9355,9225,0,22.4,5.6,13/08/2018,16.8
9356,9225,20,18.4,13.5,14/08/2018,4.9
9357,9225,1.4,18,10.3,15/08/2018,7.7
9358,9225,0,18.7,8.7,16/08/2018,10
9359,9225,3.8,17.9,10.1,17/08/2018,7.8
9360,9225,0,18.5,4.9,18/08/2018,13.6
9361,9225,0,24.3,7.3,19/08/2018,17
9362,9225,0,25.3,15,20/08/2018,10.3
9363,9225,1.6,19.4,11.4,21/08/2018,8
9364,9225,6.8,16.6,8.6,22/08/2018,8
9365,9225,0,18.1,3.7,23/08/2018,14.4
9366,9225,0,20.3,4.6,24/08/2018,15.7
9367,9225,0,21,4.7,25/08/2018,16.3
9368,9225,0,22.3,7.2,26/08/2018,15.1
9369,9225,0,20,7,27/08/2018,13
9370,9225,10,18.4,12.1,28/08/2018,6.3
9371,9225,18.6,14.4,7.6,29/08/2018,6.8
9372,9225,10.8,17.2,7.3,30/08/2018,9.9
9373,9225,0,17.4,7.3,31/08/2018,10.1
9374,9225,0,19.2,10.5,1/09/2018,8.7
9375,9225,0,20,4.5,2/09/2018,15.5
9376,9225,0,20.9,5.1,3/09/2018,15.8
9377,9225,5.2,18.9,10.4,4/09/2018,8.5
9378,9225,4.2,15.7,10.7,5/09/2018,5
9379,9225,1.2,16.6,8.3,6/09/2018,8.3
9380,9225,4.2,19.1,9.2,7/09/2018,9.9
9381,9225,2.6,20.1,10.7,8/09/2018,9.4
9382,9225,0.2,22.1,10.4,9/09/2018,11.7
9383,9225,5.2,20.7,9.4,10/09/2018,11.3
9384,9225,2.6,16.7,10.4,11/09/2018,6.3
9385,9225,0,17.5,7.4,12/09/2018,10.1
9386,9225,0.8,19.1,11.3,13/09/2018,7.8
9387,9225,1.8,17.4,12.9,14/09/2018,4.5
9388,9225,0,19.2,4.9,15/09/2018,14.3
9389,9225,0,17.8,2.8,16/09/2018,15
9390,9225,0.2,17.5,6.4,17/09/2018,11.1
9391,9225,0.2,19.2,4.6,18/09/2018,14.6
9392,9225,0,19.8,7.6,19/09/2018,12.2
9393,9225,0,26.2,6.1,20/09/2018,20.1
9394,9225,0,25,8.7,21/09/2018,16.3
9395,9225,0,28,8.2,22/09/2018,19.8
9396,9225,0,26.9,11,23/09/2018,15.9
9397,9225,0,22.1,12.6,24/09/2018,9.5
9398,9225,0.2,21.5,8,25/09/2018,13.5
9399,9225,0,20.9,7.3,26/09/2018,13.6
9400,9225,0,21.9,9.3,27/09/2018,12.6
9401,9225,0,23.6,10.7,28/09/2018,12.9
9402,9225,4,19.6,11.7,29/09/2018,7.9
9403,9225,2.6,21.8,12,30/09/2018,9.8
9404,9225,0,20.5,13.3,1/10/2018,7.2
9405,9225,0,23.3,11.9,2/10/2018,11.4
9406,9225,0,21,13.3,3/10/2018,7.7
9407,9225,7.4,24.1,14,4/10/2018,10.1
9408,9225,1.8,22.7,14.1,5/10/2018,8.6
9409,9225,0,22.1,14.7,6/10/2018,7.4
9410,9225,0,23.4,12.7,7/10/2018,10.7
9411,9225,0,26.7,13.1,8/10/2018,13.6
9412,9225,0,29.7,14.9,9/10/2018,14.8
9413,9225,4.8,27.6,16.8,10/10/2018,10.8
9414,9225,0.2,24.1,13.9,11/10/2018,10.2
9415,9225,0.2,20.3,17,12/10/2018,3.3
9416,9225,3.4,21,14.2,13/10/2018,6.8
9417,9225,13.4,18.7,10.1,14/10/2018,8.6
9418,9225,0.6,21.4,13.8,15/10/2018,7.6
9419,9225,0,27,7.8,16/10/2018,19.2
9420,9225,0,29.7,12.8,17/10/2018,16.9
9421,9225,3.6,18.5,13.5,18/10/2018,5
9422,9225,3.2,20,9.9,19/10/2018,10.1
9423,9225,0,19.8,9.8,20/10/2018,10
9424,9225,0,21.6,14.8,21/10/2018,6.8
9425,9225,1.4,20,15.1,22/10/2018,4.9
9426,9225,0,21.5,8.2,23/10/2018,13.3
9427,9225,0,20.7,13.6,24/10/2018,7.1
9428,9225,0,25.5,13.8,25/10/2018,11.7
9429,9225,0,28.7,14,26/10/2018,14.7
9430,9225,0,26.1,13.8,27/10/2018,12.3
9431,9225,0,28.1,13,28/10/2018,15.1
9432,9225,0,24.5,13.6,29/10/2018,10.9
9433,9225,0,25.3,13.6,30/10/2018,11.7
9434,9225,0,25.7,13.6,31/10/2018,12.1
9435,9225,0,21.8,14.1,1/11/2018,7.7
9436,9225,0,22.6,11.8,2/11/2018,10.8
9437,9225,0,26.1,14.6,3/11/2018,11.5
9438,9225,0,22,13.3,4/11/2018,8.7
9439,9225,1.8,19.7,14.2,5/11/2018,5.5
9440,9225,0,19.6,11,6/11/2018,8.6
9441,9225,0,23.6,8,7/11/2018,15.6
9442,9225,0,27.3,9.9,8/11/2018,17.4
9443,9225,0,33.8,14.9,9/11/2018,18.9
9444,9225,0,25.8,16.7,10/11/2018,9.1
9445,9225,0,23.4,14.9,11/11/2018,8.5
9446,9225,0,24.2,12.8,12/11/2018,11.4
9447,9225,0,26,16,13/11/2018,10
9448,9225,0,31.5,13.7,14/11/2018,17.8
9449,9225,0,32.3,15.1,15/11/2018,17.2
9450,9225,0,35.9,17.9,16/11/2018,18
9451,9225,0,24.5,18.3,17/11/2018,6.2
9452,9225,0,24.1,17,18/11/2018,7.1
9453,9225,0,21.2,14,19/11/2018,7.2
9454,9225,0,21.1,9.5,20/11/2018,11.6
9455,9225,0,26.3,11.5,21/11/2018,14.8
9456,9225,0,29.6,17,22/11/2018,12.6
9457,9225,1.4,24.2,13.9,23/11/2018,10.3
9458,9225,0,23.4,13.5,24/11/2018,9.9
9459,9225,0,22.9,9.6,25/11/2018,13.3
9460,9225,0,23.2,9.9,26/11/2018,13.3
9461,9225,0,26.8,12.1,27/11/2018,14.7
9462,9225,0,25.8,13.1,28/11/2018,12.7
9463,9225,0,25,13.3,29/11/2018,11.7
9464,9225,0,22.5,13.2,30/11/2018,9.3
9465,9225,0,23,12.9,1/12/2018,10.1
9466,9225,0,30,13.8,2/12/2018,16.2
9467,9225,0,37.8,16.3,3/12/2018,21.5
9468,9225,0,23.4,18.8,4/12/2018,4.6
9469,9225,0,24.9,13.5,5/12/2018,11.4
9470,9225,1.6,22.8,13.1,6/12/2018,9.7
9471,9225,0,25.1,12.3,7/12/2018,12.8
9472,9225,0,28.6,12.5,8/12/2018,16.1
9473,9225,0,30,16,9/12/2018,14
9474,9225,0,28.8,15.5,10/12/2018,13.3
9475,9225,0,23.4,15.1,11/12/2018,8.3
9476,9225,0.2,26.8,16.9,12/12/2018,9.9
9477,9225,0,33.4,15.6,13/12/2018,17.8
9478,9225,0,39.1,17.8,14/12/2018,21.3
9479,9225,0,29.1,20.1,15/12/2018,9
9480,9225,0,29.7,17.4,16/12/2018,12.3
9481,9225,0,26.8,16.5,17/12/2018,10.3
9482,9225,0,25.4,15.4,18/12/2018,10
9483,9225,0,27.9,16.2,19/12/2018,11.7
9484,9225,0,33.3,17,20/12/2018,16.3
9485,9225,0,37.2,17.7,21/12/2018,19.5
9486,9225,0,41.2,23.5,22/12/2018,17.7
9487,9225,0,34.7,19.3,23/12/2018,15.4
9488,9225,0,32.7,17.5,24/12/2018,15.2
9489,9225,0,33.5,17,25/12/2018,16.5
9490,9225,0,28.2,16.8,26/12/2018,11.4
9491,9225,0,26.7,16.1,27/12/2018,10.6
9492,9225,0,25.4,18.3,28/12/2018,7.1
9493,9225,0,27.6,12.8,29/12/2018,14.8
9494,9225,0,28.9,13.4,30/12/2018,15.5
9495,9225,0,31.6,16.5,31/12/2018,15.1
9496,9225,0,32.5,17.2,1/01/2019,15.3
9497,9225,0,23.8,19.7,2/01/2019,4.1
9498,9225,1.8,23.8,17.4,3/01/2019,6.4
9499,9225,0,24.2,10,4/01/2019,14.2
9500,9225,0,32.5,12.9,5/01/2019,19.6
9501,9225,0,36.4,20.3,6/01/2019,16.1
9502,9225,0,32.2,19.7,7/01/2019,12.5
9503,9225,0,33.1,18.3,8/01/2019,14.8
9504,9225,0,31.2,18.5,9/01/2019,12.7
9505,9225,0,25.5,17,10/01/2019,8.5
9506,9225,0,27.5,14.5,11/01/2019,13
9507,9225,0,33.7,14,12/01/2019,19.7
9508,9225,0,27.7,20.1,13/01/2019,7.6
9509,9225,0,28.8,17.7,14/01/2019,11.1
9510,9225,0,29.1,17.1,15/01/2019,12
9511,9225,0,28.1,16.5,16/01/2019,11.6
9512,9225,0,26,16,17/01/2019,10
9513,9225,0,32.8,14.2,18/01/2019,18.6
9514,9225,0,40.4,18.2,19/01/2019,22.2
9515,9225,0,42.1,20,20/01/2019,22.1
9516,9225,0,29.8,19.9,21/01/2019,9.9
9517,9225,0,30.5,19.7,22/01/2019,10.8
9518,9225,0.4,22.2,16,23/01/2019,6.2
9519,9225,4.8,20.6,15,24/01/2019,5.6
9520,9225,0.2,25.7,11.6,25/01/2019,14.1
9521,9225,0,32,15.2,26/01/2019,16.8
9522,9225,0,35.5,16.1,27/01/2019,19.4
9523,9225,0,39.6,13.2,28/01/2019,26.4
9524,9225,0,30.6,14,29/01/2019,16.6
9525,9225,0,30.9,17.3,30/01/2019,13.6
9526,9225,0,36.2,17.3,31/01/2019,18.9
9527,9225,0,38.5,20.1,1/02/2019,18.4
9528,9225,0,27.1,18.3,2/02/2019,8.8
9529,9225,0,29.6,14.4,3/02/2019,15.2
9530,9225,0,30.9,15.7,4/02/2019,15.2
9531,9225,0,33.4,17.5,5/02/2019,15.9
9532,9225,0,36,17.6,6/02/2019,18.4
9533,9225,0,35.5,21.5,7/02/2019,14
9534,9225,0,34.9,19.2,8/02/2019,15.7
9535,9225,0,35,18.2,9/02/2019,16.8
9536,9225,0,35.9,20.1,10/02/2019,15.8
9537,9225,0,26.1,15.2,11/02/2019,10.9
9538,9225,0,27.3,15.6,12/02/2019,11.7
9539,9225,0,32.1,16.2,13/02/2019,15.9
9540,9225,0.2,30.7,15.9,14/02/2019,14.8
9541,9225,0,27.2,17.6,15/02/2019,9.6
9542,9225,0,30.1,18.4,16/02/2019,11.7
9543,9225,0,30.3,18,17/02/2019,12.3
9544,9225,0,31.3,16.1,18/02/2019,15.2
9545,9225,0,32.7,15.6,19/02/2019,17.1
9546,9225,0,31,16.8,20/02/2019,14.2
9547,9225,0,24.6,17.9,21/02/2019,6.7
9548,9225,0,26.6,19.2,22/02/2019,7.4
9549,9225,0,28,16.3,23/02/2019,11.7
9550,9225,0,29.7,17.6,24/02/2019,12.1
9551,9225,0,37,18.8,25/02/2019,18.2
9552,9225,0,35.5,21.5,26/02/2019,14
9553,9225,0,33.4,19,27/02/2019,14.4
9554,9225,0,27.3,19.4,28/02/2019,7.9
9555,9225,0,23.9,18.9,1/03/2019,5
9556,9225,0,25.8,13.7,2/03/2019,12.1
9557,9225,0,34.7,13.3,3/03/2019,21.4
9558,9225,0,39.5,20.3,4/03/2019,19.2
9559,9225,0,30.4,19.9,5/03/2019,10.5
9560,9225,0,30.6,17.6,6/03/2019,13
9561,9225,1.6,25.6,19.6,7/03/2019,6
9562,9225,0.4,29.4,19,8/03/2019,10.4
9563,9225,0.6,24,21.3,9/03/2019,2.7
9564,9225,3.4,29.4,19.7,10/03/2019,9.7
9565,9225,0.2,31.3,17.4,11/03/2019,13.9
9566,9225,0,30.8,17.3,12/03/2019,13.5
9567,9225,0,27.3,15.9,13/03/2019,11.4
9568,9225,0,31.3,16.9,14/03/2019,14.4
9569,9225,0,31,18.5,15/03/2019,12.5
9570,9225,0,28.7,16.9,16/03/2019,11.8
9571,9225,0,33.4,18.6,17/03/2019,14.8
9572,9225,0,34.8,20.9,18/03/2019,13.9
9573,9225,0,34.1,20.4,19/03/2019,13.7
9574,9225,0,31.7,20.2,20/03/2019,11.5
9575,9225,0,31.7,21.8,21/03/2019,9.9
9576,9225,0,28.9,18.8,22/03/2019,10.1
9577,9225,0,27.5,14.6,23/03/2019,12.9
9578,9225,0,25.3,11,24/03/2019,14.3
9579,9225,0,28.1,13.1,25/03/2019,15
9580,9225,0,34,14.8,26/03/2019,19.2
9581,9225,0,29.6,16.3,27/03/2019,13.3
9582,9225,0,27.1,15.8,28/03/2019,11.3
9583,9225,0,27.3,12.9,29/03/2019,14.4
9584,9225,0,30.7,14.1,30/03/2019,16.6
9585,9225,0,35.2,16.7,31/03/2019,18.5
9586,9225,0,26.8,21.3,1/04/2019,5.5
9587,9225,0,29,18.5,2/04/2019,10.5
9588,9225,0,30,18.5,3/04/2019,11.5
9589,9225,0,23,20.2,4/04/2019,2.8
9590,9225,0,24.1,8.8,5/04/2019,15.3
9591,9225,0,24.9,7.2,6/04/2019,17.7
9592,9225,0,25.9,11.5,7/04/2019,14.4
9593,9225,0,28.2,12,8/04/2019,16.2
9594,9225,0,33.6,15.6,9/04/2019,18
9595,9225,0,27.8,13.7,10/04/2019,14.1
9596,9225,0,25,17.5,11/04/2019,7.5
9597,9225,0,27.7,14.6,12/04/2019,13.1
9598,9225,0,28.8,18,13/04/2019,10.8
9599,9225,0,22.8,15.6,14/04/2019,7.2
9600,9225,8.2,22.3,18.5,15/04/2019,3.8
9601,9225,5.6,22.7,17.3,16/04/2019,5.4
9602,9225,3,22.3,12.8,17/04/2019,9.5
9603,9225,0,24,12.1,18/04/2019,11.9
9604,9225,23.4,17.1,10.5,19/04/2019,6.6
9605,9225,4,18.4,5.6,20/04/2019,12.8
9606,9225,0,22.9,5.7,21/04/2019,17.2
9607,9225,0,25.1,6.9,22/04/2019,18.2
9608,9225,0,27.4,8.7,23/04/2019,18.7
9609,9225,0,28.5,10.9,24/04/2019,17.6
9610,9225,0,28.8,13.6,25/04/2019,15.2
9611,9225,0,28.1,14.7,26/04/2019,13.4
9612,9225,0,28.9,9.8,27/04/2019,19.1
9613,9225,0,30.5,10.7,28/04/2019,19.8
9614,9225,0,21.7,14.2,29/04/2019,7.5
9615,9225,0,20.6,6.3,30/04/2019,14.3
9616,9225,0,18,9.2,1/05/2019,8.8
9617,9225,0,19.6,5.5,2/05/2019,14.1
9618,9225,0,27.1,6.6,3/05/2019,20.5
9619,9225,2,24,11.2,4/05/2019,12.8
9620,9225,0.2,22,11.3,5/05/2019,10.7
9621,9225,7.2,20.4,16.2,6/05/2019,4.2
9622,9225,0,21.3,7.2,7/05/2019,14.1
9623,9225,0,22.2,9.5,8/05/2019,12.7
9624,9225,0,22.4,8.1,9/05/2019,14.3
9625,9225,0,24.2,7.9,10/05/2019,16.3
9626,9225,0,24,6.1,11/05/2019,17.9
9627,9225,0,24.9,7.7,12/05/2019,17.2
9628,9225,0,22.3,8.8,13/05/2019,13.5
9629,9225,0,28,8.5,14/05/2019,19.5
9630,9225,0,27.6,7.8,15/05/2019,19.8
9631,9225,0.2,18,14.5,16/05/2019,3.5
9632,9225,1.8,16.7,5.3,17/05/2019,11.4
9633,9225,0,17.4,2.1,18/05/2019,15.3
9634,9225,0,21.2,1.6,19/05/2019,19.6
9635,9225,6,20.9,9.6,20/05/2019,11.3
9636,9225,0.4,20.8,12.7,21/05/2019,8.1
9637,9225,0,21.8,6.8,22/05/2019,15
9638,9225,0,21.2,10.4,23/05/2019,10.8
9639,9225,0,21.1,6.7,24/05/2019,14.4
9640,9225,0,20.5,7.6,25/05/2019,12.9
9641,9225,0,21.7,5.3,26/05/2019,16.4
9642,9225,0,22.1,9.9,27/05/2019,12.2
9643,9225,0,23.3,10.7,28/05/2019,12.6
9644,9225,0,23.3,9.8,29/05/2019,13.5
9645,9225,0,23.6,12.8,30/05/2019,10.8
9646,9225,0,26.5,13.2,31/05/2019,13.3
9647,9225,0,25.5,7.5,1/06/2019,18
9648,9225,0,24.5,5.9,2/06/2019,18.6
9649,9225,0,23.9,7.3,3/06/2019,16.6
9650,9225,0,22.8,7.2,4/06/2019,15.6
9651,9225,0,23,6.1,5/06/2019,16.9
9652,9225,0,22.8,13.4,6/06/2019,9.4
9653,9225,28.4,19.4,11.2,7/06/2019,8.2
9654,9225,6.2,19,10.4,8/06/2019,8.6
9655,9225,17.2,17.5,9.9,9/06/2019,7.6
9656,9225,19.8,19.4,11.6,10/06/2019,7.8
9657,9225,17.6,15.7,9.4,11/06/2019,6.3
9658,9225,17.6,18.2,7.8,12/06/2019,10.4
9659,9225,1,19.7,8.1,13/06/2019,11.6
9660,9225,1.2,17.6,8.4,14/06/2019,9.2
9661,9225,8.8,18.6,7.5,15/06/2019,11.1
9662,9225,0,18.1,10.4,16/06/2019,7.7
9663,9225,0.8,17.3,9.1,17/06/2019,8.2
9664,9225,0,,2.8,18/06/2019,-2.8
9665,9225,0,18.9,2.1,19/06/2019,16.8
9666,9225,0,19.7,4.4,20/06/2019,15.3
9667,9225,0,24.5,9.6,21/06/2019,14.9
9668,9225,0.6,21.3,14.7,22/06/2019,6.6
9669,9225,58,19.9,13.8,23/06/2019,6.1
9670,9225,2.6,19.8,12.3,24/06/2019,7.5
9671,9225,0.2,21,14.9,25/06/2019,6.1
9672,9225,1,20.1,12.2,26/06/2019,7.9
9673,9225,20.6,17.5,12.9,27/06/2019,4.6
9674,9225,10,15.8,7.2,28/06/2019,8.6
9675,9225,0,16.8,7.4,29/06/2019,9.4
9676,9225,0.4,16,10.6,30/06/2019,5.4
9677,9225,9.4,20.2,11.9,1/07/2019,8.3
9678,9225,0.2,20.6,6,2/07/2019,14.6
9679,9225,0,21.7,6.1,3/07/2019,15.6
9680,9225,0,19.1,12,4/07/2019,7.1
9681,9225,44.2,13.5,8.9,5/07/2019,4.6
9682,9225,11.2,18.2,6.8,6/07/2019,11.4
9683,9225,1.6,19.2,9.8,7/07/2019,9.4
9684,9225,0,20.5,5.5,8/07/2019,15
9685,9225,0,18.3,8.8,9/07/2019,9.5
9686,9225,0.2,18.1,9.7,10/07/2019,8.4
9687,9225,0,18.6,10.6,11/07/2019,8
9688,9225,0,18.7,4.4,12/07/2019,14.3
9689,9225,0,19.1,6.7,13/07/2019,12.4
9690,9225,0,19.3,5.8,14/07/2019,13.5
9691,9225,0,19.8,6.4,15/07/2019,13.4
9692,9225,0,21.9,3.8,16/07/2019,18.1
9693,9225,0,22.4,3.3,17/07/2019,19.1
9694,9225,0.8,20.7,8.6,18/07/2019,12.1
9695,9225,5,19.4,12,19/07/2019,7.4
9696,9225,13.2,17.7,8.8,20/07/2019,8.9
9697,9225,5.8,19.2,11.8,21/07/2019,7.4
9698,9225,3.6,17.4,12.5,22/07/2019,4.9
9699,9225,0.2,19,7.4,23/07/2019,11.6
9700,9225,0,20.8,7.1,24/07/2019,13.7
9701,9225,2.6,17,11,25/07/2019,6
9702,9225,0,15.9,10.8,26/07/2019,5.1
9703,9225,10.4,20.3,11.4,27/07/2019,8.9
9704,9225,0.2,19,10.2,28/07/2019,8.8
9705,9225,0,17.3,7.3,29/07/2019,10
9706,9225,0,23.2,7.7,30/07/2019,15.5
9707,9225,0,22.9,6.7,31/07/2019,16.2
9708,9225,0,20.8,5.7,1/08/2019,15.1
9709,9225,0,24.9,6.1,2/08/2019,18.8
9710,9225,0,22.3,12.1,3/08/2019,10.2
9711,9225,1.6,19.6,12.8,4/08/2019,6.8
9712,9225,0.2,18,12.1,5/08/2019,5.9
9713,9225,14.4,16.4,8.2,6/08/2019,8.2
9714,9225,1,16.5,5.5,7/08/2019,11
9715,9225,0,15.8,6.4,8/08/2019,9.4
9716,9225,2.6,18,5.5,9/08/2019,12.5
9717,9225,0.2,19,4.7,10/08/2019,14.3
9718,9225,0,22.5,10.2,11/08/2019,12.3
9719,9225,0,24.7,10.2,12/08/2019,14.5
9720,9225,4.2,20.3,11.4,13/08/2019,8.9
9721,9225,4.8,17.3,10.9,14/08/2019,6.4
9722,9225,2.4,17.6,5,15/08/2019,12.6
9723,9225,0,17.9,7.7,16/08/2019,10.2
9724,9225,26.6,16.1,6.7,17/08/2019,9.4
9725,9225,0,18.6,3.1,18/08/2019,15.5
9726,9225,0,19.5,3.3,19/08/2019,16.2
9727,9225,0,22.8,4.6,20/08/2019,18.2
9728,9225,0,23.5,6.2,21/08/2019,17.3
9729,9225,0,26.4,7.7,22/08/2019,18.7
9730,9225,18.8,15.8,10.3,23/08/2019,5.5
9731,9225,0.2,16.9,3.6,24/08/2019,13.3
9732,9225,0,20.2,5.5,25/08/2019,14.7
9733,9225,0,20.7,5,26/08/2019,15.7
9734,9225,0,23.3,6,27/08/2019,17.3
9735,9225,0,30,9.1,28/08/2019,20.9
9736,9225,0,21.5,11.1,29/08/2019,10.4
9737,9225,28,19.6,13.8,30/08/2019,5.8
9738,9225,9.2,19.2,12.3,31/08/2019,6.9
9739,9225,0.2,19.1,11.7,1/09/2019,7.4
9740,9225,13.8,20.2,9.4,2/09/2019,10.8
9741,9225,3.6,18.2,12.2,3/09/2019,6
9742,9225,1.4,17.4,11.5,4/09/2019,5.9
9743,9225,0,16.9,3.2,5/09/2019,13.7
9744,9225,0,20.2,4.1,6/09/2019,16.1
9745,9225,0,20.8,2.5,7/09/2019,18.3
9746,9225,0,25.1,6.8,8/09/2019,18.3
9747,9225,0,33.1,8.3,9/09/2019,24.8
9748,9225,0,28,10.5,10/09/2019,17.5
9749,9225,0,23.5,13.3,11/09/2019,10.2
9750,9225,0,25.3,11.5,12/09/2019,13.8
9751,9225,0,26.7,12.2,13/09/2019,14.5
9752,9225,0,24.3,14.9,14/09/2019,9.4
9753,9225,0,21.7,11.3,15/09/2019,10.4
9754,9225,0,26.6,13.3,16/09/2019,13.3
9755,9225,0,22.6,12,17/09/2019,10.6
9756,9225,0,21.8,10.6,18/09/2019,11.2
9757,9225,11.4,15.6,9.9,19/09/2019,5.7
9758,9225,1,18,3,20/09/2019,15
9759,9225,0,18.8,5.6,21/09/2019,13.2
9760,9225,0,20.6,5.3,22/09/2019,15.3
9761,9225,0,26.5,8.4,23/09/2019,18.1
9762,9225,0,28.4,10,24/09/2019,18.4
9763,9225,0,23.2,9.8,25/09/2019,13.4
9764,9225,0,22.8,11.3,26/09/2019,11.5
9765,9225,0,22.1,9.6,27/09/2019,12.5
9766,9225,0,23.4,10.4,28/09/2019,13
9767,9225,0,31,11.9,29/09/2019,19.1
9768,9225,0,24,14.9,30/09/2019,9.1
9769,9225,1.8,22.5,11.7,1/10/2019,10.8
9770,9225,0,23.5,8.5,2/10/2019,15
9771,9225,0,26.3,9.3,3/10/2019,17
9772,9225,1,20.3,15,4/10/2019,5.3
9773,9225,,20.4,14.2,5/10/2019,6.2
9774,9225,0,21.3,11,6/10/2019,10.3
9775,9225,0,25.3,10.7,7/10/2019,14.6
9776,9225,0,30.8,12.8,8/10/2019,18
9777,9225,0,28.9,12.4,9/10/2019,16.5
9778,9225,0,23.9,12.6,10/10/2019,11.3
9779,9225,0,21.1,12.6,11/10/2019,8.5
9780,9225,3.2,21.2,13.5,12/10/2019,7.7
9781,9225,0,20.9,9,13/10/2019,11.9
9782,9225,0.8,20.8,14.1,14/10/2019,6.7
9783,9225,0,19.5,6.5,15/10/2019,13
9784,9225,0,21.2,6.8,16/10/2019,14.4
9785,9225,0,22.1,9.8,17/10/2019,12.3
9786,9225,0,25.4,9.9,18/10/2019,15.5
9787,9225,0,32.3,12.2,19/10/2019,20.1
9788,9225,0,23.9,15.9,20/10/2019,8
9789,9225,0,23.9,11.9,21/10/2019,12
9790,9225,0,25.6,13.1,22/10/2019,12.5
9791,9225,0,23.5,12.8,23/10/2019,10.7
9792,9225,2,20.4,12.9,24/10/2019,7.5
9793,9225,0,23.4,11.3,25/10/2019,12.1
9794,9225,0,28.9,12.1,26/10/2019,16.8
9795,9225,0,36.5,15.8,27/10/2019,20.7
9796,9225,0,22.7,16.7,28/10/2019,6
9797,9225,0,26.8,13.8,29/10/2019,13
9798,9225,0,22,13.9,30/10/2019,8.1
9799,9225,9,17.9,11.2,31/10/2019,6.7
9800,9225,5,19.6,10.9,1/11/2019,8.7
9801,9225,13,21.2,12.4,2/11/2019,8.8
9802,9225,0,22.5,12.6,3/11/2019,9.9
9803,9225,0,26.3,9.4,4/11/2019,16.9
9804,9225,0,24.6,9.6,5/11/2019,15
9805,9225,0,24.6,10.9,6/11/2019,13.7
9806,9225,0,26.5,13.8,7/11/2019,12.7
9807,9225,0,32.4,15,8/11/2019,17.4
9808,9225,0,39.1,19.9,9/11/2019,19.2
9809,9225,0,24,19.4,10/11/2019,4.6
9810,9225,0,29.7,15.2,11/11/2019,14.5
9811,9225,0,30.3,13.5,12/11/2019,16.8
9812,9225,0,35.7,16.2,13/11/2019,19.5
9813,9225,0,37.7,16.4,14/11/2019,21.3
9814,9225,0,38.4,19.8,15/11/2019,18.6
9815,9225,0,40.4,19.1,16/11/2019,21.3
9816,9225,0,28.6,17.1,17/11/2019,11.5
9817,9225,0,32,17.5,18/11/2019,14.5
9818,9225,0.2,25.4,17.6,19/11/2019,7.8
9819,9225,0.2,20.8,15.7,20/11/2019,5.1
9820,9225,0,23.8,8.8,21/11/2019,15
9821,9225,0,26.2,12.7,22/11/2019,13.5
9822,9225,0,30.2,16.4,23/11/2019,13.8
9823,9225,0,28.1,16.1,24/11/2019,12
9824,9225,0,29,16.2,25/11/2019,12.8
9825,9225,0,34.4,14.2,26/11/2019,20.2
9826,9225,0,34.2,17.6,27/11/2019,16.6
9827,9225,0,29.4,16.8,28/11/2019,12.6
9828,9225,0,27.8,13,29/11/2019,14.8
9829,9225,0,29.6,13.1,30/11/2019,16.5
9830,9225,0,32.9,13.6,1/12/2019,19.3
9831,9225,0,35.6,19.3,2/12/2019,16.3
9832,9225,0,41.6,20.6,3/12/2019,21
9833,9225,0,37.6,19.4,4/12/2019,18.2
9834,9225,0,39.2,19.5,5/12/2019,19.7
9835,9225,0,38.9,24.6,6/12/2019,14.3
9836,9225,0,26.5,18.4,7/12/2019,8.1
9837,9225,0.4,25.1,16.2,8/12/2019,8.9
9838,9225,0,29.9,13,9/12/2019,16.9
9839,9225,0,36.3,13.8,10/12/2019,22.5
9840,9225,0,37.6,18.5,11/12/2019,19.1
9841,9225,0,39,20,12/12/2019,19
9842,9225,0,40.1,20.7,13/12/2019,19.4
9843,9225,0,41,21.1,14/12/2019,19.9
9844,9225,0,40.9,21.8,15/12/2019,19.1
9845,9225,0,38.5,21.6,16/12/2019,16.9
9846,9225,0,34.3,19.8,17/12/2019,14.5
9847,9225,0,,20.3,18/12/2019,-20.3
9848,9225,,25.1,18.9,19/12/2019,6.2
9849,9225,1.8,25.8,17.4,20/12/2019,8.4
9850,9225,0,34.5,15.6,21/12/2019,18.9
9851,9225,0,28.4,18.3,22/12/2019,10.1
9852,9225,0,31,16.4,23/12/2019,14.6
9853,9225,0,32.5,19,24/12/2019,13.5
9854,9225,0,35.7,21.5,25/12/2019,14.2
9855,9225,0,28.5,18.9,26/12/2019,9.6
9856,9225,0,27.3,18.6,27/12/2019,8.7
9857,9225,0,27.4,16.1,28/12/2019,11.3
9858,9225,0,25.8,16.7,29/12/2019,9.1
9859,9225,0.2,24.9,15.8,30/12/2019,9.1
9860,9225,0,29.6,12.9,31/12/2019,16.7
9861,9225,0,30.5,17.3,1/01/2020,13.2
9862,9225,0,24.2,17.3,2/01/2020,6.9
9863,9225,1.6,22.1,13.5,3/01/2020,8.6
9864,9225,0.2,27.6,12.7,4/01/2020,14.9
9865,9225,0,35.3,13,5/01/2020,22.3
9866,9225,0,33.6,15.8,6/01/2020,17.8
9867,9225,0,31.7,15.9,7/01/2020,15.8
9868,9225,0,28.9,18.6,8/01/2020,10.3
9869,9225,0,26,17.3,9/01/2020,8.7
9870,9225,0,32.1,15.8,10/01/2020,16.3
9871,9225,0,35.7,17.7,11/01/2020,18
9872,9225,0,32.2,17.3,12/01/2020,14.9
9873,9225,0,33.3,18.3,13/01/2020,15
9874,9225,0,33.4,20.5,14/01/2020,12.9
9875,9225,0,34.2,19.6,15/01/2020,14.6
9876,9225,0,35.2,20,16/01/2020,15.2
9877,9225,0,28.2,22.5,17/01/2020,5.7
9878,9225,0,30.9,19.4,18/01/2020,11.5
9879,9225,0,30.6,17,19/01/2020,13.6
9880,9225,0,31,14.6,20/01/2020,16.4
9881,9225,0,25.5,17.1,21/01/2020,8.4
9882,9225,0,24.4,14.2,22/01/2020,10.2
9883,9225,0,27.2,18,23/01/2020,9.2
9884,9225,0,32.3,15.1,24/01/2020,17.2
9885,9225,0,32,18.1,25/01/2020,13.9
9886,9225,0,36.3,19.5,26/01/2020,16.8
9887,9225,0,39.9,22.6,27/01/2020,17.3
9888,9225,0,35.2,19.6,28/01/2020,15.6
9889,9225,0,27.2,18.8,29/01/2020,8.4
9890,9225,1.2,23.9,18.6,30/01/2020,5.3
9891,9225,0,24.2,12.9,31/01/2020,11.3
9892,9225,0,27.4,14.6,1/02/2020,12.8
9893,9225,0,34.8,17,2/02/2020,17.8
9894,9225,0,38.4,18.2,3/02/2020,20.2
9895,9225,0,42.7,22.6,4/02/2020,20.1
9896,9225,0,34.9,22.4,5/02/2020,12.5
9897,9225,0,30.9,21.2,6/02/2020,9.7
9898,9225,0,29.1,21,7/02/2020,8.1
9899,9225,0,28,20,8/02/2020,8
9900,9225,0,27.8,15.2,9/02/2020,12.6
9901,9225,0,32.9,15.3,10/02/2020,17.6
9902,9225,0,34.8,19.3,11/02/2020,15.5
9903,9225,0,34.3,19.5,12/02/2020,14.8
9904,9225,0,36.1,21.6,13/02/2020,14.5
9905,9225,0,40.6,23.8,14/02/2020,16.8
9906,9225,0,25.6,22.3,15/02/2020,3.3
9907,9225,0,26.3,18,16/02/2020,8.3
9908,9225,0,32,18.2,17/02/2020,13.8
9909,9225,0,33.5,16.9,18/02/2020,16.6
9910,9225,0,36.2,22.1,19/02/2020,14.1
9911,9225,0,37.1,24.6,20/02/2020,12.5
9912,9225,0,31.9,22.9,21/02/2020,9
9913,9225,1,27.7,20.1,22/02/2020,7.6
9914,9225,0,33.5,19.6,23/02/2020,13.9
9915,9225,0,32,21,24/02/2020,11
9916,9225,1,34.4,21.7,25/02/2020,12.7
9917,9225,19.2,29.7,21.1,26/02/2020,8.6
9918,9225,2,26.6,22.3,27/02/2020,4.3
9919,9225,11,30.8,21.4,28/02/2020,9.4
9920,9225,0.2,27.7,20.9,29/02/2020,6.8
9921,9225,0,28.9,20.3,1/03/2020,8.6
9922,9225,0,29.3,15.8,2/03/2020,13.5
9923,9225,0,32.6,15,3/03/2020,17.6
9924,9225,0,33.7,13.7,4/03/2020,20
9925,9225,0,32.6,14,5/03/2020,18.6
9926,9225,0,26.9,19.9,6/03/2020,7
9927,9225,0,26.8,20.5,7/03/2020,6.3
9928,9225,0,30.3,17.6,8/03/2020,12.7
9929,9225,0,35.3,21.9,9/03/2020,13.4
9930,9225,0,35.1,19.9,10/03/2020,15.2
9931,9225,0,35.1,19.2,11/03/2020,15.9
9932,9225,0,30,18.1,12/03/2020,11.9
9933,9225,0,32.8,18.9,13/03/2020,13.9
9934,9225,0,31.1,22.8,14/03/2020,8.3
9935,9225,8.6,26.1,19.5,15/03/2020,6.6
9936,9225,0,27,18.7,16/03/2020,8.3
9937,9225,0.2,24.9,19.2,17/03/2020,5.7
9938,9225,19.8,23.3,14.5,18/03/2020,8.8
9939,9225,0,24.6,12.8,19/03/2020,11.8
9940,9225,0,31.5,15.9,20/03/2020,15.6
9941,9225,0,31.9,16.6,21/03/2020,15.3
9942,9225,0,31.8,18.8,22/03/2020,13
9943,9225,0,32.6,18.2,23/03/2020,14.4
9944,9225,0,33.9,19.4,24/03/2020,14.5
9945,9225,0,34.3,19.8,25/03/2020,14.5
9946,9225,0,36.7,17.3,26/03/2020,19.4
9947,9225,0,27.9,20.5,27/03/2020,7.4
9948,9225,4,23.3,19.3,28/03/2020,4
9949,9225,0.2,22.6,12.4,29/03/2020,10.2
9950,9225,0,23.8,9.7,30/03/2020,14.1
9951,9225,0,25.2,11.3,31/03/2020,13.9
9952,9225,0,27.1,13,1/04/2020,14.1
9953,9225,0.2,24.1,18,2/04/2020,6.1
9954,9225,0,23.7,8.9,3/04/2020,14.8
9955,9225,0,24.6,11.5,4/04/2020,13.1
9956,9225,1.4,26.5,15.1,5/04/2020,11.4
9957,9225,0,31.8,18.5,6/04/2020,13.3
9958,9225,0,33.6,19,7/04/2020,14.6
9959,9225,0,32.6,17.1,8/04/2020,15.5
9960,9225,0,34,15.7,9/04/2020,18.3
9961,9225,0,35.6,19.6,10/04/2020,16
9962,9225,0,39.5,21.2,11/04/2020,18.3
9963,9225,0,26.2,21.7,12/04/2020,4.5
9964,9225,0,26.7,15.2,13/04/2020,11.5
9965,9225,0,24.9,15.7,14/04/2020,9.2
9966,9225,0,24.2,16.3,15/04/2020,7.9
9967,9225,0,25.1,10.7,16/04/2020,14.4
9968,9225,0,27.4,12.7,17/04/2020,14.7
9969,9225,0,22.1,11.9,18/04/2020,10.2
9970,9225,6.4,22.7,17.4,19/04/2020,5.3
9971,9225,0,24.4,10.3,20/04/2020,14.1
9972,9225,0.4,24.5,15.1,21/04/2020,9.4
9973,9225,0.2,24.6,13.8,22/04/2020,10.8
9974,9225,1,25.1,14.1,23/04/2020,11
9975,9225,0,22.8,13.7,24/04/2020,9.1
9976,9225,2.6,23.8,16.9,25/04/2020,6.9
9977,9225,0.2,26.4,11.2,26/04/2020,15.2
9978,9225,0,23.6,11.2,27/04/2020,12.4
9979,9225,0.8,20.8,14,28/04/2020,6.8
9980,9225,0,21.8,10.9,29/04/2020,10.9
9981,9225,0,21.4,9.4,30/04/2020,12
9982,9225,0,24.1,8.5,1/05/2020,15.6
9983,9225,0,28.3,9.2,2/05/2020,19.1
9984,9225,0,28.9,12.3,3/05/2020,16.6
9985,9225,0.6,23.4,16.9,4/05/2020,6.5
9986,9225,13.6,23.1,15.5,5/05/2020,7.6
9987,9225,9.2,16.9,11.1,6/05/2020,5.8
9988,9225,3,18.8,10,7/05/2020,8.8
9989,9225,5.8,18.8,12,8/05/2020,6.8
9990,9225,0,19.5,5.1,9/05/2020,14.4
9991,9225,0,24,5.5,10/05/2020,18.5
9992,9225,0,22.9,5.7,11/05/2020,17.2
9993,9225,0,22.9,9.9,12/05/2020,13
9994,9225,0,28.6,10.4,13/05/2020,18.2
9995,9225,0,27.6,9.2,14/05/2020,18.4
9996,9225,0,23.9,5.8,15/05/2020,18.1
9997,9225,0,21.1,11.2,16/05/2020,9.9
9998,9225,0,21.9,8.7,17/05/2020,13.2
9999,9225,0,19.6,6.6,18/05/2020,13
10000,9225,0,19,4.6,19/05/2020,14.4
10001,9225,0,19.4,5,20/05/2020,14.4
10002,9225,0,21,4.6,21/05/2020,16.4
10003,9225,0,24.4,7.1,22/05/2020,17.3
10004,9225,0,26.5,6.4,23/05/2020,20.1
10005,9225,0,21.9,14.4,24/05/2020,7.5
10006,9225,21.4,17.1,12.5,25/05/2020,4.6
10007,9225,5,17.2,10.2,26/05/2020,7
10008,9225,1.6,20.5,10.7,27/05/2020,9.8
10009,9225,3.4,21.1,11.7,28/05/2020,9.4
10010,9225,31,21.5,14,29/05/2020,7.5
10011,9225,15.4,18.4,10.9,30/05/2020,7.5
10012,9225,1.6,20.2,13.1,31/05/2020,7.1
10013,9225,7.4,19.8,13.1,1/06/2020,6.7
10014,9225,0,21,8.9,2/06/2020,12.1
10015,9225,0,25.1,10.8,3/06/2020,14.3
10016,9225,0.2,25.5,10.9,4/06/2020,14.6
10017,9225,0,24.9,12.6,5/06/2020,12.3
10018,9225,0,24.7,15.1,6/06/2020,9.6
10019,9225,0.4,22.8,15,7/06/2020,7.8
10020,9225,0.2,24.4,7.4,8/06/2020,17
10021,9225,0,25.4,5.8,9/06/2020,19.6
10022,9225,0,24.7,7.8,10/06/2020,16.9
10023,9225,9.4,21.7,13.8,11/06/2020,7.9
10024,9225,20.6,18.3,14.5,12/06/2020,3.8
10025,9225,1.8,19,8.9,13/06/2020,10.1
10026,9225,3,21,10.1,14/06/2020,10.9
10027,9225,0.2,19.9,11.9,15/06/2020,8
10028,9225,0,21.3,11.3,16/06/2020,10
10029,9225,0,22.7,9.2,17/06/2020,13.5
10030,9225,12.6,18.2,12.5,18/06/2020,5.7
10031,9225,0.6,18.7,8.9,19/06/2020,9.8
10032,9225,0,18.7,3.4,20/06/2020,15.3
10033,9225,0,23,6.1,21/06/2020,16.9
10034,9225,0,21.5,10.6,22/06/2020,10.9
10035,9225,8.2,20.1,14.8,23/06/2020,5.3
10036,9225,1.8,19.6,8.2,24/06/2020,11.4
10037,9225,0,20.5,4.2,25/06/2020,16.3
10038,9225,0,21.3,8.8,26/06/2020,12.5
10039,9225,3.8,19.8,12.6,27/06/2020,7.2
10040,9225,6,18.8,14.5,28/06/2020,4.3
10041,9225,38.2,18.4,13.6,29/06/2020,4.8
10042,9225,1,19.8,14.5,30/06/2020,5.3
10043,9225,3,16.3,12,1/07/2020,4.3
10044,9225,,17.8,4.3,2/07/2020,13.5
10045,9225,0,19.5,7.1,3/07/2020,12.4
10046,9225,0,22.3,12.3,4/07/2020,10
10047,9225,0,23.1,10.4,5/07/2020,12.7
10048,9225,6.8,19.4,12.9,6/07/2020,6.5
10049,9225,6.2,18,12.2,7/07/2020,5.8
10050,9225,4.6,17.1,10.7,8/07/2020,6.4
10051,9225,0,17.1,6,9/07/2020,11.1
10052,9225,0,16.2,4.8,10/07/2020,11.4
10053,9225,0,17.5,4.8,11/07/2020,12.7
10054,9225,0,22.3,7.3,12/07/2020,15
10055,9225,3.4,19.2,11.3,13/07/2020,7.9
10056,9225,25.6,18,12.4,14/07/2020,5.6
10057,9225,1.8,17.7,9.2,15/07/2020,8.5
10058,9225,1,20.2,12.5,16/07/2020,7.7
10059,9225,12.6,15,11.6,17/07/2020,3.4
10060,9225,1.4,18.3,7.3,18/07/2020,11
10061,9225,0.4,15.4,4.4,19/07/2020,11
10062,9225,0,18.6,5.1,20/07/2020,13.5
10063,9225,0,20.6,5.2,21/07/2020,15.4
10064,9225,0,23.5,8.1,22/07/2020,15.4
10065,9225,1.6,19.2,14.5,23/07/2020,4.7
10066,9225,0,18.9,4.4,24/07/2020,14.5
10067,9225,0,22.4,5.1,25/07/2020,17.3
10068,9225,2.2,20.8,13.9,26/07/2020,6.9
10069,9225,4.8,24.4,14.1,27/07/2020,10.3
10070,9225,8,19.3,11.5,28/07/2020,7.8
10071,9225,0,21,11.6,29/07/2020,9.4
10072,9225,0,21.1,6.5,30/07/2020,14.6
10073,9225,0,19.8,8.7,31/07/2020,11.1
10074,9225,0,19.2,7.2,1/08/2020,12
10075,9225,0,19.2,5.2,2/08/2020,14
10076,9225,4.8,12.1,6.9,3/08/2020,5.2
10077,9225,10.2,16,6.9,4/08/2020,9.1
10078,9225,0,19.9,10.5,5/08/2020,9.4
10079,9225,0,18.9,5.4,6/08/2020,13.5
10080,9225,0,16.3,7.1,7/08/2020,9.2
10081,9225,0,21.7,10.8,8/08/2020,10.9
10082,9225,4.4,16.8,12.6,9/08/2020,4.2
10083,9225,31,19.1,11.3,10/08/2020,7.8
10084,9225,4,18.6,13.3,11/08/2020,5.3
10085,9225,0.4,17.5,12.3,12/08/2020,5.2
10086,9225,0,17.1,9.4,13/08/2020,7.7
10087,9225,1.2,18.5,7.5,14/08/2020,11
10088,9225,0.6,21.8,10,15/08/2020,11.8
10089,9225,19.2,15.7,11,16/08/2020,4.7
10090,9225,10.4,17.3,10.8,17/08/2020,6.5
10091,9225,1.6,16.7,12.5,18/08/2020,4.2
10092,9225,1.2,18.8,5.8,19/08/2020,13
10093,9225,0,20,6.8,20/08/2020,13.2
10094,9225,0,19.1,5.9,21/08/2020,13.2
10095,9225,0,22.2,10.5,22/08/2020,11.7
10096,9225,1,19.5,12.6,23/08/2020,6.9
10097,9225,0,20.4,6.8,24/08/2020,13.6
10098,9225,0,20.8,7,25/08/2020,13.8
10099,9225,0,21.1,6.3,26/08/2020,14.8
10100,9225,0,25.4,6.5,27/08/2020,18.9
10101,9225,0,23.5,9.5,28/08/2020,14
10102,9225,2.8,17.8,11.7,29/08/2020,6.1
10103,9225,0,20.5,4.6,30/08/2020,15.9
10104,9225,0,20.8,4.7,31/08/2020,16.1
10105,9225,15,17,11.4,1/09/2020,5.6
10106,9225,5.8,19.5,11.1,2/09/2020,8.4
10107,9225,0.8,20.2,9.6,3/09/2020,10.6
10108,9225,0,21.6,15.4,4/09/2020,6.2
10109,9225,0,22.2,9.3,5/09/2020,12.9
10110,9225,0.2,21.1,15.5,6/09/2020,5.6
10111,9225,24.8,18.9,12,7/09/2020,6.9
10112,9225,3.2,20.4,10.3,8/09/2020,10.1
10113,9225,0,24.8,7.2,9/09/2020,17.6
10114,9225,2.2,19,14.3,10/09/2020,4.7
10115,9225,0,19.8,8.1,11/09/2020,11.7
10116,9225,0,20.2,5.6,12/09/2020,14.6
10117,9225,0,24.1,6.4,13/09/2020,17.7
10118,9225,0,26.9,11.1,14/09/2020,15.8
10119,9225,0,26.9,10.7,15/09/2020,16.2
10120,9225,0,20.9,13,16/09/2020,7.9
10121,9225,0,20.4,11.5,17/09/2020,8.9
10122,9225,0,22.7,8,18/09/2020,14.7
10123,9225,3.6,18.1,10.2,19/09/2020,7.9
10124,9225,5.6,16.9,9.6,20/09/2020,7.3
10125,9225,3.4,18.4,11.1,21/09/2020,7.3
10126,9225,1.2,20.3,10.2,22/09/2020,10.1
10127,9225,0.4,26.5,7.2,23/09/2020,19.3
10128,9225,0,30,13.2,24/09/2020,16.8
10129,9225,0,24.5,13.9,25/09/2020,10.6
10130,9225,0,22.9,11.7,26/09/2020,11.2
10131,9225,5.4,21,9.1,27/09/2020,11.9
10132,9225,5.4,21.1,12.5,28/09/2020,8.6
10133,9225,0.8,20.5,9.1,29/09/2020,11.4
10134,9225,0,21.7,15.5,30/09/2020,6.2
10135,9225,0,21.6,16.9,1/10/2020,4.7
10136,9225,2.4,16.7,13.7,2/10/2020,3
10137,9225,2.8,17.6,6.6,3/10/2020,11
10138,9225,0,20.4,8.3,4/10/2020,12.1
10139,9225,0,20.7,8.2,5/10/2020,12.5
10140,9225,0,22.2,6.8,6/10/2020,15.4
10141,9225,0,23.2,7.9,7/10/2020,15.3
10142,9225,7.4,21.8,10.8,8/10/2020,11
10143,9225,0,23.1,8.8,9/10/2020,14.3
10144,9225,0,22.6,10.1,10/10/2020,12.5
10145,9225,0,24.9,9.9,11/10/2020,15
10146,9225,0,28.2,11.2,12/10/2020,17
10147,9225,0,30.2,13.5,13/10/2020,16.7
10148,9225,0,23.2,15.2,14/10/2020,8
10149,9225,0,22.5,13.8,15/10/2020,8.7
10150,9225,0,24.6,13,16/10/2020,11.6
10151,9225,0,27.2,13,17/10/2020,14.2
10152,9225,0,30,14.3,18/10/2020,15.7
10153,9225,0,28.6,14.8,19/10/2020,13.8
10154,9225,0,25.4,15.6,20/10/2020,9.8
10155,9225,0,25.3,14.9,21/10/2020,10.4
10156,9225,0,23.2,12.4,22/10/2020,10.8
10157,9225,0,25.9,13.1,23/10/2020,12.8
10158,9225,0,30,12.9,24/10/2020,17.1
10159,9225,0,34.9,16,25/10/2020,18.9
10160,9225,0,26.5,15.3,26/10/2020,11.2
10161,9225,0,24.5,15.1,27/10/2020,9.4
10162,9225,0,25.1,14.9,28/10/2020,10.2
10163,9225,0,31.6,14,29/10/2020,17.6
10164,9225,0,36.6,17,30/10/2020,19.6
10165,9225,0,25.3,17.6,31/10/2020,7.7
10166,9225,20.6,18.4,15,1/11/2020,3.4
10167,9225,11.6,22.2,13.6,2/11/2020,8.6
10168,9225,3.8,22.8,13,3/11/2020,9.8
10169,9225,0.2,25.9,13.7,4/11/2020,12.2
10170,9225,0,30.5,13.1,5/11/2020,17.4
10171,9225,0,29.2,16,6/11/2020,13.2
10172,9225,0,29.6,16.2,7/11/2020,13.4
10173,9225,0,25.5,14.8,8/11/2020,10.7
10174,9225,2,18.6,13.1,9/11/2020,5.5
10175,9225,19,19,10.6,10/11/2020,8.4
10176,9225,0,20.8,9.2,11/11/2020,11.6
10177,9225,0,22.7,8,12/11/2020,14.7
10178,9225,8.8,22.9,16.3,13/11/2020,6.6
10179,9225,4,21.6,14.4,14/11/2020,7.2
10180,9225,13.6,22.1,12.6,15/11/2020,9.5
10181,9225,0,24.3,10.7,16/11/2020,13.6
10182,9225,0,23.5,11.7,17/11/2020,11.8
10183,9225,0,25.2,14.5,18/11/2020,10.7
10184,9225,0,25.7,14.3,19/11/2020,11.4
10185,9225,0,26.3,14.4,20/11/2020,11.9
10186,9225,0,25.2,14.1,21/11/2020,11.1
10187,9225,0,28.2,14.9,22/11/2020,13.3
10188,9225,0,35.1,14.6,23/11/2020,20.5
10189,9225,0,33.7,16.8,24/11/2020,16.9
10190,9225,0,28.9,15.5,25/11/2020,13.4
10191,9225,0,24.1,13.8,26/11/2020,10.3
10192,9225,0,23.5,14,27/11/2020,9.5
10193,9225,0,23.5,10.8,28/11/2020,12.7
10194,9225,0,23.6,11.6,29/11/2020,12
10195,9225,8.4,19.4,13.6,30/11/2020,5.8
10196,9225,0.4,23.5,6.6,1/12/2020,16.9
10197,9225,0,,9.8,2/12/2020,-9.8
10198,9225,,28.8,12.1,3/12/2020,16.7
10199,9225,0,23.9,15.4,4/12/2020,8.5
10200,9225,0,23.4,14.4,5/12/2020,9
10201,9225,0,25,12.8,6/12/2020,12.2
10202,9225,0,33.1,15.4,7/12/2020,17.7
10203,9225,0,39.4,18,8/12/2020,21.4
10204,9225,0,33.1,17.9,9/12/2020,15.2
10205,9225,0,36.3,21.1,10/12/2020,15.2
10206,9225,0,33.1,23.1,11/12/2020,10
10207,9225,0,32.7,19.4,12/12/2020,13.3
10208,9225,3.8,23.1,17.4,13/12/2020,5.7
10209,9225,0.2,23.5,13.4,14/12/2020,10.1
10210,9225,0,29,14,15/12/2020,15
10211,9225,0,29.3,15.2,16/12/2020,14.1
10212,9225,0,30.3,16.5,17/12/2020,13.8
10213,9225,0,31.2,16.4,18/12/2020,14.8
10214,9225,0,34.3,18.5,19/12/2020,15.8
10215,9225,0,31.1,18,20/12/2020,13.1
10216,9225,0,32.9,15.7,21/12/2020,17.2
10217,9225,0,36.1,16.5,22/12/2020,19.6
10218,9225,0,40.2,19.2,23/12/2020,21
10219,9225,0,41.1,20.5,24/12/2020,20.6
10220,9225,0,40.4,19.2,25/12/2020,21.2
10221,9225,0,29.6,22,26/12/2020,7.6
10222,9225,0,29.7,16,27/12/2020,13.7
10223,9225,0,34.1,14.2,28/12/2020,19.9
10224,9225,0,39,19,29/12/2020,20
10225,9225,0,33.6,24.1,30/12/2020,9.5
10226,9225,0,30.8,21.5,31/12/2020,9.3
10227,9225,0,33.9,20.3,1/01/2021,13.6
10228,9225,0,32.9,19.4,2/01/2021,13.5
10229,9225,0,32.3,17.7,3/01/2021,14.6
10230,9225,0,32.5,16.7,4/01/2021,15.8
10231,9225,0,34.3,17.7,5/01/2021,16.6
10232,9225,0,35.9,18.7,6/01/2021,17.2
10233,9225,0,38.5,20.1,7/01/2021,18.4
10234,9225,0,42.2,18.7,8/01/2021,23.5
10235,9225,0,35.9,23.7,9/01/2021,12.2
10236,9225,0,27,21.4,10/01/2021,5.6
10237,9225,0,30.9,16.4,11/01/2021,14.5
10238,9225,0,29.4,17.6,12/01/2021,11.8
10239,9225,0,33.1,16.8,13/01/2021,16.3
10240,9225,,33.6,16.7,14/01/2021,16.9
10241,9225,0,33.1,16.9,15/01/2021,16.2
10242,9225,0,34.2,17.9,16/01/2021,16.3
10243,9225,0,36.7,19.1,17/01/2021,17.6
10244,9225,0,34.5,22.4,18/01/2021,12.1
10245,9225,0.2,36.6,22.6,19/01/2021,14
10246,9225,0,30.1,22.3,20/01/2021,7.8
10247,9225,0,34.8,22.7,21/01/2021,12.1
10248,9225,0,36.5,20,22/01/2021,16.5
10249,9225,0,27.3,18.1,23/01/2021,9.2
10250,9225,0,27.1,15.9,24/01/2021,11.2
10251,9225,0,27.4,18.3,25/01/2021,9.1
10252,9225,0,26.3,14.6,26/01/2021,11.7
10253,9225,0,25.9,14.3,27/01/2021,11.6
10254,9225,0,30.9,15.3,28/01/2021,15.6
10255,9225,0,34.5,18.5,29/01/2021,16
10256,9225,0,35.2,19.1,30/01/2021,16.1
10257,9225,0,37.3,20.1,31/01/2021,17.2
10258,9225,0,36.9,19.9,1/02/2021,17
10259,9225,0,35,21.5,2/02/2021,13.5
10260,9225,0,31.6,19.5,3/02/2021,12.1
10261,9225,0,28.3,14.9,4/02/2021,13.4
10262,9225,0,26.9,14.7,5/02/2021,12.2
10263,9225,0,22.4,17.5,6/02/2021,4.9
10264,9225,19.6,21.8,15.9,7/02/2021,5.9
10265,9225,16,24.2,17.5,8/02/2021,6.7
10266,9225,0.8,25.9,16.6,9/02/2021,9.3
10267,9225,0.6,23.3,16.1,10/02/2021,7.2
10268,9225,0,25,14.4,11/02/2021,10.6
10269,9225,0,29.5,14.8,12/02/2021,14.7
10270,9225,0,35.9,15.6,13/02/2021,20.3
10271,9225,0,35.3,21.9,14/02/2021,13.4
10272,9225,0,37.7,21.6,15/02/2021,16.1
10273,9225,0,30.5,21.2,16/02/2021,9.3
10274,9225,0,26.4,20.2,17/02/2021,6.2
10275,9225,1.6,23,18.1,18/02/2021,4.9
10276,9225,0,25.1,12.7,19/02/2021,12.4
10277,9225,0,30.6,12.1,20/02/2021,18.5
10278,9225,0,35.1,16.7,21/02/2021,18.4
10279,9225,0,38.3,18.7,22/02/2021,19.6
10280,9225,0,39.5,21.6,23/02/2021,17.9
10281,9225,0,33.2,18.5,24/02/2021,14.7
10282,9225,0,29.9,17.2,25/02/2021,12.7
10283,9225,0,30.3,18.6,26/02/2021,11.7
10284,9225,0,31,17.3,27/02/2021,13.7
10285,9225,0,31.4,19,28/02/2021,12.4
10286,9225,10.6,22.9,16.7,1/03/2021,6.2
10287,9225,15.6,30.6,17,2/03/2021,13.6
10288,9225,3.6,28.4,20.1,3/03/2021,8.3
10289,9225,3.4,27.3,20.8,4/03/2021,6.5
10290,9225,0.8,26.7,20.1,5/03/2021,6.6
10291,9225,0,28.4,21.4,6/03/2021,7
10292,9225,0,30.3,20.2,7/03/2021,10.1
10293,9225,0,31.7,20.5,8/03/2021,11.2
10294,9225,0,36,21.2,9/03/2021,14.8
10295,9225,0,31.3,25.5,10/03/2021,5.8
10296,9225,0,27,21.4,11/03/2021,5.6
10297,9225,5.2,25.7,20.6,12/03/2021,5.1
10298,9225,0.2,26,14.6,13/03/2021,11.4
10299,9225,0,28.2,14.4,14/03/2021,13.8
10300,9225,0,30.7,17.2,15/03/2021,13.5
10301,9225,0,34.1,18.8,16/03/2021,15.3
10302,9225,0,29.9,16.1,17/03/2021,13.8
10303,9225,0,33.3,17.5,18/03/2021,15.8
10304,9225,0,37.6,17.3,19/03/2021,20.3
10305,9225,0,37.3,15.5,20/03/2021,21.8
10306,9225,0,37.6,16.2,21/03/2021,21.4
10307,9225,0,27.5,19.2,22/03/2021,8.3
10308,9225,0,24.4,13.8,23/03/2021,10.6
10309,9225,0,24.9,13.5,24/03/2021,11.4
10310,9225,0,25.5,11.7,25/03/2021,13.8
10311,9225,0,26.8,11.1,26/03/2021,15.7
10312,9225,0,28.3,12.6,27/03/2021,15.7
10313,9225,0,33.2,12.7,28/03/2021,20.5
10314,9225,0,39,17.3,29/03/2021,21.7
10315,9225,0.4,29.6,20.8,30/03/2021,8.8
10316,9225,0.8,26.9,19.7,31/03/2021,7.2
10317,9225,1,32.9,20.4,1/04/2021,12.5
10318,9225,0,30.8,16.9,2/04/2021,13.9
10319,9225,0,31,17.9,3/04/2021,13.1
10320,9225,1.4,31.4,18.4,4/04/2021,13
10321,9225,0,27,17,5/04/2021,10
10322,9225,0,26.7,14.3,6/04/2021,12.4
10323,9225,0.2,26.6,19,7/04/2021,7.6
10324,9225,0,25.7,17.3,8/04/2021,8.4
10325,9225,0,27,17.2,9/04/2021,9.8
10326,9225,0,28.5,16.8,10/04/2021,11.7
10327,9225,4.4,22.7,16.3,11/04/2021,6.4
10328,9225,14.8,23.2,16.4,12/04/2021,6.8
10329,9225,1.4,21.8,11.8,13/04/2021,10
10330,9225,0,23.2,8.9,14/04/2021,14.3
10331,9225,0,25.1,9.9,15/04/2021,15.2
10332,9225,0,26,10.6,16/04/2021,15.4
10333,9225,0,27.8,14,17/04/2021,13.8
10334,9225,0,28.7,11.5,18/04/2021,17.2
10335,9225,0,23.3,11.8,19/04/2021,11.5
10336,9225,0,25.7,11.3,20/04/2021,14.4
10337,9225,0,26.5,11.5,21/04/2021,15
10338,9225,0,25.4,13.2,22/04/2021,12.2
10339,9225,0,28.9,16,23/04/2021,12.9
10340,9225,0,31.2,12.8,24/04/2021,18.4
10341,9225,0,27.9,11.6,25/04/2021,16.3
10342,9225,0,31.5,10.9,26/04/2021,20.6
10343,9225,0,29.8,14.1,27/04/2021,15.7
10344,9225,0,29.7,12,28/04/2021,17.7
10345,9225,0,25.7,15.4,29/04/2021,10.3
10346,9225,17.4,20.6,13.2,30/04/2021,7.4
10347,9225,0,22.5,8.2,1/05/2021,14.3
10348,9225,0,23.4,7.2,2/05/2021,16.2
10349,9225,0,26,11.4,3/05/2021,14.6
10350,9225,0,21.3,17.5,4/05/2021,3.8
10351,9225,46.2,24,14.8,5/05/2021,9.2
10352,9225,4.2,23.7,13.8,6/05/2021,9.9
10353,9225,1.2,22.4,11.6,7/05/2021,10.8
10354,9225,0,22.9,9.1,8/05/2021,13.8
10355,9225,0,22.3,8.8,9/05/2021,13.5
10356,9225,0,24,7.9,10/05/2021,16.1
10357,9225,0,,9.6,11/05/2021,-9.6
10358,9225,0.2,24.5,14,12/05/2021,10.5
10359,9225,0,21.5,12.9,13/05/2021,8.6
10360,9225,0,19.9,14.5,14/05/2021,5.4
10361,9225,0,20.2,16.2,15/05/2021,4
10362,9225,0,24.2,14.9,16/05/2021,9.3
10363,9225,0,26.7,15.5,17/05/2021,11.2
10364,9225,0,24.9,14.2,18/05/2021,10.7
10365,9225,0,24,12.9,19/05/2021,11.1
10366,9225,0,24.4,10.1,20/05/2021,14.3
10367,9225,0,23.2,9.6,21/05/2021,13.6
10368,9225,0,20.2,13.1,22/05/2021,7.1
10369,9225,5,18.5,10,23/05/2021,8.5
10370,9225,16,14.7,8.1,24/05/2021,6.6
10371,9225,2,18.9,7,25/05/2021,11.9
10372,9225,0,19.9,5.4,26/05/2021,14.5
10373,9225,0,25.3,10.6,27/05/2021,14.7
10374,9225,0,25.2,12.2,28/05/2021,13
10375,9225,11.4,20.6,15.2,29/05/2021,5.4
10376,9225,26,17.1,11,30/05/2021,6.1
10377,9225,1.4,18.2,12.3,31/05/2021,5.9
10378,9225,0,19.2,7.3,1/06/2021,11.9
10379,9225,0,20.3,5.6,2/06/2021,14.7
10380,9225,0,21.4,6,3/06/2021,15.4
10381,9225,0,21.3,5.5,4/06/2021,15.8
10382,9225,0,21.8,5.7,5/06/2021,16.1
10383,9225,0,20.6,7.4,6/06/2021,13.2
10384,9225,0.6,18.4,5.9,7/06/2021,12.5
10385,9225,0,16.6,8,8/06/2021,8.6
10386,9225,0,18.5,12.5,9/06/2021,6
10387,9225,13.6,20.3,11.7,10/06/2021,8.6
10388,9225,5.8,19.8,13.2,11/06/2021,6.6
10389,9225,0.2,21,10.5,12/06/2021,10.5
10390,9225,0,20.1,8.4,13/06/2021,11.7
10391,9225,5.6,18.3,11.2,14/06/2021,7.1
10392,9225,5.2,16.6,7.1,15/06/2021,9.5
10393,9225,1.2,18.9,7.5,16/06/2021,11.4
10394,9225,,18.3,6.4,17/06/2021,11.9
10395,9225,0,19,3.8,18/06/2021,15.2
10396,9225,0,20,4.3,19/06/2021,15.7
10397,9225,24.8,15.7,9.4,20/06/2021,6.3
10398,9225,13,14.4,8.3,21/06/2021,6.1
10399,9225,0,15.8,1.9,22/06/2021,13.9
10400,9225,0,17.2,2.8,23/06/2021,14.4
10401,9225,0,17.5,3.4,24/06/2021,14.1
10402,9225,0,18.1,2.7,25/06/2021,15.4
10403,9225,0,20.2,1.1,26/06/2021,19.1
10404,9225,0,16,8.4,27/06/2021,7.6
10405,9225,7,20.2,9.3,28/06/2021,10.9
10406,9225,16.2,17.7,12.6,29/06/2021,5.1
10407,9225,0.4,16.8,9,30/06/2021,7.8
10408,9225,1.4,19.5,10.7,1/07/2021,8.8
10409,9225,0,18.9,7.9,2/07/2021,11
10410,9225,0,20,4.4,3/07/2021,15.6
10411,9225,1.4,15.9,9.7,4/07/2021,6.2
10412,9225,44.6,16.8,8.8,5/07/2021,8
10413,9225,7.4,19.5,9.1,6/07/2021,10.4
10414,9225,23.6,17.8,11.8,7/07/2021,6
10415,9225,4.6,18.7,10.1,8/07/2021,8.6
10416,9225,4.2,19.3,11.7,9/07/2021,7.6
10417,9225,30,18,7.5,10/07/2021,10.5
10418,9225,0.6,18.3,9.8,11/07/2021,8.5
10419,9225,9.6,21.7,11.6,12/07/2021,10.1
10420,9225,13.4,18.9,13.9,13/07/2021,5
10421,9225,14,18.3,13.3,14/07/2021,5
10422,9225,2,17.9,12.8,15/07/2021,5.1
10423,9225,13.4,17.4,11.8,16/07/2021,5.6
10424,9225,2.8,18,11.8,17/07/2021,6.2
10425,9225,1.2,18.1,10.8,18/07/2021,7.3
10426,9225,5.4,17,9.1,19/07/2021,7.9
10427,9225,1.6,16.1,11.8,20/07/2021,4.3
10428,9225,29.6,18.5,12.6,21/07/2021,5.9
10429,9225,0,17.8,6.1,22/07/2021,11.7
10430,9225,1.8,19.1,10.5,23/07/2021,8.6
10431,9225,2,18.1,9.8,24/07/2021,8.3
10432,9225,0.6,20.2,11.8,25/07/2021,8.4
10433,9225,0.2,18.7,12,26/07/2021,6.7
10434,9225,30.4,16.9,13.5,27/07/2021,3.4
10435,9225,5.8,19.1,10.7,28/07/2021,8.4
10436,9225,6.4,20.6,11.8,29/07/2021,8.8
10437,9225,7,16.3,12.5,30/07/2021,3.8
10438,9225,6.4,16.2,7.9,31/07/2021,8.3
10439,9225,8.8,15.1,9.7,1/08/2021,5.4
10440,9225,2.6,15.4,3.7,2/08/2021,11.7
10441,9225,0,17.6,8.8,3/08/2021,8.8
10442,9225,0,19.3,6.3,4/08/2021,13
10443,9225,0,19.6,3.8,5/08/2021,15.8
10444,9225,0,22.4,3.6,6/08/2021,18.8
10445,9225,0,18.5,6.5,7/08/2021,12
10446,9225,3.8,19.5,11.8,8/08/2021,7.7
10447,9225,5.2,19.4,13.8,9/08/2021,5.6
10448,9225,6.4,14.4,9.7,10/08/2021,4.7
10449,9225,4.2,17.5,6.8,11/08/2021,10.7
10450,9225,1.2,18,9,12/08/2021,9
10451,9225,0,20.9,5.1,13/08/2021,15.8
10452,9225,0,20.8,4.1,14/08/2021,16.7
10453,9225,0,22.6,7.1,15/08/2021,15.5
10454,9225,0,24.9,11.1,16/08/2021,13.8
10455,9225,0.2,25.1,13.3,17/08/2021,11.8
10456,9225,1.2,20.7,11.3,18/08/2021,9.4
10457,9225,1,18.7,9.8,19/08/2021,8.9
10458,9225,11.8,,11.4,20/08/2021,-11.4
10459,9225,0.2,19,9.7,21/08/2021,9.3
10460,9225,0.8,18.4,12.1,22/08/2021,6.3
10461,9225,0,18.5,5.3,23/08/2021,13.2
10462,9225,0,21.1,7.8,24/08/2021,13.3
10463,9225,0,24.7,12.6,25/08/2021,12.1
10464,9225,0.6,19.5,12.5,26/08/2021,7
10465,9225,2.4,17.8,12.6,27/08/2021,5.2
10466,9225,0,18.7,9.4,28/08/2021,9.3
10467,9225,2.4,19.4,12.1,29/08/2021,7.3
10468,9225,2.8,19.9,13.7,30/08/2021,6.2
10469,9225,1.2,20.5,12.9,31/08/2021,7.6
10470,9225,3.4,18.9,15.6,1/09/2021,3.3
10471,9225,10.4,13.9,9.2,2/09/2021,4.7
10472,9225,4.6,17,4.7,3/09/2021,12.3
10473,9225,0.2,19.7,3.7,4/09/2021,16
10474,9225,0,21.9,4.8,5/09/2021,17.1
10475,9225,0,24.9,5.7,6/09/2021,19.2
10476,9225,0,29.7,9.1,7/09/2021,20.6
10477,9225,0,25.7,11.6,8/09/2021,14.1
10478,9225,4.8,15.2,11.7,9/09/2021,3.5
10479,9225,3.2,19.3,7.5,10/09/2021,11.8
10480,9225,3.6,19,9.9,11/09/2021,9.1
10481,9225,0,18.7,4.8,12/09/2021,13.9
10482,9225,0,20.8,4.8,13/09/2021,16
10483,9225,0,22.6,7.3,14/09/2021,15.3
10484,9225,0,20.9,7.1,15/09/2021,13.8
10485,9225,9.8,16.6,11.7,16/09/2021,4.9
10486,9225,3.8,17.9,6.3,17/09/2021,11.6
10487,9225,0,20.9,7.2,18/09/2021,13.7
10488,9225,0.8,21.1,11.8,19/09/2021,9.3
10489,9225,0,22.4,10.2,20/09/2021,12.2
10490,9225,0,26.3,12.7,21/09/2021,13.6
10491,9225,0,30.4,8.1,22/09/2021,22.3
10492,9225,0,24.1,7,23/09/2021,17.1
10493,9225,0,21.1,11.8,24/09/2021,9.3
10494,9225,0,23.4,11,25/09/2021,12.4
10495,9225,10.8,21.1,11.1,26/09/2021,10
10496,9225,1.4,20.7,10.4,27/09/2021,10.3
10497,9225,0,22.2,11.6,28/09/2021,10.6
10498,9225,0,24.4,15.1,29/09/2021,9.3
10499,9225,5.4,23.3,13.2,30/09/2021,10.1
10500,9225,8.4,19.5,14.5,1/10/2021,5
10501,9225,15.4,20,10.7,2/10/2021,9.3
10502,9225,5.6,18.9,13.4,3/10/2021,5.5
10503,9225,0,20.4,6.1,4/10/2021,14.3
10504,9225,4.2,18.4,10.8,5/10/2021,7.6
10505,9225,0,18.6,4.7,6/10/2021,13.9
10506,9225,0,20.1,5,7/10/2021,15.1
10507,9225,4.6,20.2,13.3,8/10/2021,6.9
10508,9225,0,20.1,6.7,9/10/2021,13.4
10509,9225,0,22.2,7.7,10/10/2021,14.5
10510,9225,0,20.4,12.4,11/10/2021,8
10511,9225,7.4,17.8,8.6,12/10/2021,9.2
10512,9225,0,20.9,6.3,13/10/2021,14.6
10513,9225,0,24.5,10.3,14/10/2021,14.2
10514,9225,0,33.2,13,15/10/2021,20.2
10515,9225,0,22.1,15.5,16/10/2021,6.6
10516,9225,0,22.3,13.7,17/10/2021,8.6
10517,9225,0,24.3,8.7,18/10/2021,15.6
10518,9225,11.2,20.8,14.9,19/10/2021,5.9
10519,9225,26.4,20.4,13.5,20/10/2021,6.9
10520,9225,1.6,20.4,14.6,21/10/2021,5.8
10521,9225,2.2,22.2,,22/10/2021,22.2
10522,9225,0,25.9,9.5,23/10/2021,16.4
10523,9225,0,28.6,10.6,24/10/2021,18
10524,9225,2.6,17.6,14.2,25/10/2021,3.4
10525,9225,5.4,17.9,8.4,26/10/2021,9.5
10526,9225,26.8,18.1,10.4,27/10/2021,7.7
10527,9225,1,20,6.7,28/10/2021,13.3
10528,9225,0,21.1,8.8,29/10/2021,12.3
10529,9225,0,24.9,10.6,30/10/2021,14.3
10530,9225,0,23.9,9.3,31/10/2021,14.6
10531,9225,0.8,18.9,14.4,1/11/2021,4.5
10532,9225,0,20,13.8,2/11/2021,6.2
10533,9225,0,22.6,9.8,3/11/2021,12.8
10534,9225,0,22.9,10.6,4/11/2021,12.3
10535,9225,0,22.2,14.6,5/11/2021,7.6
10536,9225,0,22.5,12.4,6/11/2021,10.1
10537,9225,0,24.7,11.9,7/11/2021,12.8
10538,9225,0,28,13.7,8/11/2021,14.3
10539,9225,40.4,20.7,13,9/11/2021,7.7
10540,9225,0,21.4,11.4,10/11/2021,10
10541,9225,0,24.8,8.5,11/11/2021,16.3
10542,9225,0,27.4,13.5,12/11/2021,13.9
10543,9225,0,30.1,12.3,13/11/2021,17.8
10544,9225,0,32.2,13.6,14/11/2021,18.6
10545,9225,0,25.6,14.6,15/11/2021,11
10546,9225,0,24.4,16.8,16/11/2021,7.6
10547,9225,,26.2,,17/11/2021,26.2
10548,9225,0,20.5,15.1,18/11/2021,5.4
10549,9225,0,23,14.6,19/11/2021,8.4
10550,9225,0,30,13.4,20/11/2021,16.6
10551,9225,0,32.1,14.8,21/11/2021,17.3
10552,9225,6.8,22,16.5,22/11/2021,5.5
10553,9225,0,24.5,10.8,23/11/2021,13.7
10554,9225,0,28.4,12.6,24/11/2021,15.8
10555,9225,0,33.1,15.9,25/11/2021,17.2
10556,9225,0,35.3,17.5,26/11/2021,17.8
10557,9225,0,37.4,18.9,27/11/2021,18.5
10558,9225,0,32.8,16.2,28/11/2021,16.6
10559,9225,0,25.2,16.8,29/11/2021,8.4
10560,9225,0,23.1,15.5,30/11/2021,7.6
10561,9225,0,24.5,13,1/12/2021,11.5
10562,9225,0,26.4,14.3,2/12/2021,12.1
10563,9225,0,31.3,15.1,3/12/2021,16.2
10564,9225,0,33.1,16.3,4/12/2021,16.8
10565,9225,0,32.3,18.9,5/12/2021,13.4
10566,9225,0,33.4,16.6,6/12/2021,16.8
10567,9225,0,35.2,15.7,7/12/2021,19.5
10568,9225,0,40,21.8,8/12/2021,18.2
10569,9225,0,35.2,26.8,9/12/2021,8.4
10570,9225,0,25,19.6,10/12/2021,5.4
10571,9225,0,25.2,18,11/12/2021,7.2
10572,9225,0,25.3,15.8,12/12/2021,9.5
10573,9225,0,27,13.8,13/12/2021,13.2
10574,9225,0,24.3,13.3,14/12/2021,11
10575,9225,0,28.3,13.5,15/12/2021,14.8
10576,9225,0,24.2,13.8,16/12/2021,10.4
10577,9225,3.2,22.7,16.7,17/12/2021,6
10578,9225,0,24.5,15.2,18/12/2021,9.3
10579,9225,0.4,26.1,11.2,19/12/2021,14.9
10580,9225,0,31.8,12.2,20/12/2021,19.6
10581,9225,0,29.9,18.2,21/12/2021,11.7
10582,9225,0,31,17.5,22/12/2021,13.5
10583,9225,0,34.9,19.4,23/12/2021,15.5
10584,9225,0,38.6,19.8,24/12/2021,18.8
10585,9225,0,42.8,20.8,25/12/2021,22
10586,9225,0,43.5,26,26/12/2021,17.5
10587,9225,0,41,25.8,27/12/2021,15.2
10588,9225,0,40.7,22.2,28/12/2021,18.5
10589,9225,0,38.6,20.2,29/12/2021,18.4
10590,9225,0,33.1,19.3,30/12/2021,13.8
10591,9225,0,32.1,20.9,31/12/2021,11.2
10592,9225,0,28,17.7,1/01/2022,10.3
10593,9225,0,32.4,17,2/01/2022,15.4
10594,9225,0,32.4,16.6,3/01/2022,15.8
10595,9225,0,36,18.6,4/01/2022,17.4
10596,9225,0,35,18.3,5/01/2022,16.7
10597,9225,0,34.6,18.5,6/01/2022,16.1
10598,9225,0,38.8,20.9,7/01/2022,17.9
10599,9225,0,31.8,21.6,8/01/2022,10.2
10600,9225,0,25,16.2,9/01/2022,8.8
10601,9225,0,29.5,15.9,10/01/2022,13.6
10602,9225,0,35.2,17.1,11/01/2022,18.1
10603,9225,0,33.3,17.9,12/01/2022,15.4
10604,9225,0,27.4,20.9,13/01/2022,6.5
10605,9225,0,29.5,18.4,14/01/2022,11.1
10606,9225,0,27.6,16.5,15/01/2022,11.1
10607,9225,0,29.4,17.3,16/01/2022,12.1
10608,9225,0,32.4,15.9,17/01/2022,16.5
10609,9225,0,40.8,21.5,18/01/2022,19.3
10610,9225,0,42.1,26.7,19/01/2022,15.4
10611,9225,0,40.5,21.4,20/01/2022,19.1
10612,9225,0,41.7,22.3,21/01/2022,19.4
10613,9225,0,41.1,22.6,22/01/2022,18.5
10614,9225,0,40.4,21.5,23/01/2022,18.9
10615,9225,0,31.5,20.4,24/01/2022,11.1
10616,9225,0,29.2,16.3,25/01/2022,12.9
10617,9225,0,28.8,17.3,26/01/2022,11.5
10618,9225,0,29.8,18.5,27/01/2022,11.3
10619,9225,0,34.9,16.3,28/01/2022,18.6
10620,9225,0,39.5,22.1,29/01/2022,17.4
10621,9225,0,34.4,20.5,30/01/2022,13.9
10622,9225,0,31.6,19,31/01/2022,12.6
10623,9225,0,30.8,16.7,1/02/2022,14.1
10624,9225,0,34.4,17.2,2/02/2022,17.2
10625,9225,0,39,23.4,3/02/2022,15.6
10626,9225,0,41.1,26,4/02/2022,15.1
10627,9225,0,42.5,18.5,5/02/2022,24
10628,9225,0,28.7,21,6/02/2022,7.7
10629,9225,0.8,24.4,17.2,7/02/2022,7.2
10630,9225,0,26.7,12.4,8/02/2022,14.3
10631,9225,0,28.8,16.7,9/02/2022,12.1
10632,9225,0,38,16.8,10/02/2022,21.2
10633,9225,0,34,19,11/02/2022,15
10634,9225,0,28.5,20,12/02/2022,8.5
10635,9225,0,34.3,18.8,13/02/2022,15.5
10636,9225,0,37.9,21.9,14/02/2022,16
10637,9225,0,37.7,21.9,15/02/2022,15.8
10638,9225,0,39.3,23.6,16/02/2022,15.7
10639,9225,0,38,19.6,17/02/2022,18.4
10640,9225,0,38.8,20.3,18/02/2022,18.5
10641,9225,0,38.8,17.9,19/02/2022,20.9
10642,9225,0,36.3,20.8,20/02/2022,15.5
10643,9225,0,33.5,18.6,21/02/2022,14.9
10644,9225,0,34.4,18.7,22/02/2022,15.7
10645,9225,0,33.6,20.5,23/02/2022,13.1
10646,9225,0,35.4,18.6,24/02/2022,16.8
10647,9225,0,31.8,18.7,25/02/2022,13.1
10648,9225,0.8,32.7,19.7,26/02/2022,13
10649,9225,0,33.4,19.2,27/02/2022,14.2
10650,9225,0,33.8,19.8,28/02/2022,14
10651,9225,0,26.6,21.6,1/03/2022,5
10652,9225,1.6,23.6,16,2/03/2022,7.6
10653,9225,1.4,25.9,10.4,3/03/2022,15.5
10654,9225,0,28.9,14.5,4/03/2022,14.4
10655,9225,0,32.8,17.5,5/03/2022,15.3
10656,9225,0,34.4,19.3,6/03/2022,15.1
10657,9225,0,34.4,20.3,7/03/2022,14.1
10658,9225,0,34,18.6,8/03/2022,15.4
10659,9225,0,35.7,20.1,9/03/2022,15.6
10660,9225,0,38.5,19.3,10/03/2022,19.2
10661,9225,0,39.1,21.6,11/03/2022,17.5
10662,9225,0,28.3,20.8,12/03/2022,7.5
10663,9225,0,28.9,22.6,13/03/2022,6.3
10664,9225,0,29,17.2,14/03/2022,11.8
10665,9225,0,27.3,20.1,15/03/2022,7.2
10666,9225,0.2,27.6,18,16/03/2022,9.6
10667,9225,0,31.7,15.8,17/03/2022,15.9
10668,9225,0,28.5,16.2,18/03/2022,12.3
10669,9225,0,30.6,19.4,19/03/2022,11.2
10670,9225,0,28.2,18.8,20/03/2022,9.4
10671,9225,0,27.8,18.8,21/03/2022,9
10672,9225,0,27.9,15.4,22/03/2022,12.5
10673,9225,0,28.3,15,23/03/2022,13.3
10674,9225,0,30.8,15.4,24/03/2022,15.4
10675,9225,0,36,19.1,25/03/2022,16.9
10676,9225,1.8,30.5,21.2,26/03/2022,9.3
10677,9225,0,24.9,20.7,27/03/2022,4.2
10678,9225,0,26.3,17.1,28/03/2022,9.2
10679,9225,0,31,19.9,29/03/2022,11.1
10680,9225,,27.3,21.2,30/03/2022,6.1
10681,9225,0,31.1,20.1,31/03/2022,11
10682,9225,0,30.6,21.2,1/04/2022,9.4
10683,9225,0,31.2,23.6,2/04/2022,7.6
10684,9225,0,31.3,22.2,3/04/2022,9.1
10685,9225,,24.5,19.9,4/04/2022,4.6
10686,9225,0,25.8,13.1,5/04/2022,12.7
10687,9225,0,28.7,14.1,6/04/2022,14.6
10688,9225,0,32.5,14.1,7/04/2022,18.4
10689,9225,0,26.6,18.4,8/04/2022,8.2
10690,9225,7.6,22.5,13.7,9/04/2022,8.8
10691,9225,0,23.6,13.3,10/04/2022,10.3
10692,9225,38,21.7,12.6,11/04/2022,9.1
10693,9225,1.8,25.1,12,12/04/2022,13.1
10694,9225,0,24.5,10.9,13/04/2022,13.6
10695,9225,0,,13.9,14/04/2022,-13.9
10696,9225,,29.2,14,15/04/2022,15.2
10697,9225,0,25.5,12.9,16/04/2022,12.6
10698,9225,0,22.3,13.5,17/04/2022,8.8
10699,9225,0,23.5,7.9,18/04/2022,15.6
10700,9225,0,25.4,9.9,19/04/2022,15.5
10701,9225,0,24.8,11.7,20/04/2022,13.1
10702,9225,0,27.5,14.4,21/04/2022,13.1
10703,9225,0,26.1,14,22/04/2022,12.1
10704,9225,0,26.5,13.9,23/04/2022,12.6
10705,9225,0,28.6,12.9,24/04/2022,15.7
10706,9225,0,30.9,16.9,25/04/2022,14
10707,9225,15,21.9,14.7,26/04/2022,7.2
10708,9225,3.8,21.2,13.2,27/04/2022,8
10709,9225,6.8,20.9,11.2,28/04/2022,9.7
10710,9225,3.2,22.5,7.4,29/04/2022,15.1
10711,9225,0,24.9,8.1,30/04/2022,16.8
10712,9225,0,26,9.4,1/05/2022,16.6
10713,9225,0,23.5,9.1,2/05/2022,14.4
10714,9225,0,22.6,12.9,3/05/2022,9.7
10715,9225,0,20.3,11.5,4/05/2022,8.8
10716,9225,0,21.7,10.3,5/05/2022,11.4
10717,9225,0,23.4,9,6/05/2022,14.4
10718,9225,0,26.4,6.1,7/05/2022,20.3
10719,9225,0,26.5,8.6,8/05/2022,17.9
10720,9225,0,25.8,9.6,9/05/2022,16.2
10721,9225,0,23.5,10.8,10/05/2022,12.7
10722,9225,0,22.2,10.8,11/05/2022,11.4
10723,9225,10.6,14.4,12.1,12/05/2022,2.3
10724,9225,5.8,18.7,9.7,13/05/2022,9
10725,9225,0.6,21,12.8,14/05/2022,8.2
10726,9225,2,19.5,12.6,15/05/2022,6.9
10727,9225,0,21.8,8,16/05/2022,13.8
10728,9225,0,25.7,8.3,17/05/2022,17.4
10729,9225,3.8,21.9,14.3,18/05/2022,7.6
10730,9225,2.2,23,11.3,19/05/2022,11.7
10731,9225,0.4,22.3,15,20/05/2022,7.3
10732,9225,0.2,25.8,13.9,21/05/2022,11.9
10733,9225,0,24.2,10.4,22/05/2022,13.8
10734,9225,30.4,19.9,13.4,23/05/2022,6.5
10735,9225,29.8,22.1,13,24/05/2022,9.1
10736,9225,1.6,21.9,9.4,25/05/2022,12.5
10737,9225,0,22.6,9.3,26/05/2022,13.3
10738,9225,0,24.9,11.9,27/05/2022,13
10739,9225,0,22.9,11.5,28/05/2022,11.4
10740,9225,0,17.7,5.4,29/05/2022,12.3
10741,9225,0,18.7,4.5,30/05/2022,14.2
10742,9225,0,18.2,5.7,31/05/2022,12.5
10743,9225,0,19.7,5.5,1/06/2022,14.2
10744,9225,0,20,6.5,2/06/2022,13.5
10745,9225,0.8,18.1,5.5,3/06/2022,12.6
10746,9225,0,17.8,3.1,4/06/2022,14.7
10747,9225,0,18.1,3.3,5/06/2022,14.8
10748,9225,0,18.1,7.1,6/06/2022,11
10749,9225,0,18.7,8.6,7/06/2022,10.1
10750,9225,0,19.3,13,8/06/2022,6.3
10751,9225,8,20.9,11.7,9/06/2022,9.2
10752,9225,7.4,22.4,11.7,10/06/2022,10.7
10753,9225,7.6,21.6,16,11/06/2022,5.6
10754,9225,2.2,19.7,14.9,12/06/2022,4.8
10755,9225,13.4,19.4,13.1,13/06/2022,6.3
10756,9225,1,20.6,11.4,14/06/2022,9.2
10757,9225,1,21.5,13.1,15/06/2022,8.4
10758,9225,0.2,23.4,10.2,16/06/2022,13.2
10759,9225,0,21.5,13.1,17/06/2022,8.4
10760,9225,10.6,18.2,13.5,18/06/2022,4.7
10761,9225,4.2,18.5,13.6,19/06/2022,4.9
10762,9225,1.4,19.9,11.7,20/06/2022,8.2
10763,9225,1.2,22,13.8,21/06/2022,8.2
10764,9225,0.2,21.1,9.6,22/06/2022,11.5
10765,9225,0.6,20,11.6,23/06/2022,8.4
10766,9225,0.8,19.2,8.6,24/06/2022,10.6
10767,9225,0.2,19.4,7.5,25/06/2022,11.9
10768,9225,0,22.7,5.3,26/06/2022,17.4
10769,9225,0,22.8,8.8,27/06/2022,14
10770,9225,0,18,6.4,28/06/2022,11.6
10771,9225,0,17,4.5,29/06/2022,12.5
10772,9225,0,18.5,6.7,30/06/2022,11.8
10773,9225,0,19.5,5.3,1/07/2022,14.2
10774,9225,0,19.2,4.3,2/07/2022,14.9
10775,9225,0,19.2,2.5,3/07/2022,16.7
10776,9225,0,19.9,2.6,4/07/2022,17.3
10777,9225,0.2,14.8,7.5,5/07/2022,7.3
10778,9225,6.2,18.9,5.4,6/07/2022,13.5
10779,9225,0,17.5,6.3,7/07/2022,11.2
10780,9225,0,23.6,9.1,8/07/2022,14.5
10781,9225,0,22.3,15,9/07/2022,7.3
10782,9225,25.2,17.4,12.8,10/07/2022,4.6
10783,9225,2.6,18.8,5.7,11/07/2022,13.1
10784,9225,0,20.6,3.8,12/07/2022,16.8
10785,9225,0,21.9,3.1,13/07/2022,18.8
10786,9225,0,19.2,10.8,14/07/2022,8.4
10787,9225,24,19.8,12.7,15/07/2022,7.1
10788,9225,0,20.1,8.6,16/07/2022,11.5
10789,9225,0,14.2,11.9,17/07/2022,2.3
10790,9225,9.6,19.4,10.8,18/07/2022,8.6
10791,9225,0,18.1,7.2,19/07/2022,10.9
10792,9225,0.2,21.4,11.2,20/07/2022,10.2
10793,9225,13.6,18.5,12.7,21/07/2022,5.8
10794,9225,4.8,18.8,10,22/07/2022,8.8
10795,9225,15.6,17.1,11.9,23/07/2022,5.2
10796,9225,22.2,16.7,7,24/07/2022,9.7
10797,9225,0,18.6,8.7,25/07/2022,9.9
10798,9225,0,18.8,10.5,26/07/2022,8.3
10799,9225,7.6,20.9,11.4,27/07/2022,9.5
10800,9225,0,22,7.5,28/07/2022,14.5
10801,9225,13.2,19.1,14.2,29/07/2022,4.9
10802,9225,8.8,16.1,10.9,30/07/2022,5.2
10803,9225,3.2,17.8,8,31/07/2022,9.8
10804,9225,11.2,20.2,9.4,1/08/2022,10.8
10805,9225,16.2,17.3,10.2,2/08/2022,7.1
10806,9225,10.2,17.3,10.2,3/08/2022,7.1
10807,9225,25.8,16,10.6,4/08/2022,5.4
10808,9225,1.2,14.8,4.7,5/08/2022,10.1
10809,9225,4,18.2,8.8,6/08/2022,9.4
10810,9225,15.6,18.2,12,7/08/2022,6.2
10811,9225,0.2,15.9,10,8/08/2022,5.9
10812,9225,25.8,12.4,7.6,9/08/2022,4.8
10813,9225,11,16.7,5.5,10/08/2022,11.2
10814,9225,0,19.6,3.7,11/08/2022,15.9
10815,9225,0,20.8,6.3,12/08/2022,14.5
10816,9225,0,17.9,11,13/08/2022,6.9
10817,9225,14.6,18.9,6.8,14/08/2022,12.1
10818,9225,0,23.2,9.9,15/08/2022,13.3
10819,9225,12.4,19.2,15.2,16/08/2022,4
10820,9225,9.6,17.4,10.3,17/08/2022,7.1
10821,9225,9.2,18.3,3.2,18/08/2022,15.1
10822,9225,0,19.7,9.1,19/08/2022,10.6
10823,9225,0,20.3,5.8,20/08/2022,14.5
10824,9225,0,20.1,6.1,21/08/2022,14
10825,9225,0,18.2,9.3,22/08/2022,8.9
10826,9225,0,17.9,8,23/08/2022,9.9
10827,9225,0,18.7,8,24/08/2022,10.7
10828,9225,0,23.2,8.6,25/08/2022,14.6
10829,9225,0,20.6,5.8,26/08/2022,14.8
10830,9225,3.2,18.5,9.8,27/08/2022,8.7
10831,9225,4.2,16.6,7.4,28/08/2022,9.2
10832,9225,0,18.6,4,29/08/2022,14.6
10833,9225,0,20,5.2,30/08/2022,14.8
10834,9225,0,21,5.1,31/08/2022,15.9
10835,9225,0,22.4,10.4,1/09/2022,12
10836,9225,0,20.7,12.6,2/09/2022,8.1
10837,9225,7.6,16.1,11.7,3/09/2022,4.4
10838,9225,0.4,20.4,13,4/09/2022,7.4
10839,9225,10.4,18.5,12.6,5/09/2022,5.9
10840,9225,21,17.9,9.4,6/09/2022,8.5
10841,9225,2.2,19.2,6.3,7/09/2022,12.9
10842,9225,0.6,18.8,7.8,8/09/2022,11
10843,9225,0,21.8,8.4,9/09/2022,13.4
10844,9225,0,22.3,7.6,10/09/2022,14.7
10845,9225,0,24.7,6.7,11/09/2022,18
10846,9225,0,23.5,9.8,12/09/2022,13.7
10847,9225,11,19.2,12.4,13/09/2022,6.8
10848,9225,6,18.7,12.9,14/09/2022,5.8
10849,9225,1.4,18.9,11.3,15/09/2022,7.6
10850,9225,0.4,20.2,10.6,16/09/2022,9.6
10851,9225,0,20.4,7.6,17/09/2022,12.8
10852,9225,0,21.3,11.5,18/09/2022,9.8
10853,9225,6.6,17.8,11.2,19/09/2022,6.6
10854,9225,4.6,20.1,10.5,20/09/2022,9.6
10855,9225,0.2,21.1,9.5,21/09/2022,11.6
10856,9225,1.6,19.2,9.4,22/09/2022,9.8
10857,9225,0,20.1,5,23/09/2022,15.1
10858,9225,3,18.3,10.7,24/09/2022,7.6
10859,9225,0,19.6,4.5,25/09/2022,15.1
10860,9225,0,22.5,6.9,26/09/2022,15.6
10861,9225,0,25.4,7.9,27/09/2022,17.5
10862,9225,0,27.8,9.5,28/09/2022,18.3
10863,9225,0,28.9,13.9,29/09/2022,15
10864,9225,0,28.2,15,30/09/2022,13.2
10865,9225,0,26.7,13.7,1/10/2022,13
10866,9225,0,22.6,12.5,2/10/2022,10.1
10867,9225,0,21.7,11.5,3/10/2022,10.2
10868,9225,0,26,10.4,4/10/2022,15.6
10869,9225,6.4,19.2,14.8,5/10/2022,4.4
10870,9225,0.2,19.4,7.8,6/10/2022,11.6
10871,9225,0,20.7,8.4,7/10/2022,12.3
10872,9225,0,24.6,5.6,8/10/2022,19
10873,9225,0,21.7,7.6,9/10/2022,14.1
10874,9225,2.2,18.5,12.3,10/10/2022,6.2
10875,9225,0.6,19.4,5.5,11/10/2022,13.9
10876,9225,0,19.4,5.9,12/10/2022,13.5
10877,9225,0,20,4.8,13/10/2022,15.2
10878,9225,0,21.1,5.6,14/10/2022,15.5
10879,9225,0,22.7,6.7,15/10/2022,16
10880,9225,0,21,7,16/10/2022,14
10881,9225,0.8,21.4,10.6,17/10/2022,10.8
10882,9225,0.2,25.4,11.3,18/10/2022,14.1
10883,9225,0,32,10.6,19/10/2022,21.4
10884,9225,0,23.8,15,20/10/2022,8.8
10885,9225,4.2,21.6,14.2,21/10/2022,7.4
10886,9225,1.6,23.4,13.8,22/10/2022,9.6
10887,9225,0,21.2,12.2,23/10/2022,9
10888,9225,9.4,21.7,13.4,24/10/2022,8.3
10889,9225,0,21.5,13.2,25/10/2022,8.3
10890,9225,0,22.7,8.6,26/10/2022,14.1
10891,9225,0,23.7,11.4,27/10/2022,12.3
10892,9225,0,26.5,13,28/10/2022,13.5
10893,9225,0,17.9,13.6,29/10/2022,4.3
10894,9225,0.8,18,9.4,30/10/2022,8.6
10895,9225,0,20.4,5.5,31/10/2022,14.9
10896,9225,0,21.1,6.8,1/11/2022,14.3
10897,9225,0,26.2,14,2/11/2022,12.2
10898,9225,0,33.8,15.9,3/11/2022,17.9
10899,9225,0,23.3,15.9,4/11/2022,7.4
10900,9225,0,24.8,11.5,5/11/2022,13.3
10901,9225,0.6,27.3,13.6,6/11/2022,13.7
10902,9225,0,22.5,12.2,7/11/2022,10.3
10903,9225,0,24.6,15,8/11/2022,9.6
10904,9225,0,23.6,14.7,9/11/2022,8.9
10905,9225,0,22.3,10.3,10/11/2022,12
10906,9225,4.8,20.2,11.5,11/11/2022,8.7
10907,9225,0,20.3,6.5,12/11/2022,13.8
10908,9225,0,22.7,11.2,13/11/2022,11.5
10909,9225,0,25.8,11.6,14/11/2022,14.2
10910,9225,0,29.3,12.7,15/11/2022,16.6
10911,9225,0,29.5,11.3,16/11/2022,18.2
10912,9225,1.4,20.4,12.9,17/11/2022,7.5
10913,9225,23.2,16.9,11,18/11/2022,5.9
10914,9225,3.4,20.3,9.1,19/11/2022,11.2
10915,9225,0,23.5,9.2,20/11/2022,14.3
10916,9225,0,29,12.9,21/11/2022,16.1
10917,9225,0,34.8,15.9,22/11/2022,18.9
10918,9225,1.4,24.8,,23/11/2022,24.8
10919,9225,0,24.5,17.9,24/11/2022,6.6
10920,9225,0,24,12.4,25/11/2022,11.6
10921,9225,0,25.3,10.7,26/11/2022,14.6
10922,9225,0,25.9,13.5,27/11/2022,12.4
10923,9225,0,30.1,13.7,28/11/2022,16.4
10924,9225,0,37.4,15.9,29/11/2022,21.5
10925,9225,0,30,24,30/11/2022,6
10926,9225,0,23.2,19.6,1/12/2022,3.6
10927,9225,0,23.7,15.3,2/12/2022,8.4
10928,9225,0,27.4,15.6,3/12/2022,11.8
10929,9225,0,30.2,17.1,4/12/2022,13.1
10930,9225,0,28.3,15.5,5/12/2022,12.8
10931,9225,0,26.3,17.1,6/12/2022,9.2
10932,9225,0,31.7,14.6,7/12/2022,17.1
10933,9225,0,25.8,19,8/12/2022,6.8
10934,9225,0,24.1,16.9,9/12/2022,7.2
10935,9225,0,25.4,13,10/12/2022,12.4
10936,9225,0,27.8,14.4,11/12/2022,13.4
10937,9225,0,29.5,14,12/12/2022,15.5
10938,9225,0,22.9,14.9,13/12/2022,8
10939,9225,1,30.7,14.4,14/12/2022,16.3
10940,9225,0,31.1,17.2,15/12/2022,13.9
10941,9225,0,30.6,15.9,16/12/2022,14.7
10942,9225,0,31,16.2,17/12/2022,14.8
10943,9225,0,33.1,18.5,18/12/2022,14.6
10944,9225,0,36.3,19.8,19/12/2022,16.5
10945,9225,0,37,21,20/12/2022,16
10946,9225,,34.1,19.4,21/12/2022,14.7
10947,9225,,36.2,19.3,22/12/2022,16.9
10948,9225,0,36.8,20.4,23/12/2022,16.4
10949,9225,0,31.8,18.2,24/12/2022,13.6
10950,9225,0,29.6,17.4,25/12/2022,12.2
10951,9225,0,25.8,17.3,26/12/2022,8.5
10952,9225,0,25.4,15,27/12/2022,10.4
10953,9225,0,30.8,14.4,28/12/2022,16.4
10954,9225,0,34.8,16.1,29/12/2022,18.7
10955,9225,0,31.7,14.9,30/12/2022,16.8
10956,9225,0,26.3,17.3,31/12/2022,9
10957,9225,0,27.4,16,1/01/2023,11.4
10958,9225,0,33.4,15.5,2/01/2023,17.9
10959,9225,0,34.6,17.2,3/01/2023,17.4
10960,9225,0,35.5,17.1,4/01/2023,18.4
10961,9225,0,37.6,19.5,5/01/2023,18.1
10962,9225,0,32.2,22.1,6/01/2023,10.1
10963,9225,0,25.9,13.7,7/01/2023,12.2
10964,9225,0,28.7,15,8/01/2023,13.7
10965,9225,0,37.5,17.6,9/01/2023,19.9
10966,9225,0.4,34.8,22.9,10/01/2023,11.9
10967,9225,0,26.1,19.4,11/01/2023,6.7
10968,9225,0,30.9,15.5,12/01/2023,15.4
10969,9225,0,27.1,18.4,13/01/2023,8.7
10970,9225,0,31.6,14.8,14/01/2023,16.8
10971,9225,0,31.3,16.1,15/01/2023,15.2
10972,9225,0,25.1,16.7,16/01/2023,8.4
10973,9225,0,29.1,14.1,17/01/2023,15
10974,9225,0,32.2,15.2,18/01/2023,17
10975,9225,0,34.9,17.2,19/01/2023,17.7
10976,9225,0,37.6,20.4,20/01/2023,17.2
10977,9225,0,39.5,23.3,21/01/2023,16.2
10978,9225,0,32.2,22.7,22/01/2023,9.5
10979,9225,0,34.4,19.4,23/01/2023,15
10980,9225,0,32.4,17.7,24/01/2023,14.7
10981,9225,0,31.9,18.8,25/01/2023,13.1
10982,9225,0,32.4,17.9,26/01/2023,14.5
10983,9225,0,27.2,17.3,27/01/2023,9.9
10984,9225,0,31.3,16.5,28/01/2023,14.8
10985,9225,0,38.4,18.1,29/01/2023,20.3
10986,9225,0,38.1,23.5,30/01/2023,14.6
10987,9225,0,34.4,22,31/01/2023,12.4
10988,9225,0,32.8,18.4,1/02/2023,14.4
10989,9225,0,34.3,16.2,2/02/2023,18.1
10990,9225,0,35.3,18,3/02/2023,17.3
10991,9225,0,39,22.4,4/02/2023,16.6
10992,9225,0,33.3,22.4,5/02/2023,10.9
10993,9225,0,26.9,20.5,6/02/2023,6.4
10994,9225,0,28.4,17.8,7/02/2023,10.6
10995,9225,0,30.6,17.2,8/02/2023,13.4
10996,9225,0,31.6,17.6,9/02/2023,14
10997,9225,0,28.8,16.6,10/02/2023,12.2
10998,9225,0,28.4,15.9,11/02/2023,12.5
10999,9225,0,33,16.4,12/02/2023,16.6
11000,9225,0,36.6,18.5,13/02/2023,18.1
11001,9225,0,25.8,19.6,14/02/2023,6.2
11002,9225,0,26.9,16.6,15/02/2023,10.3
11003,9225,0,26.9,13.8,16/02/2023,13.1
11004,9225,0,28.8,15.8,17/02/2023,13
11005,9225,0,35.7,18.5,18/02/2023,17.2
11006,9225,0,34.9,20.2,19/02/2023,14.7
11007,9225,0,37.6,19.6,20/02/2023,18
11008,9225,0,32.8,20.8,21/02/2023,12
11009,9225,0,28.8,18.9,22/02/2023,9.9
11010,9225,0,25.9,17.5,23/02/2023,8.4
11011,9225,0,30,13.7,24/02/2023,16.3
11012,9225,0,33.5,17,25/02/2023,16.5
11013,9225,0,35.6,19.1,26/02/2023,16.5
11014,9225,0,37,21.2,27/02/2023,15.8
11015,9225,0,36.7,20.8,28/02/2023,15.9
11016,9225,0,36.7,19.1,1/03/2023,17.6
11017,9225,0,36.9,23.9,2/03/2023,13
11018,9225,1.2,30.8,18.5,3/03/2023,12.3
11019,9225,0,27.1,17.7,4/03/2023,9.4
11020,9225,0,26.3,15.1,5/03/2023,11.2
11021,9225,0,27.2,15.9,6/03/2023,11.3
11022,9225,0,31.7,15.7,7/03/2023,16
11023,9225,0,32.8,16.1,8/03/2023,16.7
11024,9225,0,27.3,17.9,9/03/2023,9.4
11025,9225,0,28.5,16,10/03/2023,12.5
11026,9225,0,32.4,16.8,11/03/2023,15.6
11027,9225,0,33.2,14.5,12/03/2023,18.7
11028,9225,0,28.4,16.2,13/03/2023,12.2
11029,9225,0,29.9,16.3,14/03/2023,13.6
11030,9225,0,31,14.5,15/03/2023,16.5
11031,9225,0,27.7,15.1,16/03/2023,12.6
11032,9225,0.4,26.1,14.6,17/03/2023,11.5
11033,9225,0,26.4,14.2,18/03/2023,12.2
11034,9225,0,32.6,16.6,19/03/2023,16
11035,9225,0,36.5,20.5,20/03/2023,16
11036,9225,0,33.4,23.2,21/03/2023,10.2
11037,9225,0,31.3,18.5,22/03/2023,12.8
11038,9225,0,29.2,18.2,23/03/2023,11
11039,9225,0,24.4,16.4,24/03/2023,8
11040,9225,1.2,30.8,16.8,25/03/2023,14
11041,9225,0.2,27,18.5,26/03/2023,8.5
11042,9225,0,26.4,16.1,27/03/2023,10.3
11043,9225,0,27.5,15.3,28/03/2023,12.2
11044,9225,0,30.1,16.1,29/03/2023,14
11045,9225,0,31.3,19.8,30/03/2023,11.5
11046,9225,38.8,21.9,16.3,31/03/2023,5.6
11047,9225,0,25.4,17.5,1/04/2023,7.9
11048,9225,0,27.1,15.2,2/04/2023,11.9
11049,9225,0,27.7,14.6,3/04/2023,13.1
11050,9225,0,24.7,16,4/04/2023,8.7
11051,9225,0,23.6,9.9,5/04/2023,13.7
11052,9225,0,25.8,11.6,6/04/2023,14.2
11053,9225,0,23.9,15.5,7/04/2023,8.4
11054,9225,1,20,14,8/04/2023,6
11055,9225,0,23.8,16.3,9/04/2023,7.5
11056,9225,0,24.7,11.7,10/04/2023,13
11057,9225,7.4,23.5,15.7,11/04/2023,7.8
11058,9225,3,23.7,14.8,12/04/2023,8.9
11059,9225,0,24.5,14.2,13/04/2023,10.3
11060,9225,12.4,19.4,10.7,14/04/2023,8.7
11061,9225,1.8,20.4,9,15/04/2023,11.4
11062,9225,4.6,23.1,13.5,16/04/2023,9.6
11063,9225,0,24.2,11.3,17/04/2023,12.9
11064,9225,0,23.5,12.3,18/04/2023,11.2
11065,9225,0,24.8,11.7,19/04/2023,13.1
11066,9225,0,25.5,10.4,20/04/2023,15.1
11067,9225,0,28.4,8.6,21/04/2023,19.8
11068,9225,0,30.3,9.5,22/04/2023,20.8
11069,9225,0,29.9,9,23/04/2023,20.9
11070,9225,3,18.7,15.1,24/04/2023,3.6
11071,9225,3,19.2,8.1,25/04/2023,11.1
11072,9225,8.8,22,13.3,26/04/2023,8.7
11073,9225,0.2,20.5,14.4,27/04/2023,6.1
11074,9225,0.2,20.2,6.6,28/04/2023,13.6
11075,9225,0,20.8,5.1,29/04/2023,15.7
11076,9225,0,23,7.3,30/04/2023,15.7
11077,9225,0,23.5,7.6,1/05/2023,15.9
11078,9225,0,25.3,9.7,2/05/2023,15.6
11079,9225,0,28.8,10.9,3/05/2023,17.9
11080,9225,0,25.7,9.4,4/05/2023,16.3
11081,9225,0,20.4,14.3,5/05/2023,6.1
11082,9225,2,16.9,11.5,6/05/2023,5.4
11083,9225,4.2,20.1,11.6,7/05/2023,8.5
11084,9225,0.2,24.5,15.4,8/05/2023,9.1
11085,9225,0,26.3,16.4,9/05/2023,9.9
11086,9225,2.4,20.2,15.5,10/05/2023,4.7
11087,9225,2.4,19.7,11.1,11/05/2023,8.6
11088,9225,0,23.3,5.4,12/05/2023,17.9
11089,9225,8.4,20.6,10.5,13/05/2023,10.1
11090,9225,0.2,19.9,6.9,14/05/2023,13
11091,9225,0,21.1,8.7,15/05/2023,12.4
11092,9225,0,24,6.6,16/05/2023,17.4
11093,9225,0,26.1,10.9,17/05/2023,15.2
11094,9225,0,26.7,13.1,18/05/2023,13.6
11095,9225,0,25.9,10.7,19/05/2023,15.2
11096,9225,0,23.4,12,20/05/2023,11.4
11097,9225,0,21.6,9,21/05/2023,12.6
11098,9225,0,21.3,9.4,22/05/2023,11.9
11099,9225,0,24.3,9.8,23/05/2023,14.5
11100,9225,6.6,19.6,14.5,24/05/2023,5.1
11101,9225,0,18.6,5.7,25/05/2023,12.9
11102,9225,0,18.7,6.4,26/05/2023,12.3
11103,9225,0,19.9,2.7,27/05/2023,17.2
11104,9225,0,20.8,3.8,28/05/2023,17
11105,9225,0,22.1,8.7,29/05/2023,13.4
11106,9225,0,23.9,13.1,30/05/2023,10.8
11107,9225,0,21.4,13.4,31/05/2023,8
11108,9225,10.2,19,10.7,1/06/2023,8.3
11109,9225,0,18.3,5.9,2/06/2023,12.4
11110,9225,0,18.8,4.1,3/06/2023,14.7
11111,9225,0,21.1,6.6,4/06/2023,14.5
11112,9225,71.2,14.4,12.1,5/06/2023,2.3
11113,9225,23.8,14.4,6.5,6/06/2023,7.9
11114,9225,26.6,15.8,7.8,7/06/2023,8
11115,9225,0.4,17.4,9.5,8/06/2023,7.9
11116,9225,8.6,20,12.6,9/06/2023,7.4
11117,9225,19,19.3,11.8,10/06/2023,7.5
11118,9225,12.6,18,13.1,11/06/2023,4.9
11119,9225,0.2,17.5,8.8,12/06/2023,8.7
11120,9225,1.4,20.2,9.3,13/06/2023,10.9
11121,9225,12.6,18.3,12.1,14/06/2023,6.2
11122,9225,0.6,20,12,15/06/2023,8
11123,9225,2.2,19.5,15.2,16/06/2023,4.3
11124,9225,3.6,16,6.2,17/06/2023,9.8
11125,9225,0,17.2,5.5,18/06/2023,11.7
11126,9225,0,18.5,3.8,19/06/2023,14.7
11127,9225,8.2,16.3,6.3,20/06/2023,10
11128,9225,13.2,15.6,9.3,21/06/2023,6.3
11129,9225,0.2,18,5.8,22/06/2023,12.2
11130,9225,8,15.2,9,23/06/2023,6.2
11131,9225,4,15.9,8.7,24/06/2023,7.2
11132,9225,2,15.7,10.1,25/06/2023,5.6
11133,9225,0,14.6,4,26/06/2023,10.6
11134,9225,0,16.2,0.7,27/06/2023,15.5
11135,9225,0,18.1,4,28/06/2023,14.1
11136,9225,0.2,16.9,2.8,29/06/2023,14.1
11137,9225,0,16.8,2.6,30/06/2023,14.2
11138,9225,0,17.7,1.3,1/07/2023,16.4
11139,9225,0,19.4,3.1,2/07/2023,16.3
11140,9225,0.2,18.5,7.7,3/07/2023,10.8
11141,9225,16,17.3,11,4/07/2023,6.3
11142,9225,6.4,16.3,10.8,5/07/2023,5.5
11143,9225,3.6,17.9,9.8,6/07/2023,8.1
11144,9225,0.2,19.3,11.5,7/07/2023,7.8
11145,9225,2.8,18.6,11.2,8/07/2023,7.4
11146,9225,0.8,20.3,12.3,9/07/2023,8
11147,9225,0.6,18.7,12.8,10/07/2023,5.9
11148,9225,0,19.9,10.1,11/07/2023,9.8
11149,9225,0.2,20.9,12.5,12/07/2023,8.4
11150,9225,3.8,19.5,15.2,13/07/2023,4.3
11151,9225,2.6,16.8,11.4,14/07/2023,5.4
11152,9225,1,16.4,2.8,15/07/2023,13.6
11153,9225,0,19,1.9,16/07/2023,17.1
11154,9225,0,20.7,6.8,17/07/2023,13.9
11155,9225,0,19.4,7.6,18/07/2023,11.8
11156,9225,21.8,15.7,10.9,19/07/2023,4.8
11157,9225,1,17,7.6,20/07/2023,9.4
11158,9225,6.8,18.9,9.9,21/07/2023,9
11159,9225,2,19.1,6.5,22/07/2023,12.6
11160,9225,0,20.8,4.4,23/07/2023,16.4
11161,9225,0,21.6,6.6,24/07/2023,15
11162,9225,0,16.9,9.2,25/07/2023,7.7
11163,9225,24.6,15.9,10.2,26/07/2023,5.7
11164,9225,14.2,16.6,10.7,27/07/2023,5.9
11165,9225,0.4,19.3,11,28/07/2023,8.3
11166,9225,10.4,19.6,13.2,29/07/2023,6.4
11167,9225,0.8,18.3,12.3,30/07/2023,6
11168,9225,0.4,20.4,7.9,31/07/2023,12.5
11169,9225,0,25,6.6,1/08/2023,18.4
11170,9225,0.2,20.2,13.4,2/08/2023,6.8
11171,9225,3.2,15.1,6.5,3/08/2023,8.6
11172,9225,0,16.8,3.7,4/08/2023,13.1
11173,9225,0,19.3,3.9,5/08/2023,15.4
11174,9225,0,22.1,4.5,6/08/2023,17.6
11175,9225,0,22,10.4,7/08/2023,11.6
11176,9225,0.2,22.1,15.4,8/08/2023,6.7
11177,9225,2,18.9,7.4,9/08/2023,11.5
11178,9225,0,14.5,8.2,10/08/2023,6.3
11179,9225,5.4,19.2,10.1,11/08/2023,9.1
11180,9225,0,16.6,5.6,12/08/2023,11
11181,9225,0,19.5,9.9,13/08/2023,9.6
11182,9225,0.2,20.4,7.6,14/08/2023,12.8
11183,9225,22.8,19,10.7,15/08/2023,8.3
11184,9225,38,16.1,10,16/08/2023,6.1
11185,9225,0.4,18.3,7.8,17/08/2023,10.5
11186,9225,0,19.7,5.6,18/08/2023,14.1
11187,9225,0,20.7,6,19/08/2023,14.7
11188,9225,0,19.9,7,20/08/2023,12.9
11189,9225,2.2,18.9,9.5,21/08/2023,9.4
11190,9225,0,17.6,6.6,22/08/2023,11
11191,9225,0,19.3,7.6,23/08/2023,11.7
11192,9225,0,21.9,6,24/08/2023,15.9
11193,9225,0,25,7.2,25/08/2023,17.8
11194,9225,0,24.3,9.5,26/08/2023,14.8
11195,9225,0,23.7,10.3,27/08/2023,13.4
11196,9225,0,22.6,11.6,28/08/2023,11
11197,9225,0.4,21.2,11.3,29/08/2023,9.9
11198,9225,0,22.7,8,30/08/2023,14.7
11199,9225,0,29.7,11,31/08/2023,18.7
11200,9225,0,23.6,12.8,1/09/2023,10.8
11201,9225,6.4,20,12.7,2/09/2023,7.3
11202,9225,9,17.1,11,3/09/2023,6.1
11203,9225,1,19.5,11.5,4/09/2023,8
11204,9225,2,20.3,12.4,5/09/2023,7.9
11205,9225,4,18,13.7,6/09/2023,4.3
11206,9225,0,19.3,5.2,7/09/2023,14.1
11207,9225,0,25.1,7.7,8/09/2023,17.4
11208,9225,0,22.8,13.9,9/09/2023,8.9
11209,9225,0.2,22.5,13.3,10/09/2023,9.2
11210,9225,0,24,11.7,11/09/2023,12.3
11211,9225,0,24.4,13.6,12/09/2023,10.8
11212,9225,0.2,18.1,14.3,13/09/2023,3.8
11213,9225,18,20.3,11.7,14/09/2023,8.6
11214,9225,3,20.7,15.3,15/09/2023,5.4
11215,9225,0.2,22.4,14.8,16/09/2023,7.6
11216,9225,0.8,19.3,10.1,17/09/2023,9.2
11217,9225,0,19.7,7.3,18/09/2023,12.4
11218,9225,0,20.3,14.2,19/09/2023,6.1
11219,9225,0,20.8,14.4,20/09/2023,6.4
11220,9225,0,24.9,9.7,21/09/2023,15.2
11221,9225,0,30.5,13.4,22/09/2023,17.1
11222,9225,0,19.1,16.3,23/09/2023,2.8
11223,9225,0,22.7,9.9,24/09/2023,12.8
11224,9225,0,21,9.6,25/09/2023,11.4
11225,9225,0,25.2,7.5,26/09/2023,17.7
11226,9225,0,34.3,10.2,27/09/2023,24.1
11227,9225,0,29.8,16.7,28/09/2023,13.1
11228,9225,0,21.9,12.6,29/09/2023,9.3
11229,9225,0,22.1,14.3,30/09/2023,7.8
11230,9225,0.2,21.4,12.1,1/10/2023,9.3
11231,9225,6.2,17.6,13.4,2/10/2023,4.2
11232,9225,1.8,19.1,12.7,3/10/2023,6.4
11233,9225,0,22.5,7.2,4/10/2023,15.3
11234,9225,0,28.5,9.6,5/10/2023,18.9
11235,9225,0,34.1,13.8,6/10/2023,20.3
11236,9225,0,34.8,16.8,7/10/2023,18
11237,9225,0,23.5,15.4,8/10/2023,8.1
11238,9225,0,26.2,14,9/10/2023,12.2
11239,9225,0,21.5,14.5,10/10/2023,7
11240,9225,0,20.3,10.4,11/10/2023,9.9
11241,9225,0,26.3,12.1,12/10/2023,14.2
11242,9225,0,30.6,12.5,13/10/2023,18.1
11243,9225,0,31.9,14.5,14/10/2023,17.4
11244,9225,0,32.7,15.9,15/10/2023,16.8
11245,9225,0,36.5,20,16/10/2023,16.5
11246,9225,0,31.4,15.3,17/10/2023,16.1
11247,9225,0,24.7,13.4,18/10/2023,11.3
11248,9225,0,25.8,13.5,19/10/2023,12.3
11249,9225,0,26.5,12.3,20/10/2023,14.2
11250,9225,0,29.6,16.9,21/10/2023,12.7
11251,9225,0,23.5,15.8,22/10/2023,7.7
11252,9225,0,21.3,12.2,23/10/2023,9.1
11253,9225,0,26.3,11.1,24/10/2023,15.2
11254,9225,0,34.5,14.5,25/10/2023,20
11255,9225,0,24.1,16.5,26/10/2023,7.6
11256,9225,0,21.3,11.3,27/10/2023,10
11257,9225,0,23.9,11.8,28/10/2023,12.1
11258,9225,0,21.7,9.9,29/10/2023,11.8
11259,9225,0,22.8,11.9,30/10/2023,10.9
11260,9225,0,26.5,13,31/10/2023,13.5
11261,9225,0,28.5,11.1,1/11/2023,17.4
11262,9225,0,33.4,16.4,2/11/2023,17
11263,9225,0,34.6,16.9,3/11/2023,17.7
11264,9225,0,36,20.5,4/11/2023,15.5
11265,9225,0,26.1,17.6,5/11/2023,8.5
11266,9225,0,25.2,19.3,6/11/2023,5.9
11267,9225,0,25.3,17.8,7/11/2023,7.5
11268,9225,0,29.7,14.8,8/11/2023,14.9
11269,9225,0,24.6,18.1,9/11/2023,6.5
11270,9225,0,23.9,13.8,10/11/2023,10.1
11271,9225,0,27.7,14.4,11/11/2023,13.3
11272,9225,1.2,25.6,13.9,12/11/2023,11.7
11273,9225,1.4,26,16.5,13/11/2023,9.5
11274,9225,0.8,28,16.8,14/11/2023,11.2
11275,9225,0,29.3,18.4,15/11/2023,10.9
11276,9225,0,29,14.7,16/11/2023,14.3
11277,9225,0,30.4,14.3,17/11/2023,16.1
11278,9225,0,31.9,15.1,18/11/2023,16.8
11279,9225,0,33.1,13.7,19/11/2023,19.4
11280,9225,0,33.4,17.6,20/11/2023,15.8
11281,9225,0,36.8,17.4,21/11/2023,19.4
11282,9225,0,37.3,22.2,22/11/2023,15.1
11283,9225,0,39,23.6,23/11/2023,15.4
11284,9225,0,30.4,19.4,24/11/2023,11
11285,9225,0,35.9,18.5,25/11/2023,17.4
11286,9225,0,36.6,20.4,26/11/2023,16.2
11287,9225,0.4,26.1,19.7,27/11/2023,6.4
11288,9225,0,,18.2,28/11/2023,-18.2
11289,9225,1.4,26.2,15.6,29/11/2023,10.6
11290,9225,0,28.9,17.4,30/11/2023,11.5
11291,9225,0,35.3,18.6,1/12/2023,16.7
11292,9225,0,26.3,20,2/12/2023,6.3
11293,9225,0,26.2,18.3,3/12/2023,7.9
11294,9225,0,26.5,18.4,4/12/2023,8.1
11295,9225,0,28.3,16.8,5/12/2023,11.5
11296,9225,0,30.2,15,6/12/2023,15.2
11297,9225,0,25.3,17.6,7/12/2023,7.7
11298,9225,0,24.7,15.2,8/12/2023,9.5
11299,9225,0,28.3,14.1,9/12/2023,14.2
11300,9225,0,31,14.4,10/12/2023,16.6
11301,9225,0,32.9,15.3,11/12/2023,17.6
11302,9225,0,34.6,17.2,12/12/2023,17.4
11303,9225,0,30.4,17.3,13/12/2023,13.1
11304,9225,0,29.1,17.2,14/12/2023,11.9
11305,9225,0,32.1,15.5,15/12/2023,16.6
11306,9225,0,36.3,17.8,16/12/2023,18.5
11307,9225,0,31.5,21.5,17/12/2023,10
11308,9225,0,31.2,16.7,18/12/2023,14.5
11309,9225,0,32.2,16.2,19/12/2023,16
11310,9225,0,37.1,19.2,20/12/2023,17.9
11311,9225,0,37.3,22,21/12/2023,15.3
11312,9225,0,30,20,22/12/2023,10
11313,9225,0,34,17.8,23/12/2023,16.2
11314,9225,0,34.4,16.8,24/12/2023,17.6
11315,9225,0,36.6,18.8,25/12/2023,17.8
11316,9225,0,26.5,20.9,26/12/2023,5.6
11317,9225,0,25.8,17.1,27/12/2023,8.7
11318,9225,0,29.9,18,28/12/2023,11.9
11319,9225,0,32.3,17.3,29/12/2023,15
11320,9225,0,35.2,18.2,30/12/2023,17
11321,9225,0,30.4,21,31/12/2023,9.4
11322,9225,0,27.9,17.3,1/01/2024,10.6
11323,9225,0,28.4,17.9,2/01/2024,10.5
11324,9225,0,31.6,19.1,3/01/2024,12.5
11325,9225,0,31.1,16.2,4/01/2024,14.9
11326,9225,0,30.9,16.2,5/01/2024,14.7
11327,9225,0,33.4,17.7,6/01/2024,15.7
11328,9225,0,36,18.1,7/01/2024,17.9
11329,9225,0,36.5,20.1,8/01/2024,16.4
11330,9225,0,30.6,18.1,9/01/2024,12.5
11331,9225,0,30.6,17.3,10/01/2024,13.3
11332,9225,0,31.8,19,11/01/2024,12.8
11333,9225,0,37,19.3,12/01/2024,17.7
11334,9225,1.8,40.7,23.2,13/01/2024,17.5
11335,9225,0,36.6,23.3,14/01/2024,13.3
11336,9225,0,34.4,22.3,15/01/2024,12.1
11337,9225,0,38.3,21.7,16/01/2024,16.6
11338,9225,0,31.2,23.4,17/01/2024,7.8
11339,9225,0,26.8,21.2,18/01/2024,5.6
11340,9225,0,27.6,21.4,19/01/2024,6.2
11341,9225,0,34,17.8,20/01/2024,16.2
11342,9225,0,30.3,19,21/01/2024,11.3
11343,9225,0,28,15.9,22/01/2024,12.1
11344,9225,0,27.7,16.6,23/01/2024,11.1
11345,9225,0,28.2,17.5,24/01/2024,10.7
11346,9225,0,28.5,17.4,25/01/2024,11.1
11347,9225,0,29.8,16.3,26/01/2024,13.5
11348,9225,0,34,17,27/01/2024,17
11349,9225,0,27.1,17.1,28/01/2024,10
11350,9225,0,28.1,17.1,29/01/2024,11
11351,9225,0,36,18,30/01/2024,18
11352,9225,0,41.9,19.2,31/01/2024,22.7
11353,9225,0,42.6,21.7,1/02/2024,20.9
11354,9225,0,40.4,20.5,2/02/2024,19.9
11355,9225,0,32.5,22.7,3/02/2024,9.8
11356,9225,0.2,25.5,15.9,4/02/2024,9.6
11357,9225,0,28.1,15.1,5/02/2024,13
11358,9225,0,32.3,16.4,6/02/2024,15.9
11359,9225,0,36.1,17.4,7/02/2024,18.7
11360,9225,0,39.9,17.4,8/02/2024,22.5
11361,9225,0,42,19.9,9/02/2024,22.1
11362,9225,0,42.3,20.5,10/02/2024,21.8
11363,9225,0,37.5,18.7,11/02/2024,18.8
11364,9225,0,34.1,19,12/02/2024,15.1
11365,9225,0,34.4,16.5,13/02/2024,17.9
11366,9225,0,36.5,17.3,14/02/2024,19.2
11367,9225,0,41.7,22.4,15/02/2024,19.3
11368,9225,0,27.5,21.2,16/02/2024,6.3
11369,9225,0,37.4,17.2,17/02/2024,20.2
11370,9225,0,42.9,23.4,18/02/2024,19.5
11371,9225,0,42.3,27.5,19/02/2024,14.8
11372,9225,0,38.1,20.8,20/02/2024,17.3
11373,9225,0,28.2,19.2,21/02/2024,9
11374,9225,0,32.2,17.4,22/02/2024,14.8
11375,9225,0,37.7,17.9,23/02/2024,19.8
11376,9225,1.2,25.4,21.6,24/02/2024,3.8
11377,9225,0.2,24.1,20,25/02/2024,4.1
11378,9225,3.4,32.3,20.6,26/02/2024,11.7
11379,9225,0,26.5,17.4,27/02/2024,9.1
11380,9225,0,30.3,17.3,28/02/2024,13
11381,9225,0,33.5,15.9,29/02/2024,17.6
11382,9225,0,33.8,19.5,1/03/2024,14.3
11383,9225,0,31,20,2/03/2024,11
11384,9225,0,34.6,23.7,3/03/2024,10.9
11385,9225,0,27,21.1,4/03/2024,5.9
11386,9225,0,32.3,18.3,5/03/2024,14
11387,9225,0,32.9,18.1,6/03/2024,14.8
11388,9225,0,36,21.8,7/03/2024,14.2
11389,9225,0.4,27.6,23,8/03/2024,4.6
11390,9225,1.2,26.1,14.1,9/03/2024,12
11391,9225,0,28,15.5,10/03/2024,12.5
11392,9225,0,31.3,16.6,11/03/2024,14.7
11393,9225,0,30.7,18.7,12/03/2024,12
11394,9225,0,31.5,20.4,13/03/2024,11.1
11395,9225,0,29.4,20.5,14/03/2024,8.9
11396,9225,0,32.2,21,15/03/2024,11.2
11397,9225,0,33.5,21.2,16/03/2024,12.3
11398,9225,0,28.9,16.2,17/03/2024,12.7
11399,9225,0,27.7,17.6,18/03/2024,10.1
11400,9225,0,26.7,14.7,19/03/2024,12
11401,9225,0,29.1,14.3,20/03/2024,14.8
11402,9225,0,30,15.7,21/03/2024,14.3
11403,9225,0,28.7,16.9,22/03/2024,11.8
11404,9225,0,27.9,16,23/03/2024,11.9
11405,9225,0,28.7,15.6,24/03/2024,13.1
11406,9225,0,29.3,11.4,25/03/2024,17.9
11407,9225,0,31.7,10.8,26/03/2024,20.9
11408,9225,0,34.3,12.2,27/03/2024,22.1
11409,9225,0,28.8,12.5,28/03/2024,16.3
11410,9225,0,26.9,12.5,29/03/2024,14.4
11411,9225,0,28.5,16.6,30/03/2024,11.9
11412,9225,0,29.8,16.5,31/03/2024,13.3
11413,9225,0,27.6,15,1/04/2024,12.6
11414,9225,0,29.5,14.3,2/04/2024,15.2
11415,9225,0,29.8,14.2,3/04/2024,15.6
11416,9225,0,30.6,16.2,4/04/2024,14.4
11417,9225,0,33.6,16.1,5/04/2024,17.5
11418,9225,0,34.5,15.9,6/04/2024,18.6
11419,9225,0,36.5,16.8,7/04/2024,19.7
11420,9225,0,29.2,17.1,8/04/2024,12.1
11421,9225,0,27.4,14.6,9/04/2024,12.8
11422,9225,0,28.1,15.4,10/04/2024,12.7
11423,9225,0,28.5,16,11/04/2024,12.5
11424,9225,0,26.4,15.7,12/04/2024,10.7
11425,9225,1.2,26.7,15,13/04/2024,11.7
11426,9225,0,26.6,10.7,14/04/2024,15.9
11427,9225,0,28.8,13.3,15/04/2024,15.5
11428,9225,0,30.8,15.4,16/04/2024,15.4
11429,9225,0,32.6,18.3,17/04/2024,14.3
11430,9225,0,33.2,17.7,18/04/2024,15.5
11431,9225,0,30,13.3,19/04/2024,16.7
11432,9225,0,31,11.7,20/04/2024,19.3
11433,9225,0,31.1,9.9,21/04/2024,21.2
11434,9225,0,23.3,14.7,22/04/2024,8.6
11435,9225,0,22.4,11.6,23/04/2024,10.8
11436,9225,0,23.5,13.8,24/04/2024,9.7
11437,9225,0,22.8,13.6,25/04/2024,9.2
11438,9225,0,27.4,13.7,26/04/2024,13.7
11439,9225,0,23.6,11.1,27/04/2024,12.5
11440,9225,0,25.7,10.7,28/04/2024,15
11441,9225,0,25.8,13.7,29/04/2024,12.1
11442,9225,0,20,16.9,30/04/2024,3.1
11443,9225,8.4,24.9,14.8,1/05/2024,10.1
11444,9225,2.2,25.9,18.3,2/05/2024,7.6
11445,9225,1.4,21.6,18.2,3/05/2024,3.4
11446,9225,0,22.2,10.3,4/05/2024,11.9
11447,9225,0,21,8.4,5/05/2024,12.6
11448,9225,0,22.1,9,6/05/2024,13.1
11449,9225,0,26.8,9.4,7/05/2024,17.4
11450,9225,0,26.8,12.6,8/05/2024,14.2
11451,9225,0,27.5,18.1,9/05/2024,9.4
11452,9225,0,27.7,17.1,10/05/2024,10.6
11453,9225,0,25.8,16.5,11/05/2024,9.3
11454,9225,0,27.1,13.8,12/05/2024,13.3
11455,9225,0,28.8,16.4,13/05/2024,12.4
11456,9225,0,29.4,17.4,14/05/2024,12
11457,9225,0,28.1,9.7,15/05/2024,18.4
11458,9225,0,28.7,11.5,16/05/2024,17.2
11459,9225,0,28,13.9,17/05/2024,14.1
11460,9225,0,27.6,15.1,18/05/2024,12.5
11461,9225,0,26.7,14.2,19/05/2024,12.5
11462,9225,0,24.9,11.1,20/05/2024,13.8
11463,9225,0,26.7,10.9,21/05/2024,15.8
11464,9225,0,25.8,8.6,22/05/2024,17.2
11465,9225,0,26.6,6.1,23/05/2024,20.5
11466,9225,0,26.8,8.8,24/05/2024,18
11467,9225,3.8,24,15.9,25/05/2024,8.1
11468,9225,3.2,25.2,12,26/05/2024,13.2
11469,9225,2.2,21.9,12.6,27/05/2024,9.3
11470,9225,8.2,17.4,14.4,28/05/2024,3
11471,9225,26.2,15.4,10.1,29/05/2024,5.3
11472,9225,10.8,19.8,10.6,30/05/2024,9.2
11473,9225,9.6,21.6,12.8,31/05/2024,8.8
11474,9225,0,25.8,12.1,1/06/2024,13.7
11475,9225,43.2,20.3,14.7,2/06/2024,5.6
11476,9225,4.8,21.5,12.2,3/06/2024,9.3
11477,9225,0.4,21.5,13.6,4/06/2024,7.9
11478,9225,0,23.8,15.9,5/06/2024,7.9
11479,9225,0,25,11.5,6/06/2024,13.5
11480,9225,24.8,20.2,14.3,7/06/2024,5.9
11481,9225,0.2,20.4,12.5,8/06/2024,7.9
11482,9225,5,20.4,15.6,9/06/2024,4.8
11483,9225,6,20.1,15.2,10/06/2024,4.9
11484,9225,0,17.9,14.1,11/06/2024,3.8
11485,9225,1.4,20.8,14,12/06/2024,6.8
11486,9225,0,20.6,7.9,13/06/2024,12.7
11487,9225,0,21.2,8.8,14/06/2024,12.4
11488,9225,0,22.7,7.1,15/06/2024,15.6
11489,9225,0,22,9.5,16/06/2024,12.5
11490,9225,1.4,20.5,10.3,17/06/2024,10.2
11491,9225,0.2,19.1,8.9,18/06/2024,10.2
11492,9225,3.4,18.5,4.8,19/06/2024,13.7
11493,9225,0,19,3.9,20/06/2024,15.1
11494,9225,0,20.5,4.1,21/06/2024,16.4
11495,9225,3.2,19.2,10.1,22/06/2024,9.1
11496,9225,0,18.1,7.3,23/06/2024,10.8
11497,9225,0,17.8,3.7,24/06/2024,14.1
11498,9225,0,17,3.4,25/06/2024,13.6
11499,9225,0,19.4,6.4,26/06/2024,13
11500,9225,17.2,17.4,11.3,27/06/2024,6.1
11501,9225,7.4,19.9,11.9,28/06/2024,8
11502,9225,0,18.4,9.5,29/06/2024,8.9
11503,9225,0,19.3,8.1,30/06/2024,11.2
11504,9225,0,20.3,5.4,1/07/2024,14.9
11505,9225,2.8,18.1,12.6,2/07/2024,5.5
11506,9225,0,,3.5,3/07/2024,-3.5
11507,9225,0,17.9,8.7,4/07/2024,9.2
11508,9225,0,17.2,6.6,5/07/2024,10.6
11509,9225,0,16.9,6.1,6/07/2024,10.8
11510,9225,6.6,19.9,10.6,7/07/2024,9.3
11511,9225,3.4,20.7,8.9,8/07/2024,11.8
11512,9225,0.2,21.5,14.1,9/07/2024,7.4
11513,9225,28,18.1,14.2,10/07/2024,3.9
11514,9225,3,18.4,8.5,11/07/2024,9.9
11515,9225,0.2,17.6,8.5,12/07/2024,9.1
11516,9225,0,19.8,9.9,13/07/2024,9.9
11517,9225,0.2,17.7,6.8,14/07/2024,10.9
11518,9225,2,22.2,5.6,15/07/2024,16.6
11519,9225,0,22.8,7.2,16/07/2024,15.6
11520,9225,0,23.5,12.5,17/07/2024,11
11521,9225,44,16.6,12.5,18/07/2024,4.1
11522,9225,9.4,18.2,9.1,19/07/2024,9.1
11523,9225,1.6,20.1,11.2,20/07/2024,8.9
11524,9225,0.8,20.2,13.2,21/07/2024,7
11525,9225,0.4,20.6,13,22/07/2024,7.6
11526,9225,20.4,16.3,12.4,23/07/2024,3.9
11527,9225,1.6,16,4.1,24/07/2024,11.9
11528,9225,11.2,18.5,9.7,25/07/2024,8.8
11529,9225,10.6,19.3,10.6,26/07/2024,8.7
11530,9225,2.4,20.4,11.1,27/07/2024,9.3
11531,9225,1,20.4,11.7,28/07/2024,8.7
11532,9225,14.2,19.9,11,29/07/2024,8.9
11533,9225,4.6,21.4,11.4,30/07/2024,10
11534,9225,1.4,23.1,11.5,31/07/2024,11.6
11535,9225,14.4,16.9,10.8,1/08/2024,6.1
11536,9225,0.2,17.3,7.4,2/08/2024,9.9
11537,9225,0,19.3,4.8,3/08/2024,14.5
11538,9225,0,20.2,3.3,4/08/2024,16.9
11539,9225,0,20.7,5.9,5/08/2024,14.8
11540,9225,0,21.1,10.1,6/08/2024,11
11541,9225,23.6,19.8,15.2,7/08/2024,4.6
11542,9225,0.4,20.4,10.6,8/08/2024,9.8
11543,9225,1,22.4,10.7,9/08/2024,11.7
11544,9225,0.2,26.2,7.6,10/08/2024,18.6
11545,9225,4,21.5,14.7,11/08/2024,6.8
11546,9225,1.8,20.5,15.2,12/08/2024,5.3
11547,9225,1.8,20.9,9.9,13/08/2024,11
11548,9225,8.4,19.4,13.5,14/08/2024,5.9
11549,9225,8.2,18,12.7,15/08/2024,5.3
11550,9225,0.2,21.1,11.6,16/08/2024,9.5
11551,9225,0,16.4,13.1,17/08/2024,3.3
11552,9225,23.8,17.7,10.2,18/08/2024,7.5
11553,9225,2.8,17.3,12.5,19/08/2024,4.8
11554,9225,2.6,19.1,11.8,20/08/2024,7.3
11555,9225,4.2,20.4,10.7,21/08/2024,9.7
11556,9225,4.8,21.6,13.2,22/08/2024,8.4
11557,9225,7.4,20,13.5,23/08/2024,6.5
11558,9225,10.8,18.9,13.6,24/08/2024,5.3
11559,9225,2,20.6,13.7,25/08/2024,6.9
11560,9225,0,20.6,14.1,26/08/2024,6.5
11561,9225,3.4,19.8,15.8,27/08/2024,4
11562,9225,0.4,21.4,9.2,28/08/2024,12.2
11563,9225,3.8,19.3,15.4,29/08/2024,3.9
11564,9225,8,18.4,11.5,30/08/2024,6.9
11565,9225,0.2,19.4,12,31/08/2024,7.4
11566,9225,0.2,19.2,14.5,1/09/2024,4.7
11567,9225,0,25.9,7.1,2/09/2024,18.8
11568,9225,0,21.7,10.2,3/09/2024,11.5
11569,9225,2.4,20.7,14.5,4/09/2024,6.2
11570,9225,14,15.3,10.3,5/09/2024,5
11571,9225,5,18.5,8.6,6/09/2024,9.9
11572,9225,4.8,19.9,9.4,7/09/2024,10.5
11573,9225,0,20.2,10.3,8/09/2024,9.9
11574,9225,0,21.3,10.5,9/09/2024,10.8
11575,9225,0,22.2,11.4,10/09/2024,10.8
11576,9225,0,25.1,11.5,11/09/2024,13.6
11577,9225,0,26.9,12.1,12/09/2024,14.8
11578,9225,0,28.4,11.8,13/09/2024,16.6
11579,9225,0,26.2,13.7,14/09/2024,12.5
11580,9225,0,24.3,12.3,15/09/2024,12
11581,9225,0,24,12.2,16/09/2024,11.8
11582,9225,0,28.3,8.1,17/09/2024,20.2
11583,9225,0,24.1,9.2,18/09/2024,14.9
11584,9225,0,22.3,11.6,19/09/2024,10.7
11585,9225,0,21.3,9,20/09/2024,12.3
11586,9225,0,19.8,7.8,21/09/2024,12
11587,9225,0,24.6,5.8,22/09/2024,18.8
11588,9225,0,22.5,9.5,23/09/2024,13
11589,9225,0,21.7,12.2,24/09/2024,9.5
11590,9225,0,23.3,9.5,25/09/2024,13.8
11591,9225,0,28.6,10.7,26/09/2024,17.9
11592,9225,8,17.5,13.4,27/09/2024,4.1
11593,9225,4.6,18.5,6.8,28/09/2024,11.7
11594,9225,0.2,20.9,8.3,29/09/2024,12.6
11595,9225,0,24.3,7.2,30/09/2024,17.1
11596,9225,0,29.7,9.3,1/10/2024,20.4
11597,9225,15.6,18,12.1,2/10/2024,5.9
11598,9225,10,18.1,11.7,3/10/2024,6.4
11599,9225,5.4,20.5,13.2,4/10/2024,7.3
11600,9225,0.2,22.6,14.9,5/10/2024,7.7
11601,9225,0,23.5,13.9,6/10/2024,9.6
11602,9225,0,25.3,11.7,7/10/2024,13.6
11603,9225,0,21.8,11.4,8/10/2024,10.4
11604,9225,0.6,23.9,14.4,9/10/2024,9.5
11605,9225,0,28,12.3,10/10/2024,15.7
11606,9225,0,31.4,17.6,11/10/2024,13.8
11607,9225,0,22.2,18,12/10/2024,4.2
11608,9225,0,25.4,13.7,13/10/2024,11.7
11609,9225,0,22.5,15.5,14/10/2024,7
11610,9225,1.6,21.9,14.5,15/10/2024,7.4
11611,9225,0.2,21.9,10.3,16/10/2024,11.6
11612,9225,8.6,21.3,13,17/10/2024,8.3
11613,9225,0,22.7,15.7,18/10/2024,7
11614,9225,0,24.3,12.6,19/10/2024,11.7
11615,9225,0,22.6,12.1,20/10/2024,10.5
11616,9225,5.2,19.7,9.8,21/10/2024,9.9
11617,9225,0,21.2,9.5,22/10/2024,11.7
11618,9225,0.2,23.1,7.7,23/10/2024,15.4
11619,9225,0,29.6,10.8,24/10/2024,18.8
11620,9225,0,23.5,11.4,25/10/2024,12.1
11621,9225,0,22.5,13.1,26/10/2024,9.4
11622,9225,0,26.2,13.5,27/10/2024,12.7
11623,9225,0,31.8,14.4,28/10/2024,17.4
11624,9225,0,34.1,13.9,29/10/2024,20.2
11625,9225,0,29.9,16.3,30/10/2024,13.6
11626,9225,0,33.3,15.1,31/10/2024,18.2
11627,9225,0,29.5,14.7,1/11/2024,14.8
11628,9225,2,23,17.4,2/11/2024,5.6
11629,9225,0.8,22.4,13.1,3/11/2024,9.3
11630,9225,0,21.9,12.2,4/11/2024,9.7
11631,9225,1,22.2,14.7,5/11/2024,7.5
11632,9225,0,20.8,15.6,6/11/2024,5.2
11633,9225,0.2,21.6,10.7,7/11/2024,10.9
11634,9225,1.2,23.4,13.7,8/11/2024,9.7
11635,9225,0,23.2,15.7,9/11/2024,7.5
11636,9225,0,24.2,10.1,10/11/2024,14.1
11637,9225,0,25.6,11.6,11/11/2024,14
11638,9225,0,24.1,13.7,12/11/2024,10.4
11639,9225,0,31.8,12.2,13/11/2024,19.6
11640,9225,0,31,15,14/11/2024,16
11641,9225,0,24.5,17.4,15/11/2024,7.1
11642,9225,0,22.4,11.3,16/11/2024,11.1
11643,9225,0,28.2,11.8,17/11/2024,16.4
11644,9225,0,34.4,14.9,18/11/2024,19.5
11645,9225,1.4,27.8,19.9,19/11/2024,7.9
11646,9225,3.8,25.6,19,20/11/2024,6.6
11647,9225,0,23,17.3,21/11/2024,5.7
11648,9225,0,23.2,15,22/11/2024,8.2
11649,9225,0,29.4,12.5,23/11/2024,16.9
11650,9225,0,36.7,15.5,24/11/2024,21.2
11651,9225,0,23.5,16.3,25/11/2024,7.2
11652,9225,0,23.3,10.5,26/11/2024,12.8
11653,9225,0,28.2,12.8,27/11/2024,15.4
11654,9225,0,32.1,16,28/11/2024,16.1
11655,9225,0,31.6,19.3,29/11/2024,12.3
11656,9225,0,29.8,19,30/11/2024,10.8
11657,9225,0,23.9,15.5,1/12/2024,8.4
11658,9225,3.6,21.7,14.7,2/12/2024,7
11659,9225,0,23.2,17.7,3/12/2024,5.5
11660,9225,0.2,24.8,17.5,4/12/2024,7.3
11661,9225,0,25.5,13.4,5/12/2024,12.1
11662,9225,0,28.1,15.4,6/12/2024,12.7
11663,9225,0,34.9,16.4,7/12/2024,18.5
11664,9225,0,33.4,18,8/12/2024,15.4
11665,9225,0,35,20.5,9/12/2024,14.5
11666,9225,0,35.3,18.5,10/12/2024,16.8
11667,9225,0,40.4,21.7,11/12/2024,18.7
11668,9225,0,37.5,21.8,12/12/2024,15.7
11669,9225,0,30.4,22.9,13/12/2024,7.5
11670,9225,0,29,19.8,14/12/2024,9.2
11671,9225,0,25.4,18.8,15/12/2024,6.6
11672,9225,0,24.8,17.1,16/12/2024,7.7
11673,9225,0,36.5,15.6,17/12/2024,20.9
11674,9225,0,29,18.9,18/12/2024,10.1
11675,9225,0,29.5,16.7,19/12/2024,12.8
11676,9225,0,35.2,15.8,20/12/2024,19.4
11677,9225,0,38,20,21/12/2024,18
11678,9225,0,41.2,20.8,22/12/2024,20.4
11679,9225,0,43.4,25.1,23/12/2024,18.3
11680,9225,0,28.4,19.8,24/12/2024,8.6
11681,9225,0,22.9,14.9,25/12/2024,8
11682,9225,0,23.4,11.2,26/12/2024,12.2
11683,9225,0,25,13.6,27/12/2024,11.4
11684,9225,0,31.7,13.8,28/12/2024,17.9
11685,9225,0,35.1,17.2,29/12/2024,17.9
11686,9225,0,33.4,17.4,30/12/2024,16
11687,9225,0,36.5,19.6,31/12/2024,16.9
11688,9225,0,38.2,21.6,1/01/2025,16.6
11689,9225,1,32.7,20.5,2/01/2025,12.2
11690,9225,0,27.4,18.3,3/01/2025,9.1
11691,9225,0,28.5,18.3,4/01/2025,10.2
11692,9225,0,31.7,17,5/01/2025,14.7
11693,9225,0,37.2,19.1,6/01/2025,18.1
11694,9225,0,,21.3,7/01/2025,-21.3
11695,9225,,27.1,18.2,8/01/2025,8.9
11696,9225,0,29.6,14,9/01/2025,15.6
11697,9225,0,27.1,15.9,10/01/2025,11.2
11698,9225,0,30.1,17.6,11/01/2025,12.5
11699,9225,0,27.3,18.3,12/01/2025,9
11700,9225,0,28.6,20.3,13/01/2025,8.3
11701,9225,0,25.7,19,14/01/2025,6.7
11702,9225,0,28.7,15.8,15/01/2025,12.9
11703,9225,0,40.6,15.7,16/01/2025,24.9
11704,9225,0.2,26.3,23.3,17/01/2025,3
11705,9225,1.6,28.3,15.1,18/01/2025,13.2
11706,9225,0,37.9,19.9,19/01/2025,18
11707,9225,0,43.6,24.5,20/01/2025,19.1
11708,9225,0,38.3,27.2,21/01/2025,11.1
11709,9225,0,38.4,25.5,22/01/2025,12.9
11710,9225,0,39.7,26.4,23/01/2025,13.3
11711,9225,0,32.1,23,24/01/2025,9.1
11712,9225,2.4,29.9,21.7,25/01/2025,8.2
11713,9225,0.2,28.8,22,26/01/2025,6.8
11714,9225,0,31.2,17.6,27/01/2025,13.6
11715,9225,0,37.2,18.3,28/01/2025,18.9
11716,9225,0,39.9,21.7,29/01/2025,18.2
11717,9225,0,41.2,24.1,30/01/2025,17.1
11718,9225,0,31.8,20.8,31/01/2025,11
11719,9225,0,33.9,18.5,1/02/2025,15.4
11720,9225,0,32.6,19.8,2/02/2025,12.8
11721,9225,0,31.5,18.7,3/02/2025,12.8
11722,9225,0,36,18.2,4/02/2025,17.8
11723,9225,0,38.5,20.3,5/02/2025,18.2
11724,9225,0,33.5,23.4,6/02/2025,10.1
11725,9225,0,35.5,20.7,7/02/2025,14.8
11726,9225,0,36.6,21.6,8/02/2025,15
11727,9225,0,27.4,22.1,9/02/2025,5.3
11728,9225,0,28.9,19.2,10/02/2025,9.7
11729,9225,0,25.7,21.8,11/02/2025,3.9
11730,9225,0,25,14.4,12/02/2025,10.6
11731,9225,0,26.2,14,13/02/2025,12.2
11732,9225,0,32.1,16.3,14/02/2025,15.8
11733,9225,0,36.1,17.6,15/02/2025,18.5
11734,9225,0,36,17.7,16/02/2025,18.3
11735,9225,0,35.7,19.4,17/02/2025,16.3
11736,9225,0,26.5,21.2,18/02/2025,5.3
11737,9225,0,34.9,20.2,19/02/2025,14.7
11738,9225,0,28.6,19.7,20/02/2025,8.9
11739,9225,0,26.2,20.7,21/02/2025,5.5
11740,9225,0,24.3,15.6,22/02/2025,8.7
11741,9225,0,32.9,15.3,23/02/2025,17.6
11742,9225,0,27.4,14.3,24/02/2025,13.1
11743,9225,0,27.3,18.1,25/02/2025,9.2
11744,9225,0,33,19.3,26/02/2025,13.7
11745,9225,0,26.6,19.4,27/02/2025,7.2
11746,9225,0,29.7,16.3,28/02/2025,13.4
11747,9225,0,30.6,16.6,1/03/2025,14
11748,9225,0,35.3,17.3,2/03/2025,18
11749,9225,0,27.1,20.4,3/03/2025,6.7
11750,9225,2.2,27.3,17.8,4/03/2025,9.5
11751,9225,0,33.2,16.1,5/03/2025,17.1
11752,9225,0,40.3,20.9,6/03/2025,19.4
11753,9225,0,28.4,20.2,7/03/2025,8.2
11754,9225,0,26.9,19.5,8/03/2025,7.4
11755,9225,0,26,15.1,9/03/2025,10.9
11756,9225,0,29.6,16.6,10/03/2025,13
11757,9225,0,33.4,18.6,11/03/2025,14.8
11758,9225,0,25.9,19,12/03/2025,6.9
11759,9225,0,28.8,18.6,13/03/2025,10.2
11760,9225,13.4,26.1,18.4,14/03/2025,7.7
11761,9225,0,26.6,17.7,15/03/2025,8.9
11762,9225,0,29.4,17.2,16/03/2025,12.2
11763,9225,0,31.5,16.4,17/03/2025,15.1
11764,9225,0,32.1,13.3,18/03/2025,18.8
11765,9225,0,26.3,19.2,19/03/2025,7.1
11766,9225,0,27.7,14.5,20/03/2025,13.2
11767,9225,0,32.2,10.9,21/03/2025,21.3
11768,9225,0,34.7,14.8,22/03/2025,19.9
11769,9225,0,33.3,15.7,23/03/2025,17.6
11770,9225,0,40.1,20.2,24/03/2025,19.9
11771,9225,0,36.7,16.8,25/03/2025,19.9
11772,9225,0,38.2,19.6,26/03/2025,18.6
11773,9225,0,37.5,19.5,27/03/2025,18
11774,9225,0,36.5,17.4,28/03/2025,19.1
11775,9225,0,37.8,20.6,29/03/2025,17.2
11776,9225,3.4,29.2,20.6,30/03/2025,8.6
11777,9225,0,33.3,18.9,31/03/2025,14.4
11778,9225,0,32,16.9,1/04/2025,15.1
11779,9225,0,30,19.4,2/04/2025,10.6
11780,9225,0,30,17.7,3/04/2025,12.3
11781,9225,0,23.4,19.6,4/04/2025,3.8
11782,9225,0.8,27.7,18.1,5/04/2025,9.6
11783,9225,0,30.5,18.2,6/04/2025,12.3
11784,9225,0,28.2,15.8,7/04/2025,12.4
11785,9225,0,27.4,17.1,8/04/2025,10.3
11786,9225,0,25.6,18.4,9/04/2025,7.2
11787,9225,0,28.8,15,10/04/2025,13.8
11788,9225,0,34.2,17.4,11/04/2025,16.8
11789,9225,1.4,27.4,18.8,12/04/2025,8.6
11790,9225,0.2,28.3,18.3,13/04/2025,10
11791,9225,4,25,16.2,14/04/2025,8.8
11792,9225,0,25.9,13.1,15/04/2025,12.8
11793,9225,0,27.5,12.5,16/04/2025,15
11794,9225,0,26.1,16.9,17/04/2025,9.2
11795,9225,0,22,11.1,18/04/2025,10.9
11796,9225,0,22.3,8.9,19/04/2025,13.4
11797,9225,0,24.4,10.8,20/04/2025,13.6
11798,9225,0,28.2,14.5,21/04/2025,13.7
11799,9225,0,32.7,20.2,22/04/2025,12.5
11800,9225,0.6,27,19,23/04/2025,8
11801,9225,2.2,21.4,14.1,24/04/2025,7.3
11802,9225,0,22.6,7.2,25/04/2025,15.4
11803,9225,0,22.6,8.4,26/04/2025,14.2
11804,9225,0,23.4,7.3,27/04/2025,16.1
11805,9225,0,24.5,11.3,28/04/2025,13.2
11806,9225,0,25.5,9.7,29/04/2025,15.8
11807,9225,0,28.5,12.3,30/04/2025,16.2
11808,9225,0,31.6,12.2,1/05/2025,19.4
11809,9225,0,27.7,16.7,2/05/2025,11
11810,9225,6.6,21.8,19.1,3/05/2025,2.7
11811,9225,0,21.7,13.2,4/05/2025,8.5
11812,9225,1.2,22.6,13.8,5/05/2025,8.8
11813,9225,0,24,9.8,6/05/2025,14.2
11814,9225,0,25.4,9,7/05/2025,16.4
11815,9225,0,31.1,13.7,8/05/2025,17.4
11816,9225,0,33.8,12.3,9/05/2025,21.5
11817,9225,0,25.9,14.3,10/05/2025,11.6
11818,9225,0,26.2,15.7,11/05/2025,10.5
11819,9225,0,24.4,14.7,12/05/2025,9.7
11820,9225,0,24.8,14.3,13/05/2025,10.5
11821,9225,0,25.5,13.3,14/05/2025,12.2
11822,9225,0,26.3,11.8,15/05/2025,14.5
11823,9225,0,27.1,9.7,16/05/2025,17.4
11824,9225,0,26.8,9.5,17/05/2025,17.3
11825,9225,0,26.7,7.3,18/05/2025,19.4
11826,9225,0,24.7,7.5,19/05/2025,17.2
11827,9225,0,21.6,6,20/05/2025,15.6
11828,9225,0,25.1,8.3,21/05/2025,16.8
11829,9225,0,23.7,7.2,22/05/2025,16.5
11830,9225,11.4,16.2,11.6,23/05/2025,4.6
11831,9225,0.6,17.2,4.7,24/05/2025,12.5
11832,9225,17.4,18.7,11.1,25/05/2025,7.6
11833,9225,3,18.2,4.2,26/05/2025,14
11834,9225,0,20.9,6,27/05/2025,14.9
11835,9225,0,24.3,5.6,28/05/2025,18.7
11836,9225,1.2,23.7,14.6,29/05/2025,9.1
11837,9225,16.6,23.8,15.1,30/05/2025,8.7
11838,9225,4.4,22.8,14.2,31/05/2025,8.6
11839,9225,0,23.1,12.6,1/06/2025,10.5
11840,9225,0,23.7,13.9,2/06/2025,9.8
11841,9225,14.4,22.9,14.6,3/06/2025,8.3
11842,9225,33.2,21.7,15.1,4/06/2025,6.6
11843,9225,14.2,20,15.1,5/06/2025,4.9
11844,9225,0,19.9,7.8,6/06/2025,12.1
11845,9225,0,20.8,5.6,7/06/2025,15.2
11846,9225,0,23.5,7,8/06/2025,16.5
11847,9225,0,23.5,5.2,9/06/2025,18.3
11848,9225,0,21.1,8.7,10/06/2025,12.4
11849,9225,3.8,19,8,11/06/2025,11
11850,9225,0,19,11.2,12/06/2025,7.8
11851,9225,0.2,21,11.4,13/06/2025,9.6
11852,9225,0.2,19.4,4.6,14/06/2025,14.8
11853,9225,,22.2,10.8,15/06/2025,11.4
11854,9225,,21.8,10.2,16/06/2025,11.6
11855,9225,0,,11.7,17/06/2025,-11.7
11856,9225,25,20.2,13.8,18/06/2025,6.4
11857,9225,9.8,21.6,14.4,19/06/2025,7.2
11858,9225,0.2,20.6,15.1,20/06/2025,5.5
11859,9225,,16.1,9.4,21/06/2025,6.7
11860,9225,,17.6,10.5,22/06/2025,7.1
11861,9225,,17.3,10.3,23/06/2025,7
11862,9225,0,18.6,5.3,24/06/2025,13.3
11863,9225,,19.7,4.2,25/06/2025,15.5
11864,9225,,21.5,3.7,26/06/2025,17.8
11865,9225,,21.8,4.2,27/06/2025,17.6
11866,9225,,20.9,4.8,28/06/2025,16.1
11867,9225,,19.6,10,29/06/2025,9.6
11868,9225,,19.1,13.1,30/06/2025,6
11869,9225,,20.4,11.4,1/07/2025,9
11870,9225,,22.3,11,2/07/2025,11.3
11871,9225,,20.1,12.9,3/07/2025,7.2
11872,9225,0.8,18.4,7,4/07/2025,11.4
11873,9225,0,18.4,6.8,5/07/2025,11.6
11874,9225,0,22.2,10.8,6/07/2025,11.4
11875,9225,13.8,16.6,13.5,7/07/2025,3.1
11876,9225,3.6,15.2,7.5,8/07/2025,7.7
11877,9225,3.6,16.6,3.2,9/07/2025,13.4
11878,9225,0.2,19,3.9,10/07/2025,15.1
11879,9225,0.2,21.5,2.2,11/07/2025,19.3
11880,9225,7.2,19.5,10.9,12/07/2025,8.6
11881,9225,1,17.4,5.7,13/07/2025,11.7
11882,9225,9.6,17.2,9.8,14/07/2025,7.4
11883,9225,0.2,19,6.4,15/07/2025,12.6
11884,9225,7.8,17.5,10.3,16/07/2025,7.2
11885,9225,0,19.2,4.2,17/07/2025,15
11886,9225,0,18.8,9,18/07/2025,9.8
11887,9225,5.2,18,6.6,19/07/2025,11.4
11888,9225,0.6,19.1,9.7,20/07/2025,9.4
11889,9225,24,15.2,3.2,21/07/2025,12
11890,9225,2.2,16.6,8.3,22/07/2025,8.3
11891,9225,16.8,18.8,10.7,23/07/2025,8.1
11892,9225,26.2,14,6.8,24/07/2025,7.2
11893,9225,0,16,0.3,25/07/2025,15.7
11894,9225,0,16.8,1.5,26/07/2025,15.3
11895,9225,10.2,15.2,4.7,27/07/2025,10.5
11896,9225,41,13.9,6.6,28/07/2025,7.3
11897,9225,0.2,16.4,4.8,29/07/2025,11.6
11898,9225,0,17.8,4.8,30/07/2025,13
11899,9225,0,19.8,3.3,31/07/2025,16.5
11900,9225,0,21.6,5.5,1/08/2025,16.1
11901,9225,1.6,16.5,12.7,2/08/2025,3.8
11902,9225,31,14.6,10.1,3/08/2025,4.5
11903,9225,16,17.4,7.6,4/08/2025,9.8
11904,9225,2,18,9.4,5/08/2025,8.6
11905,9225,1,20.2,8.8,6/08/2025,11.4
11906,9225,0,21,4.8,7/08/2025,16.2
11907,9225,0,21.9,12.6,8/08/2025,9.3
11908,9225,19.2,18.4,13.1,9/08/2025,5.3
11909,9225,17.4,17.8,11.1,10/08/2025,6.7
11910,9225,0.6,19.5,8.1,11/08/2025,11.4
11911,9225,0,24.1,5.3,12/08/2025,18.8
11912,9225,0,26.1,9.7,13/08/2025,16.4
11913,9225,21.2,17.1,12.2,14/08/2025,4.9
11914,9225,0.6,17.6,2.6,15/08/2025,15
11915,9225,0.2,19.5,2.7,16/08/2025,16.8
11916,9225,0,20.1,7.4,17/08/2025,12.7
11917,9225,0,22.4,10.3,18/08/2025,12.1
11918,9225,0,19.5,15.3,19/08/2025,4.2
11919,9225,20,20.2,13.5,20/08/2025,6.7
11920,9225,8.4,18.7,9,21/08/2025,9.7
11921,9225,2.8,20.1,8.7,22/08/2025,11.4
11922,9225,0,22.9,6.7,23/08/2025,16.2
11923,9225,7.6,17.6,11.4,24/08/2025,6.2
11924,9225,20.2,11.4,8.2,25/08/2025,3.2
11925,9225,21.4,16,7.1,26/08/2025,8.9
11926,9225,0,16.5,6.3,27/08/2025,10.2
11927,9225,12.6,17.7,5.1,28/08/2025,12.6
11928,9225,0,19.5,5,29/08/2025,14.5
11929,9225,0,20,5.4,30/08/2025,14.6
11930,9225,0,21.7,4.8,31/08/2025,16.9
11931,9225,0,20.5,4.3,1/09/2025,16.2
11932,9225,0,21,8.5,2/09/2025,12.5
11933,9225,0.2,21.3,7.2,3/09/2025,14.1
11934,9225,0,19.6,8,4/09/2025,11.6
11935,9225,0.2,17.6,11.4,5/09/2025,6.2
11936,9225,32.8,16.5,10.2,6/09/2025,6.3
11937,9225,12,18,8.9,7/09/2025,9.1
11938,9225,10.6,15.2,6.5,8/09/2025,8.7
11939,9225,0,17.2,3.9,9/09/2025,13.3
11940,9225,0.2,20.1,4,10/09/2025,16.1
11941,9225,0,22.8,6.2,11/09/2025,16.6
11942,9225,0,26.5,8,12/09/2025,18.5
11943,9225,1.2,23,15.2,13/09/2025,7.8
11944,9225,11.8,17.9,14.6,14/09/2025,3.3
11945,9225,8.8,16.5,11.3,15/09/2025,5.2
11946,9225,1.4,18.7,6,16/09/2025,12.7
11947,9225,1.4,20.2,10.9,17/09/2025,9.3
11948,9225,13.2,18.5,9.6,18/09/2025,8.9
11949,9225,2,20.2,12,19/09/2025,8.2
11950,9225,0.2,22.9,8.6,20/09/2025,14.3
11951,9225,0.2,27.1,9.9,21/09/2025,17.2
11952,9225,0,27.4,13.1,22/09/2025,14.3
11953,9225,0,28.5,11,23/09/2025,17.5
11954,9225,0,30.1,9.4,24/09/2025,20.7
11955,9225,0,28.1,8,25/09/2025,20.1
11956,9225,0,22.5,14.6,26/09/2025,7.9
11957,9225,0,21,10.2,27/09/2025,10.8
11958,9225,0.2,19.9,12.4,28/09/2025,7.5
11959,9225,2,20.7,13.1,29/09/2025,7.6
11960,9225,0.2,20.7,8.6,30/09/2025,12.1
11961,9225,0,21.9,10.8,1/10/2025,11.1
11962,9225,0,27.4,7.8,2/10/2025,19.6
11963,9225,0,22.8,9,3/10/2025,13.8
11964,9225,4.4,23.3,14.7,4/10/2025,8.6
11965,9225,15.4,17.2,12.4,5/10/2025,4.8
11966,9225,0,19.7,7.7,6/10/2025,12
11967,9225,0,18.9,9.1,7/10/2025,9.8
11968,9225,0.2,19.6,9.5,8/10/2025,10.1
11969,9225,0,19.7,9.3,9/10/2025,10.4
11970,9225,0,20.8,12.5,10/10/2025,8.3
11971,9225,0,21.1,7.2,11/10/2025,13.9
11972,9225,0,24.6,9,12/10/2025,15.6
11973,9225,0,25.4,10.6,13/10/2025,14.8
11974,9225,0,24.2,10.7,14/10/2025,13.5
11975,9225,0,22.2,14.5,15/10/2025,7.7
11976,9225,0,24.2,11.8,16/10/2025,12.4
11977,9225,0,30.3,12.2,17/10/2025,18.1
11978,9225,0.2,22.6,17.4,18/10/2025,5.2
11979,9225,0,21.6,12.3,19/10/2025,9.3
11980,9225,4.2,17.7,10,20/10/2025,7.7
11981,9225,16.6,20.9,10.2,21/10/2025,10.7
11982,9225,0.2,23.1,10.1,22/10/2025,13
11983,9225,0,20.6,12.4,23/10/2025,8.2
11984,9225,0.8,20.9,12.6,24/10/2025,8.3
11985,9225,4.8,21.3,11.2,25/10/2025,10.1
11986,9225,1.2,22.7,10.2,26/10/2025,12.5
11987,9225,0,26.8,12.1,27/10/2025,14.7
11988,9225,0,34.8,13.5,28/10/2025,21.3
11989,9225,4.2,21.9,15.8,29/10/2025,6.1
11990,9225,0.8,22.9,12.6,30/10/2025,10.3
11991,9225,1.6,23.7,12.5,31/10/2025,11.2
11992,9225,4.4,20.6,15.7,1/11/2025,4.9
11993,9225,0,24.3,7.6,2/11/2025,16.7
11994,9225,0,30.1,12.9,3/11/2025,17.2
11995,9225,0,26.4,19.1,4/11/2025,7.3
11996,9225,7.2,24.9,14.7,5/11/2025,10.2
11997,9225,0,22.8,16.7,6/11/2025,6.1
11998,9225,0,25.5,12.8,7/11/2025,12.7
11999,9225,0,27.7,13.5,8/11/2025,14.2
12000,9225,0,29.8,14.5,9/11/2025,15.3
12001,9225,0,30.8,14.9,10/11/2025,15.9
12002,9225,0,33.9,16.5,11/11/2025,17.4
12003,9225,0,30.6,14.7,12/11/2025,15.9
12004,9225,0,24.1,14.6,13/11/2025,9.5
12005,9225,0,24.1,13.3,14/11/2025,10.8
12006,9225,0,23.4,10.8,15/11/2025,12.6
12007,9225,0,27.7,13.7,16/11/2025,14
12008,9225,0,34.5,14.7,17/11/2025,19.8
12009,9225,0,30.4,18.9,18/11/2025,11.5
12010,9225,0,30.1,18,19/11/2025,12.1
12011,9225,0.4,31,17.8,20/11/2025,13.2
12012,9225,0,30.3,17.1,21/11/2025,13.2
12013,9225,0,25,18.7,22/11/2025,6.3
12014,9225,0.6,21.8,15.9,23/11/2025,5.9
12015,9225,3,21.8,15.2,24/11/2025,6.6
12016,9225,0,22.7,15.7,25/11/2025,7
12017,9225,1.2,24.3,13.9,26/11/2025,10.4
12018,9225,0,22.6,11.7,27/11/2025,10.9
12019,9225,0,23.3,11.5,28/11/2025,11.8
12020,9225,0,26.5,13.7,29/11/2025,12.8
12021,9225,0,35,16.3,30/11/2025,18.7
12022,9225,0,39,16.4,1/12/2025,22.6
12023,9225,0,33.2,16.8,2/12/2025,16.4
12024,9225,0,25.6,16.7,3/12/2025,8.9
12025,9225,0,25.6,14.6,4/12/2025,11
12026,9225,0,24.1,15.5,5/12/2025,8.6
12027,9225,0,28,14.9,6/12/2025,13.1
12028,9225,0,27.7,15,7/12/2025,12.7
12029,9225,0,28.3,16.7,8/12/2025,11.6
12030,9225,0,,16.7,9/12/2025,-16.7
12031,9225,0,34.5,16.8,10/12/2025,17.7
12032,9225,0,32.4,18.2,11/12/2025,14.2
12033,9225,0,35.7,19.4,12/12/2025,16.3
12034,9225,0,36.9,18.2,13/12/2025,18.7
12035,9225,0,40.1,22.3,14/12/2025,17.8
12036,9225,15.2,33.9,22.3,15/12/2025,11.6
12037,9225,0,30.7,21.3,16/12/2025,9.4
12038,9225,0,24.6,20.2,17/12/2025,4.4
12039,9225,0,31.1,16.1,18/12/2025,15
12040,9225,0,30.6,17.1,19/12/2025,13.5
12041,9225,0,25.9,15.8,20/12/2025,10.1
12042,9225,0,25.6,13.8,21/12/2025,11.8
12043,9225,0,29.7,16.1,22/12/2025,13.6
12044,9225,0,35,17,23/12/2025,18
12045,9225,0,38.2,18.2,24/12/2025,20
12046,9225,0,42.1,24.2,25/12/2025,17.9
12047,9225,0,25.4,21.4,26/12/2025,4
12048,9225,0.6,23.5,11.7,27/12/2025,11.8
12049,9225,0,27.3,15.4,28/12/2025,11.9
12050,9225,0,30.5,17,29/12/2025,13.5
12051,9225,0,31.5,16.5,30/12/2025,15
12052,9225,0,33.4,17.1,31/12/2025,16.3
12053,9225,0,37.3,17.1,1/01/2026,20.2
12054,9225,0,37.2,22.2,2/01/2026,15
12055,9225,0,32.7,22.3,3/01/2026,10.4
12056,9225,0,32.5,20.2,4/01/2026,12.3
12057,9225,0,31.3,19.5,5/01/2026,11.8
12058,9225,0,29.5,19.5,6/01/2026,10
12059,9225,0,29.3,18.3,7/01/2026,11
12060,9225,0,26.3,16.4,8/01/2026,9.9
12061,9225,0,27.6,16.4,9/01/2026,11.2
12062,9225,0,30.1,16.2,10/01/2026,13.9
12063,9225,0,34.1,16.1,11/01/2026,18
12064,9225,0.4,31.8,20.5,12/01/2026,11.3
12065,9225,0,28,16.5,13/01/2026,11.5
12066,9225,0,32.5,17.6,14/01/2026,14.9
12067,9225,0,35.7,17.9,15/01/2026,17.8
12068,9225,0,32.4,21.5,16/01/2026,10.9
12069,9225,0,26.2,19.8,17/01/2026,6.4
12070,9225,0,26.7,14.7,18/01/2026,12
12071,9225,0,34.8,16.2,19/01/2026,18.6
12072,9225,0,39.2,19.3,20/01/2026,19.9
12073,9225,0,40.7,20.4,21/01/2026,20.3
12074,9225,0,32.9,22.3,22/01/2026,10.6
12075,9225,0,25.2,18.8,23/01/2026,6.4
12076,9225,0,27,16.3,24/01/2026,10.7
12077,9225,0,26.5,16.4,25/01/2026,10.1
12078,9225,1.2,23.6,17.2,26/01/2026,6.4
12079,9225,0.2,25.3,13.6,27/01/2026,11.7
12080,9225,0,30.3,16,28/01/2026,14.3
12081,9225,0,34.1,18.4,29/01/2026,15.7
12082,9225,0,34.7,18.7,30/01/2026,16
12083,9225,0,35.7,20.8,31/01/2026,14.9
12084,9225,0,37.7,19.3,1/02/2026,18.4
12085,9225,0,41.9,24.8,2/02/2026,17.1
12086,9225,0,30.3,20.9,3/02/2026,9.4
12087,9225,0,31.9,17.1,4/02/2026,14.8
12088,9225,0,33.5,16.1,5/02/2026,17.4
12089,9225,0,34.5,17.7,6/02/2026,16.8
12090,9225,0,35.5,18.4,7/02/2026,17.1
12091,9225,0,35.6,19.7,8/02/2026,15.9
12092,9225,0,32.4,22.1,9/02/2026,10.3
12093,9225,2.2,28.3,21.9,10/02/2026,6.4
12094,9225,0,29.9,18.3,11/02/2026,11.6
12095,9225,0,28.9,15.7,12/02/2026,13.2
12096,9225,0,31.3,16,13/02/2026,15.3
12097,9225,0,35.6,17.3,14/02/2026,18.3
12098,9225,0,25.9,19.8,15/02/2026,6.1
12099,9225,0,25.6,15.7,16/02/2026,9.9
12100,9225,0,27.1,14.7,17/02/2026,12.4
12101,9225,0,34.1,14.7,18/02/2026,19.4
12102,9225,0,38.5,16.9,19/02/2026,21.6
12103,9225,0,32.7,18.5,20/02/2026,14.2
12104,9225,0,26,17.3,21/02/2026,8.7
12105,9225,0,29.1,14.8,22/02/2026,14.3
12106,9225,0,30.7,15.2,23/02/2026,15.5
12107,9225,0,35.8,17.7,24/02/2026,18.1
12108,9225,0,38.9,22.2,25/02/2026,16.7
12109,9225,2.4,28.4,21,26/02/2026,7.4
12110,9225,1.2,34.9,17.8,27/02/2026,17.1
12111,9225,0,26.4,18.2,28/02/2026,8.2
12112,9225,0,26.3,11.8,1/03/2026,14.5
12113,9225,0,29.3,11.9,2/03/2026,17.4
12114,9225,0,33.4,16,3/03/2026,17.4
12115,9225,0,36.6,20.8,4/03/2026,15.8
12116,9225,0,36.7,20.6,5/03/2026,16.1
12117,9225,0,37.1,21.2,6/03/2026,15.9
12118,9225,0,40.3,21.1,7/03/2026,19.2
12119,9225,0,33.5,22.7,8/03/2026,10.8
12120,9225,0,30.6,21.7,9/03/2026,8.9
12121,9225,0,25.2,18.4,10/03/2026,6.8
12122,9225,0,25.9,14.1,11/03/2026,11.8
12123,9225,0,26.7,14.9,12/03/2026,11.8
12124,9225,0,26.7,17.7,13/03/2026,9
12125,9225,0,27.5,17.1,14/03/2026,10.4
12126,9225,0,30.2,17.6,15/03/2026,12.6
12127,9225,0,32,19.5,16/03/2026,12.5
12128,9225,0,34.8,19,17/03/2026,15.8
12129,9225,0,37.9,21.3,18/03/2026,16.6
12130,9225,0,38.1,18.8,19/03/2026,19.3
12131,9225,0,34.4,20.5,20/03/2026,13.9
12132,9225,0,31,18,21/03/2026,13
12133,9225,0,29.4,19.8,22/03/2026,9.6
12134,9225,0,,18.7,23/03/2026,-18.7
